part,folder,name,n_front_poly,auto
Surface_1,Surface_001,MP_SEL_SUR_000004.jpg,1,linear
Surface_1,Surface_001,MP_SEL_SUR_000033.jpg,1,dot
Surface_1,Surface_001,MP_SEL_SUR_000039.jpg,1,dot
Surface_1,Surface_001,MP_SEL_SUR_000051.jpg,1,linear
Surface_1,Surface_001,MP_SEL_SUR_000056.jpg,1,linear
Surface_1,Surface_001,MP_SEL_SUR_000059.jpg,1,dot
Surface_1,Surface_001,MP_SEL_SUR_000065.jpg,1,linear
Surface_1,Surface_001,MP_SEL_SUR_000069.jpg,1,dot
Surface_1,Surface_001,MP_SEL_SUR_000073.jpg,1,dot
Surface_1,Surface_001,MP_SEL_SUR_000084.jpg,1,dot
Surface_1,Surface_001,MP_SEL_SUR_000085.jpg,1,dot
Surface_1,Surface_001,MP_SEL_SUR_000090.jpg,1,dot
Surface_1,Surface_002,MP_SEL_SUR_000153.jpg,1,dot
Surface_1,Surface_002,MP_SEL_SUR_000161.jpg,1,dot
Surface_1,Surface_002,MP_SEL_SUR_000174.jpg,1,linear
Surface_1,Surface_002,MP_SEL_SUR_000177.jpg,1,linear
Surface_1,Surface_002,MP_SEL_SUR_000209.jpg,1,dot
Surface_1,Surface_003,MP_SEL_SUR_000277.jpg,1,dot
Surface_1,Surface_003,MP_SEL_SUR_000282.jpg,1,dot
Surface_1,Surface_003,MP_SEL_SUR_000283.jpg,1,linear
Surface_1,Surface_003,MP_SEL_SUR_000325.jpg,1,dot
Surface_1,Surface_003,MP_SEL_SUR_000327.jpg,1,linear
Surface_1,Surface_003,MP_SEL_SUR_000335.jpg,1,linear
Surface_1,Surface_004,MP_SEL_SUR_000385.jpg,1,linear
Surface_1,Surface_004,MP_SEL_SUR_000386.jpg,1,dot
Surface_1,Surface_004,MP_SEL_SUR_000400.jpg,1,linear
Surface_1,Surface_004,MP_SEL_SUR_000418.jpg,3,dot
Surface_1,Surface_004,MP_SEL_SUR_000421.jpg,1,linear
Surface_1,Surface_004,MP_SEL_SUR_000439.jpg,1,dot
Surface_1,Surface_004,MP_SEL_SUR_000453.jpg,1,dot
Surface_1,Surface_004,MP_SEL_SUR_000465.jpg,1,dot
Surface_1,Surface_004,MP_SEL_SUR_000477.jpg,1,linear
Surface_1,Surface_005,MP_SEL_SUR_000488.jpg,2,both
Surface_1,Surface_005,MP_SEL_SUR_000490.jpg,1,linear
Surface_1,Surface_005,MP_SEL_SUR_000499.jpg,1,linear
Surface_1,Surface_005,MP_SEL_SUR_000518.jpg,1,linear
Surface_1,Surface_005,MP_SEL_SUR_000519.jpg,1,dot
Surface_1,Surface_005,MP_SEL_SUR_000531.jpg,1,dot
Surface_1,Surface_005,MP_SEL_SUR_000561.jpg,1,dot
Surface_1,Surface_005,MP_SEL_SUR_000569.jpg,1,dot
Surface_1,Surface_005,MP_SEL_SUR_000573.jpg,1,linear
Surface_1,Surface_005,MP_SEL_SUR_000590.jpg,2,dot
Surface_1,Surface_006,MP_SEL_SUR_000617.jpg,1,dot
Surface_1,Surface_006,MP_SEL_SUR_000635.jpg,1,dot
Surface_1,Surface_006,MP_SEL_SUR_000652.jpg,1,dot
Surface_1,Surface_006,MP_SEL_SUR_000654.jpg,1,dot
Surface_1,Surface_006,MP_SEL_SUR_000659.jpg,1,linear
Surface_1,Surface_006,MP_SEL_SUR_000664.jpg,1,linear
Surface_1,Surface_006,MP_SEL_SUR_000699.jpg,1,dot
Surface_1,Surface_007,MP_SEL_SUR_000726.jpg,1,dot
Surface_1,Surface_007,MP_SEL_SUR_000752.jpg,1,dot
Surface_1,Surface_007,MP_SEL_SUR_000779.jpg,2,both
Surface_1,Surface_007,MP_SEL_SUR_000782.jpg,1,linear
Surface_1,Surface_007,MP_SEL_SUR_000787.jpg,1,dot
Surface_1,Surface_007,MP_SEL_SUR_000795.jpg,1,dot
Surface_1,Surface_007,MP_SEL_SUR_000804.jpg,1,dot
Surface_1,Surface_007,MP_SEL_SUR_000833.jpg,1,linear
Surface_1,Surface_008,MP_SEL_SUR_000895.jpg,1,dot
Surface_1,Surface_008,MP_SEL_SUR_000921.jpg,1,dot
Surface_1,Surface_008,MP_SEL_SUR_000937.jpg,1,linear
Surface_1,Surface_008,MP_SEL_SUR_000948.jpg,1,dot
Surface_1,Surface_009,MP_SEL_SUR_000961.jpg,1,linear
Surface_1,Surface_009,MP_SEL_SUR_000971.jpg,1,linear
Surface_1,Surface_009,MP_SEL_SUR_000990.jpg,1,linear
Surface_1,Surface_009,MP_SEL_SUR_001010.jpg,1,linear
Surface_1,Surface_009,MP_SEL_SUR_001066.jpg,1,linear
Surface_1,Surface_009,MP_SEL_SUR_001072.jpg,1,linear
Surface_1,Surface_009,MP_SEL_SUR_001074.jpg,1,linear
Surface_1,Surface_010,MP_SEL_SUR_001090.jpg,1,linear
Surface_1,Surface_010,MP_SEL_SUR_001091.jpg,1,linear
Surface_1,Surface_010,MP_SEL_SUR_001092.jpg,1,linear
Surface_1,Surface_010,MP_SEL_SUR_001093.jpg,1,dot
Surface_1,Surface_010,MP_SEL_SUR_001101.jpg,1,dot
Surface_1,Surface_010,MP_SEL_SUR_001111.jpg,0,none
Surface_1,Surface_010,MP_SEL_SUR_001120.jpg,1,linear
Surface_1,Surface_010,MP_SEL_SUR_001134.jpg,1,linear
Surface_1,Surface_010,MP_SEL_SUR_001135.jpg,1,linear
Surface_1,Surface_010,MP_SEL_SUR_001144.jpg,1,dot
Surface_1,Surface_010,MP_SEL_SUR_001147.jpg,1,dot
Surface_1,Surface_010,MP_SEL_SUR_001150.jpg,1,linear
Surface_1,Surface_010,MP_SEL_SUR_001162.jpg,1,dot
Surface_1,Surface_010,MP_SEL_SUR_001178.jpg,1,dot
Surface_1,Surface_011,MP_SEL_SUR_001211.jpg,1,dot
Surface_1,Surface_011,MP_SEL_SUR_001220.jpg,1,linear
Surface_1,Surface_011,MP_SEL_SUR_001230.jpg,1,dot
Surface_1,Surface_011,MP_SEL_SUR_001241.jpg,1,linear
Surface_1,Surface_011,MP_SEL_SUR_001243.jpg,1,dot
Surface_1,Surface_011,MP_SEL_SUR_001255.jpg,1,linear
Surface_1,Surface_011,MP_SEL_SUR_001258.jpg,1,dot
Surface_1,Surface_011,MP_SEL_SUR_001268.jpg,1,linear
Surface_1,Surface_011,MP_SEL_SUR_001280.jpg,1,dot
Surface_1,Surface_011,MP_SEL_SUR_001310.jpg,1,dot
Surface_1,Surface_012,MP_SEL_SUR_001332.jpg,1,linear
Surface_1,Surface_012,MP_SEL_SUR_001343.jpg,1,dot
Surface_1,Surface_012,MP_SEL_SUR_001353.jpg,1,linear
Surface_1,Surface_012,MP_SEL_SUR_001386.jpg,1,dot
Surface_1,Surface_012,MP_SEL_SUR_001414.jpg,1,linear
Surface_1,Surface_012,MP_SEL_SUR_001426.jpg,1,dot
Surface_1,Surface_013,MP_SEL_SUR_001456.jpg,1,linear
Surface_1,Surface_013,MP_SEL_SUR_001457.jpg,1,dot
Surface_1,Surface_013,MP_SEL_SUR_001462.jpg,1,dot
Surface_1,Surface_013,MP_SEL_SUR_001494.jpg,1,linear
Surface_1,Surface_013,MP_SEL_SUR_001503.jpg,1,linear
Surface_1,Surface_013,MP_SEL_SUR_001513.jpg,1,linear
Surface_1,Surface_013,MP_SEL_SUR_001520.jpg,1,linear
Surface_1,Surface_013,MP_SEL_SUR_001558.jpg,1,dot
Surface_1,Surface_014,MP_SEL_SUR_001563.jpg,1,linear
Surface_1,Surface_014,MP_SEL_SUR_001570.jpg,1,linear
Surface_1,Surface_014,MP_SEL_SUR_001573.jpg,1,dot
Surface_1,Surface_014,MP_SEL_SUR_001599.jpg,1,linear
Surface_1,Surface_014,MP_SEL_SUR_001629.jpg,1,dot
Surface_1,Surface_014,MP_SEL_SUR_001672.jpg,1,dot
Surface_1,Surface_015,MP_SEL_SUR_001686.jpg,1,dot
Surface_1,Surface_015,MP_SEL_SUR_001714.jpg,1,linear
Surface_1,Surface_015,MP_SEL_SUR_001739.jpg,1,linear
Surface_1,Surface_015,MP_SEL_SUR_001753.jpg,1,dot
Surface_1,Surface_015,MP_SEL_SUR_001754.jpg,1,linear
Surface_1,Surface_015,MP_SEL_SUR_001772.jpg,1,dot
Surface_1,Surface_015,MP_SEL_SUR_001794.jpg,1,dot
Surface_1,Surface_015,MP_SEL_SUR_001796.jpg,1,linear
Surface_1,Surface_015,MP_SEL_SUR_001801.jpg,1,dot
Surface_1,Surface_016,MP_SEL_SUR_001818.jpg,1,dot
Surface_1,Surface_016,MP_SEL_SUR_001831.jpg,1,linear
Surface_1,Surface_016,MP_SEL_SUR_001846.jpg,1,linear
Surface_1,Surface_016,MP_SEL_SUR_001896.jpg,1,linear
Surface_1,Surface_016,MP_SEL_SUR_001897.jpg,1,linear
Surface_1,Surface_016,MP_SEL_SUR_001907.jpg,1,dot
Surface_1,Surface_016,MP_SEL_SUR_001908.jpg,1,dot
Surface_1,Surface_016,MP_SEL_SUR_001910.jpg,1,linear
Surface_1,Surface_017,MP_SEL_SUR_001931.jpg,1,linear
Surface_1,Surface_017,MP_SEL_SUR_001934.jpg,1,dot
Surface_1,Surface_017,MP_SEL_SUR_001956.jpg,1,dot
Surface_1,Surface_017,MP_SEL_SUR_001958.jpg,1,dot
Surface_1,Surface_017,MP_SEL_SUR_001959.jpg,1,linear
Surface_1,Surface_017,MP_SEL_SUR_001992.jpg,1,linear
Surface_1,Surface_017,MP_SEL_SUR_002016.jpg,1,dot
Surface_1,Surface_017,MP_SEL_SUR_002042.jpg,1,dot
Surface_1,Surface_018,MP_SEL_SUR_002073.jpg,1,linear
Surface_1,Surface_018,MP_SEL_SUR_002074.jpg,1,dot
Surface_1,Surface_018,MP_SEL_SUR_002091.jpg,1,linear
Surface_1,Surface_018,MP_SEL_SUR_002099.jpg,1,dot
Surface_1,Surface_018,MP_SEL_SUR_002110.jpg,1,dot
Surface_1,Surface_018,MP_SEL_SUR_002130.jpg,1,linear
Surface_1,Surface_018,MP_SEL_SUR_002145.jpg,1,dot
Surface_1,Surface_018,MP_SEL_SUR_002155.jpg,1,linear
Surface_1,Surface_019,MP_SEL_SUR_002176.jpg,1,linear
Surface_1,Surface_019,MP_SEL_SUR_002190.jpg,1,dot
Surface_1,Surface_019,MP_SEL_SUR_002197.jpg,2,dot
Surface_1,Surface_019,MP_SEL_SUR_002212.jpg,1,dot
Surface_1,Surface_019,MP_SEL_SUR_002217.jpg,1,dot
Surface_1,Surface_019,MP_SEL_SUR_002224.jpg,1,dot
Surface_1,Surface_019,MP_SEL_SUR_002246.jpg,1,dot
Surface_1,Surface_019,MP_SEL_SUR_002257.jpg,1,linear
Surface_1,Surface_019,MP_SEL_SUR_002262.jpg,1,dot
Surface_1,Surface_019,MP_SEL_SUR_002266.jpg,1,linear
Surface_1,Surface_019,MP_SEL_SUR_002267.jpg,1,dot
Surface_1,Surface_019,MP_SEL_SUR_002270.jpg,1,dot
Surface_1,Surface_020,MP_SEL_SUR_002286.jpg,1,dot
Surface_1,Surface_020,MP_SEL_SUR_002310.jpg,1,dot
Surface_1,Surface_020,MP_SEL_SUR_002314.jpg,1,linear
Surface_1,Surface_020,MP_SEL_SUR_002318.jpg,1,linear
Surface_1,Surface_020,MP_SEL_SUR_002321.jpg,1,linear
Surface_1,Surface_020,MP_SEL_SUR_002326.jpg,1,dot
Surface_1,Surface_020,MP_SEL_SUR_002327.jpg,1,linear
Surface_1,Surface_020,MP_SEL_SUR_002344.jpg,1,dot
Surface_1,Surface_020,MP_SEL_SUR_002349.jpg,1,dot
Surface_1,Surface_020,MP_SEL_SUR_002373.jpg,1,dot
Surface_1,Surface_020,MP_SEL_SUR_002376.jpg,1,linear
Surface_1,Surface_021,MP_SEL_SUR_002405.jpg,1,linear
Surface_1,Surface_021,MP_SEL_SUR_002408.jpg,1,dot
Surface_1,Surface_021,MP_SEL_SUR_002430.jpg,1,linear
Surface_1,Surface_021,MP_SEL_SUR_002440.jpg,1,linear
Surface_1,Surface_021,MP_SEL_SUR_002463.jpg,1,dot
Surface_1,Surface_021,MP_SEL_SUR_002482.jpg,1,dot
Surface_1,Surface_021,MP_SEL_SUR_002491.jpg,3,both
Surface_1,Surface_021,MP_SEL_SUR_002518.jpg,1,dot
Surface_1,Surface_021,MP_SEL_SUR_002522.jpg,1,dot
Surface_1,Surface_022,MP_SEL_SUR_002531.jpg,1,dot
Surface_1,Surface_022,MP_SEL_SUR_002555.jpg,1,dot
Surface_1,Surface_022,MP_SEL_SUR_002568.jpg,1,dot
Surface_1,Surface_022,MP_SEL_SUR_002602.jpg,2,dot
Surface_1,Surface_022,MP_SEL_SUR_002603.jpg,1,dot
Surface_1,Surface_022,MP_SEL_SUR_002605.jpg,1,dot
Surface_1,Surface_022,MP_SEL_SUR_002623.jpg,1,linear
Surface_1,Surface_022,MP_SEL_SUR_002629.jpg,1,dot
Surface_1,Surface_022,MP_SEL_SUR_002637.jpg,1,dot
Surface_1,Surface_022,MP_SEL_SUR_002638.jpg,1,dot
Surface_1,Surface_023,MP_SEL_SUR_002651.jpg,1,dot
Surface_1,Surface_023,MP_SEL_SUR_002662.jpg,1,linear
Surface_1,Surface_023,MP_SEL_SUR_002666.jpg,1,linear
Surface_1,Surface_023,MP_SEL_SUR_002692.jpg,1,linear
Surface_1,Surface_023,MP_SEL_SUR_002728.jpg,1,linear
Surface_1,Surface_024,MP_SEL_SUR_002782.jpg,1,linear
Surface_1,Surface_024,MP_SEL_SUR_002785.jpg,1,linear
Surface_1,Surface_024,MP_SEL_SUR_002794.jpg,1,linear
Surface_1,Surface_024,MP_SEL_SUR_002814.jpg,1,dot
Surface_1,Surface_024,MP_SEL_SUR_002816.jpg,1,linear
Surface_1,Surface_024,MP_SEL_SUR_002818.jpg,1,dot
Surface_1,Surface_024,MP_SEL_SUR_002835.jpg,1,linear
Surface_1,Surface_024,MP_SEL_SUR_002839.jpg,1,dot
Surface_1,Surface_024,MP_SEL_SUR_002845.jpg,1,dot
Surface_1,Surface_024,MP_SEL_SUR_002846.jpg,1,linear
Surface_1,Surface_024,MP_SEL_SUR_002851.jpg,1,dot
Surface_1,Surface_024,MP_SEL_SUR_002865.jpg,1,dot
Surface_1,Surface_024,MP_SEL_SUR_002866.jpg,1,dot
Surface_1,Surface_025,MP_SEL_SUR_002897.jpg,1,dot
Surface_1,Surface_025,MP_SEL_SUR_002900.jpg,1,linear
Surface_1,Surface_025,MP_SEL_SUR_002909.jpg,1,linear
Surface_1,Surface_025,MP_SEL_SUR_002912.jpg,1,dot
Surface_1,Surface_025,MP_SEL_SUR_002917.jpg,1,dot
Surface_1,Surface_025,MP_SEL_SUR_002919.jpg,1,linear
Surface_1,Surface_025,MP_SEL_SUR_002923.jpg,1,linear
Surface_1,Surface_025,MP_SEL_SUR_002937.jpg,1,linear
Surface_1,Surface_025,MP_SEL_SUR_002942.jpg,1,linear
Surface_1,Surface_025,MP_SEL_SUR_002948.jpg,1,dot
Surface_1,Surface_025,MP_SEL_SUR_002964.jpg,1,dot
Surface_1,Surface_025,MP_SEL_SUR_002972.jpg,1,linear
Surface_1,Surface_026,MP_SEL_SUR_003008.jpg,1,dot
Surface_1,Surface_026,MP_SEL_SUR_003011.jpg,1,dot
Surface_1,Surface_026,MP_SEL_SUR_003028.jpg,1,dot
Surface_1,Surface_026,MP_SEL_SUR_003055.jpg,1,dot
Surface_1,Surface_026,MP_SEL_SUR_003060.jpg,1,dot
Surface_1,Surface_027,MP_SEL_SUR_003104.jpg,1,dot
Surface_1,Surface_027,MP_SEL_SUR_003115.jpg,1,linear
Surface_1,Surface_027,MP_SEL_SUR_003120.jpg,1,dot
Surface_1,Surface_027,MP_SEL_SUR_003134.jpg,1,dot
Surface_1,Surface_027,MP_SEL_SUR_003135.jpg,1,dot
Surface_1,Surface_027,MP_SEL_SUR_003143.jpg,1,dot
Surface_1,Surface_028,MP_SEL_SUR_003169.jpg,1,linear
Surface_1,Surface_028,MP_SEL_SUR_003175.jpg,1,dot
Surface_1,Surface_028,MP_SEL_SUR_003190.jpg,1,linear
Surface_1,Surface_028,MP_SEL_SUR_003206.jpg,1,dot
Surface_1,Surface_028,MP_SEL_SUR_003217.jpg,1,linear
Surface_1,Surface_028,MP_SEL_SUR_003227.jpg,1,linear
Surface_1,Surface_028,MP_SEL_SUR_003233.jpg,1,linear
Surface_1,Surface_028,MP_SEL_SUR_003235.jpg,1,dot
Surface_1,Surface_029,MP_SEL_SUR_003270.jpg,1,linear
Surface_1,Surface_029,MP_SEL_SUR_003275.jpg,1,dot
Surface_1,Surface_029,MP_SEL_SUR_003277.jpg,1,linear
Surface_1,Surface_029,MP_SEL_SUR_003283.jpg,1,linear
Surface_1,Surface_029,MP_SEL_SUR_003286.jpg,1,linear
Surface_1,Surface_029,MP_SEL_SUR_003300.jpg,1,dot
Surface_1,Surface_029,MP_SEL_SUR_003314.jpg,1,dot
Surface_1,Surface_030,MP_SEL_SUR_003324.jpg,1,linear
Surface_1,Surface_030,MP_SEL_SUR_003341.jpg,1,dot
Surface_1,Surface_030,MP_SEL_SUR_003352.jpg,1,linear
Surface_1,Surface_030,MP_SEL_SUR_003392.jpg,1,dot
Surface_1,Surface_030,MP_SEL_SUR_003402.jpg,1,linear
Surface_1,Surface_031,MP_SEL_SUR_003405.jpg,1,linear
Surface_1,Surface_031,MP_SEL_SUR_003429.jpg,1,linear
Surface_1,Surface_031,MP_SEL_SUR_003434.jpg,1,dot
Surface_1,Surface_031,MP_SEL_SUR_003453.jpg,1,linear
Surface_1,Surface_032,MP_SEL_SUR_003496.jpg,1,dot
Surface_1,Surface_032,MP_SEL_SUR_003506.jpg,1,linear
Surface_1,Surface_032,MP_SEL_SUR_003518.jpg,1,dot
Surface_1,Surface_032,MP_SEL_SUR_003536.jpg,1,dot
Surface_1,Surface_033,MP_SEL_SUR_003607.jpg,1,linear
Surface_1,Surface_033,MP_SEL_SUR_003624.jpg,1,linear
Surface_1,Surface_033,MP_SEL_SUR_003635.jpg,1,linear
Surface_1,Surface_033,MP_SEL_SUR_003636.jpg,1,dot
Surface_1,Surface_034,MP_SEL_SUR_003677.jpg,1,dot
Surface_1,Surface_034,MP_SEL_SUR_003691.jpg,1,dot
Surface_1,Surface_034,MP_SEL_SUR_003717.jpg,1,dot
Surface_1,Surface_035,MP_SEL_SUR_003732.jpg,1,dot
Surface_1,Surface_035,MP_SEL_SUR_003754.jpg,1,dot
Surface_1,Surface_035,MP_SEL_SUR_003755.jpg,1,linear
Surface_1,Surface_035,MP_SEL_SUR_003762.jpg,1,dot
Surface_1,Surface_035,MP_SEL_SUR_003782.jpg,1,dot
Surface_1,Surface_035,MP_SEL_SUR_003789.jpg,1,dot
Surface_1,Surface_035,MP_SEL_SUR_003800.jpg,1,dot
Surface_1,Surface_036,MP_SEL_SUR_003811.jpg,1,dot
Surface_1,Surface_036,MP_SEL_SUR_003819.jpg,1,linear
Surface_1,Surface_036,MP_SEL_SUR_003834.jpg,1,linear
Surface_1,Surface_036,MP_SEL_SUR_003848.jpg,1,dot
Surface_1,Surface_036,MP_SEL_SUR_003877.jpg,1,linear
Surface_1,Surface_037,MP_SEL_SUR_003905.jpg,1,dot
Surface_1,Surface_037,MP_SEL_SUR_003918.jpg,1,dot
Surface_1,Surface_037,MP_SEL_SUR_003926.jpg,1,dot
Surface_1,Surface_037,MP_SEL_SUR_003928.jpg,1,dot
Surface_1,Surface_037,MP_SEL_SUR_003933.jpg,1,dot
Surface_1,Surface_037,MP_SEL_SUR_003944.jpg,1,linear
Surface_1,Surface_037,MP_SEL_SUR_003950.jpg,1,linear
Surface_1,Surface_037,MP_SEL_SUR_003953.jpg,1,dot
Surface_1,Surface_037,MP_SEL_SUR_003964.jpg,1,dot
Surface_1,Surface_038,MP_SEL_SUR_003979.jpg,1,linear
Surface_1,Surface_038,MP_SEL_SUR_003984.jpg,1,linear
Surface_1,Surface_038,MP_SEL_SUR_003995.jpg,1,dot
Surface_1,Surface_038,MP_SEL_SUR_004000.jpg,3,dot
Surface_1,Surface_038,MP_SEL_SUR_004004.jpg,1,dot
Surface_1,Surface_038,MP_SEL_SUR_004017.jpg,1,linear
Surface_1,Surface_038,MP_SEL_SUR_004036.jpg,1,linear
Surface_1,Surface_039,MP_SEL_SUR_004078.jpg,1,dot
Surface_1,Surface_039,MP_SEL_SUR_004082.jpg,1,dot
Surface_1,Surface_039,MP_SEL_SUR_004096.jpg,1,dot
Surface_1,Surface_039,MP_SEL_SUR_004098.jpg,1,linear
Surface_1,Surface_039,MP_SEL_SUR_004108.jpg,1,linear
Surface_1,Surface_039,MP_SEL_SUR_004121.jpg,1,dot
Surface_1,Surface_039,MP_SEL_SUR_004122.jpg,1,linear
Surface_1,Surface_040,MP_SEL_SUR_004136.jpg,1,linear
Surface_1,Surface_040,MP_SEL_SUR_004139.jpg,1,dot
Surface_1,Surface_040,MP_SEL_SUR_004146.jpg,1,dot
Surface_1,Surface_040,MP_SEL_SUR_004150.jpg,1,linear
Surface_1,Surface_040,MP_SEL_SUR_004163.jpg,1,linear
Surface_1,Surface_040,MP_SEL_SUR_004204.jpg,1,linear
Surface_1,Surface_041,MP_SEL_SUR_004211.jpg,1,dot
Surface_1,Surface_041,MP_SEL_SUR_004223.jpg,1,dot
Surface_1,Surface_041,MP_SEL_SUR_004224.jpg,1,dot
Surface_1,Surface_041,MP_SEL_SUR_004259.jpg,1,dot
Surface_1,Surface_041,MP_SEL_SUR_004262.jpg,1,dot
Surface_1,Surface_042,MP_SEL_SUR_004316.jpg,1,dot
Surface_1,Surface_042,MP_SEL_SUR_004333.jpg,1,linear
Surface_1,Surface_042,MP_SEL_SUR_004338.jpg,1,dot
Surface_1,Surface_042,MP_SEL_SUR_004339.jpg,1,linear
Surface_1,Surface_042,MP_SEL_SUR_004351.jpg,1,dot
Surface_1,Surface_042,MP_SEL_SUR_004355.jpg,1,linear
Surface_1,Surface_043,MP_SEL_SUR_004371.jpg,1,linear
Surface_1,Surface_043,MP_SEL_SUR_004407.jpg,1,dot
Surface_1,Surface_043,MP_SEL_SUR_004409.jpg,1,linear
Surface_1,Surface_043,MP_SEL_SUR_004418.jpg,1,dot
Surface_1,Surface_043,MP_SEL_SUR_004431.jpg,1,linear
Surface_1,Surface_043,MP_SEL_SUR_004443.jpg,2,dot
Surface_1,Surface_044,MP_SEL_SUR_004452.jpg,1,dot
Surface_1,Surface_044,MP_SEL_SUR_004470.jpg,1,dot
Surface_1,Surface_044,MP_SEL_SUR_004475.jpg,1,linear
Surface_1,Surface_044,MP_SEL_SUR_004476.jpg,1,linear
Surface_1,Surface_044,MP_SEL_SUR_004481.jpg,1,linear
Surface_1,Surface_044,MP_SEL_SUR_004488.jpg,1,dot
Surface_1,Surface_044,MP_SEL_SUR_004506.jpg,1,linear
Surface_1,Surface_044,MP_SEL_SUR_004524.jpg,1,dot
Surface_1,Surface_045,MP_SEL_SUR_004535.jpg,1,linear
Surface_1,Surface_045,MP_SEL_SUR_004540.jpg,1,linear
Surface_1,Surface_045,MP_SEL_SUR_004541.jpg,1,dot
Surface_1,Surface_045,MP_SEL_SUR_004542.jpg,1,dot
Surface_1,Surface_045,MP_SEL_SUR_004558.jpg,1,dot
Surface_1,Surface_045,MP_SEL_SUR_004559.jpg,1,dot
Surface_1,Surface_045,MP_SEL_SUR_004566.jpg,1,dot
Surface_1,Surface_045,MP_SEL_SUR_004571.jpg,1,linear
Surface_1,Surface_045,MP_SEL_SUR_004572.jpg,1,linear
Surface_1,Surface_045,MP_SEL_SUR_004577.jpg,1,linear
Surface_1,Surface_045,MP_SEL_SUR_004584.jpg,1,dot
Surface_1,Surface_045,MP_SEL_SUR_004586.jpg,1,dot
Surface_1,Surface_045,MP_SEL_SUR_004597.jpg,1,dot
Surface_1,Surface_046,MP_SEL_SUR_004619.jpg,1,dot
Surface_1,Surface_046,MP_SEL_SUR_004653.jpg,1,linear
Surface_1,Surface_046,MP_SEL_SUR_004668.jpg,1,dot
Surface_1,Surface_046,MP_SEL_SUR_004673.jpg,1,linear
Surface_1,Surface_046,MP_SEL_SUR_004675.jpg,1,dot
Surface_1,Surface_046,MP_SEL_SUR_004678.jpg,1,dot
Surface_1,Surface_047,MP_SEL_SUR_004690.jpg,1,linear
Surface_1,Surface_047,MP_SEL_SUR_004750.jpg,1,linear
Surface_1,Surface_047,MP_SEL_SUR_004752.jpg,1,linear
Surface_1,Surface_047,MP_SEL_SUR_004766.jpg,1,linear
Surface_1,Surface_047,MP_SEL_SUR_004768.jpg,1,dot
Surface_1,Surface_048,MP_SEL_SUR_004775.jpg,1,dot
Surface_1,Surface_048,MP_SEL_SUR_004797.jpg,1,linear
Surface_1,Surface_048,MP_SEL_SUR_004808.jpg,1,dot
Surface_1,Surface_049,MP_SEL_SUR_004891.jpg,1,dot
Surface_1,Surface_049,MP_SEL_SUR_004902.jpg,1,linear
Surface_1,Surface_049,MP_SEL_SUR_004912.jpg,1,dot
Surface_1,Surface_049,MP_SEL_SUR_004923.jpg,1,linear
Surface_1,Surface_049,MP_SEL_SUR_004927.jpg,1,dot
Surface_1,Surface_050,MP_SEL_SUR_004945.jpg,1,linear
Surface_1,Surface_050,MP_SEL_SUR_004946.jpg,1,dot
Surface_1,Surface_050,MP_SEL_SUR_004951.jpg,1,linear
Surface_1,Surface_050,MP_SEL_SUR_004969.jpg,1,linear
Surface_1,Surface_050,MP_SEL_SUR_004973.jpg,1,dot
Surface_1,Surface_050,MP_SEL_SUR_004990.jpg,1,dot
Surface_1,Surface_050,MP_SEL_SUR_005000.jpg,1,dot
Surface_1,Surface_051,MP_SEL_SUR_005025.jpg,1,linear
Surface_1,Surface_051,MP_SEL_SUR_005033.jpg,1,linear
Surface_1,Surface_051,MP_SEL_SUR_005052.jpg,1,dot
Surface_1,Surface_051,MP_SEL_SUR_005058.jpg,1,linear
Surface_1,Surface_052,MP_SEL_SUR_005118.jpg,1,dot
Surface_1,Surface_052,MP_SEL_SUR_005128.jpg,1,dot
Surface_1,Surface_052,MP_SEL_SUR_005134.jpg,1,linear
Surface_1,Surface_052,MP_SEL_SUR_005153.jpg,1,dot
Surface_1,Surface_052,MP_SEL_SUR_005158.jpg,1,dot
Surface_1,Surface_052,MP_SEL_SUR_005163.jpg,1,dot
Surface_1,Surface_053,MP_SEL_SUR_005198.jpg,1,linear
Surface_1,Surface_053,MP_SEL_SUR_005217.jpg,2,dot
Surface_1,Surface_053,MP_SEL_SUR_005222.jpg,1,dot
Surface_1,Surface_053,MP_SEL_SUR_005225.jpg,1,dot
Surface_1,Surface_053,MP_SEL_SUR_005227.jpg,1,dot
Surface_1,Surface_053,MP_SEL_SUR_005240.jpg,1,dot
Surface_1,Surface_054,MP_SEL_SUR_005263.jpg,1,dot
Surface_1,Surface_054,MP_SEL_SUR_005265.jpg,1,dot
Surface_1,Surface_054,MP_SEL_SUR_005266.jpg,1,dot
Surface_1,Surface_054,MP_SEL_SUR_005278.jpg,1,linear
Surface_1,Surface_054,MP_SEL_SUR_005281.jpg,1,dot
Surface_1,Surface_054,MP_SEL_SUR_005290.jpg,1,linear
Surface_1,Surface_055,MP_SEL_SUR_005309.jpg,1,linear
Surface_1,Surface_055,MP_SEL_SUR_005315.jpg,1,linear
Surface_1,Surface_055,MP_SEL_SUR_005319.jpg,1,dot
Surface_1,Surface_055,MP_SEL_SUR_005322.jpg,1,dot
Surface_1,Surface_055,MP_SEL_SUR_005324.jpg,1,dot
Surface_1,Surface_055,MP_SEL_SUR_005325.jpg,1,linear
Surface_1,Surface_055,MP_SEL_SUR_005326.jpg,1,linear
Surface_1,Surface_055,MP_SEL_SUR_005342.jpg,1,dot
Surface_1,Surface_056,MP_SEL_SUR_005367.jpg,1,dot
Surface_1,Surface_056,MP_SEL_SUR_005390.jpg,1,dot
Surface_1,Surface_056,MP_SEL_SUR_005392.jpg,1,dot
Surface_1,Surface_056,MP_SEL_SUR_005393.jpg,1,dot
Surface_1,Surface_056,MP_SEL_SUR_005395.jpg,1,dot
Surface_1,Surface_057,MP_SEL_SUR_005403.jpg,1,dot
Surface_1,Surface_057,MP_SEL_SUR_005419.jpg,1,dot
Surface_1,Surface_057,MP_SEL_SUR_005421.jpg,1,dot
Surface_1,Surface_058,MP_SEL_SUR_005487.jpg,1,dot
Surface_1,Surface_058,MP_SEL_SUR_005495.jpg,1,dot
Surface_1,Surface_058,MP_SEL_SUR_005498.jpg,1,dot
Surface_1,Surface_059,MP_SEL_SUR_005510.jpg,1,linear
Surface_1,Surface_059,MP_SEL_SUR_005522.jpg,1,linear
Surface_1,Surface_059,MP_SEL_SUR_005524.jpg,1,linear
Surface_1,Surface_059,MP_SEL_SUR_005545.jpg,1,dot
Surface_1,Surface_060,MP_SEL_SUR_005573.jpg,1,linear
Surface_1,Surface_060,MP_SEL_SUR_005579.jpg,1,linear
Surface_1,Surface_060,MP_SEL_SUR_005580.jpg,1,dot
Surface_1,Surface_060,MP_SEL_SUR_005581.jpg,1,linear
Surface_1,Surface_060,MP_SEL_SUR_005591.jpg,1,dot
Surface_1,Surface_061,MP_SEL_SUR_005610.jpg,1,dot
Surface_1,Surface_061,MP_SEL_SUR_005618.jpg,1,dot
Surface_1,Surface_062,MP_SEL_SUR_005660.jpg,1,linear
Surface_1,Surface_062,MP_SEL_SUR_005662.jpg,1,dot
Surface_1,Surface_062,MP_SEL_SUR_005677.jpg,1,dot
Surface_1,Surface_062,MP_SEL_SUR_005699.jpg,2,dot
Surface_1,Surface_063,MP_SEL_SUR_005712.jpg,1,linear
Surface_1,Surface_063,MP_SEL_SUR_005724.jpg,1,dot
Surface_1,Surface_063,MP_SEL_SUR_005737.jpg,1,linear
Surface_1,Surface_064,MP_SEL_SUR_005762.jpg,1,dot
Surface_1,Surface_064,MP_SEL_SUR_005774.jpg,1,dot
Surface_1,Surface_064,MP_SEL_SUR_005789.jpg,2,both
Surface_1,Surface_065,MP_SEL_SUR_005801.jpg,1,dot
Surface_1,Surface_065,MP_SEL_SUR_005815.jpg,1,dot
Surface_1,Surface_065,MP_SEL_SUR_005844.jpg,1,dot
Surface_1,Surface_065,MP_SEL_SUR_005848.jpg,1,linear
Surface_1,Surface_066,MP_SEL_SUR_005880.jpg,1,linear
Surface_1,Surface_067,MP_SEL_SUR_005909.jpg,1,dot
Surface_1,Surface_067,MP_SEL_SUR_005942.jpg,1,dot
Surface_1,Surface_068,MP_SEL_SUR_005953.jpg,1,linear
Surface_1,Surface_068,MP_SEL_SUR_005965.jpg,2,both
Surface_1,Surface_068,MP_SEL_SUR_005988.jpg,1,dot
Surface_1,Surface_069,MP_SEL_SUR_006013.jpg,1,linear
Surface_1,Surface_070,MP_SEL_SUR_006059.jpg,1,linear
Surface_1,Surface_070,MP_SEL_SUR_006069.jpg,1,dot
Surface_1,Surface_070,MP_SEL_SUR_006084.jpg,1,dot
Surface_1,Surface_071,MP_SEL_SUR_006132.jpg,1,linear
Surface_1,Surface_072,MP_SEL_SUR_006160.jpg,1,linear
Surface_1,Surface_072,MP_SEL_SUR_006164.jpg,1,linear
Surface_1,Surface_072,MP_SEL_SUR_006167.jpg,1,dot
Surface_1,Surface_072,MP_SEL_SUR_006173.jpg,1,linear
Surface_1,Surface_072,MP_SEL_SUR_006174.jpg,1,dot
Surface_1,Surface_073,MP_SEL_SUR_006203.jpg,1,linear
Surface_1,Surface_073,MP_SEL_SUR_006210.jpg,1,dot
Surface_1,Surface_073,MP_SEL_SUR_006250.jpg,1,dot
Surface_1,Surface_074,MP_SEL_SUR_007261.jpg,1,linear
Surface_1,Surface_074,MP_SEL_SUR_007266.jpg,1,linear
Surface_1,Surface_074,MP_SEL_SUR_007305.jpg,1,linear
Surface_1,Surface_074,MP_SEL_SUR_007307.jpg,1,linear
Surface_1,Surface_074,MP_SEL_SUR_007330.jpg,1,dot
Surface_1,Surface_074,MP_SEL_SUR_007335.jpg,1,linear
Surface_1,Surface_075,MP_SEL_SUR_007345.jpg,3,dot
Surface_1,Surface_075,MP_SEL_SUR_007356.jpg,1,linear
Surface_1,Surface_075,MP_SEL_SUR_007360.jpg,1,dot
Surface_1,Surface_075,MP_SEL_SUR_007367.jpg,1,dot
Surface_1,Surface_075,MP_SEL_SUR_007398.jpg,1,linear
Surface_1,Surface_076,MP_SEL_SUR_007428.jpg,2,dot
Surface_1,Surface_076,MP_SEL_SUR_007438.jpg,1,linear
Surface_1,Surface_076,MP_SEL_SUR_007449.jpg,1,dot
Surface_1,Surface_076,MP_SEL_SUR_007453.jpg,1,linear
Surface_1,Surface_076,MP_SEL_SUR_007455.jpg,1,linear
Surface_1,Surface_076,MP_SEL_SUR_007497.jpg,1,linear
Surface_1,Surface_077,MP_SEL_SUR_007502.jpg,1,dot
Surface_1,Surface_077,MP_SEL_SUR_007556.jpg,1,linear
Surface_1,Surface_077,MP_SEL_SUR_007561.jpg,1,dot
Surface_1,Surface_077,MP_SEL_SUR_007565.jpg,1,linear
Surface_1,Surface_077,MP_SEL_SUR_007571.jpg,1,dot
Surface_1,Surface_078,MP_SEL_SUR_007607.jpg,1,dot
Surface_1,Surface_078,MP_SEL_SUR_007626.jpg,1,dot
Surface_1,Surface_078,MP_SEL_SUR_007630.jpg,1,dot
Surface_1,Surface_078,MP_SEL_SUR_007651.jpg,2,both
Surface_1,Surface_078,MP_SEL_SUR_007657.jpg,1,linear
Surface_1,Surface_079,MP_SEL_SUR_007668.jpg,1,dot
Surface_1,Surface_079,MP_SEL_SUR_007693.jpg,1,dot
Surface_1,Surface_079,MP_SEL_SUR_007709.jpg,1,linear
Surface_1,Surface_080,MP_SEL_SUR_007748.jpg,2,dot
Surface_1,Surface_080,MP_SEL_SUR_007766.jpg,1,dot
Surface_1,Surface_080,MP_SEL_SUR_007776.jpg,1,linear
Surface_1,Surface_080,MP_SEL_SUR_007779.jpg,1,linear
Surface_1,Surface_080,MP_SEL_SUR_007786.jpg,1,dot
Surface_1,Surface_080,MP_SEL_SUR_007793.jpg,1,dot
Surface_1,Surface_080,MP_SEL_SUR_007795.jpg,1,dot
Surface_1,Surface_080,MP_SEL_SUR_007810.jpg,1,linear
Surface_1,Surface_080,MP_SEL_SUR_007816.jpg,1,dot
Surface_1,Surface_081,MP_SEL_SUR_006259.jpg,1,linear
Surface_1,Surface_081,MP_SEL_SUR_006274.jpg,1,dot
Surface_1,Surface_082,MP_SEL_SUR_006304.jpg,1,linear
Surface_1,Surface_083,MP_SEL_SUR_006375.jpg,1,dot
Surface_1,Surface_083,MP_SEL_SUR_006380.jpg,1,linear
Surface_1,Surface_084,MP_SEL_SUR_006414.jpg,1,dot
Surface_1,Surface_084,MP_SEL_SUR_006418.jpg,1,linear
Surface_1,Surface_084,MP_SEL_SUR_006421.jpg,1,dot
Surface_1,Surface_084,MP_SEL_SUR_006426.jpg,1,dot
Surface_1,Surface_084,MP_SEL_SUR_006431.jpg,1,linear
Surface_1,Surface_084,MP_SEL_SUR_006449.jpg,1,linear
Surface_1,Surface_085,MP_SEL_SUR_006463.jpg,1,linear
Surface_1,Surface_085,MP_SEL_SUR_006470.jpg,1,linear
Surface_1,Surface_085,MP_SEL_SUR_006473.jpg,1,linear
Surface_1,Surface_085,MP_SEL_SUR_006474.jpg,1,linear
Surface_1,Surface_085,MP_SEL_SUR_006475.jpg,1,linear
Surface_1,Surface_085,MP_SEL_SUR_006480.jpg,1,dot
Surface_1,Surface_085,MP_SEL_SUR_006490.jpg,1,dot
Surface_1,Surface_085,MP_SEL_SUR_006497.jpg,1,linear
Surface_1,Surface_085,MP_SEL_SUR_006498.jpg,1,dot
Surface_1,Surface_086,MP_SEL_SUR_006521.jpg,1,dot
Surface_1,Surface_086,MP_SEL_SUR_006535.jpg,1,dot
Surface_1,Surface_087,MP_SEL_SUR_006566.jpg,1,linear
Surface_1,Surface_087,MP_SEL_SUR_006574.jpg,1,dot
Surface_1,Surface_087,MP_SEL_SUR_006583.jpg,1,linear
Surface_1,Surface_087,MP_SEL_SUR_006584.jpg,1,dot
Surface_1,Surface_088,MP_SEL_SUR_006606.jpg,1,dot
Surface_1,Surface_089,MP_SEL_SUR_006684.jpg,1,linear
Surface_1,Surface_089,MP_SEL_SUR_006690.jpg,1,linear
Surface_1,Surface_090,MP_SEL_SUR_006703.jpg,1,linear
Surface_1,Surface_090,MP_SEL_SUR_006714.jpg,1,dot
Surface_1,Surface_090,MP_SEL_SUR_006737.jpg,1,dot
Surface_1,Surface_090,MP_SEL_SUR_006751.jpg,1,dot
Surface_1,Surface_091,MP_SEL_SUR_006759.jpg,1,dot
Surface_1,Surface_091,MP_SEL_SUR_006765.jpg,1,linear
Surface_1,Surface_091,MP_SEL_SUR_006768.jpg,1,linear
Surface_1,Surface_091,MP_SEL_SUR_006780.jpg,1,dot
Surface_1,Surface_091,MP_SEL_SUR_006800.jpg,1,linear
Surface_1,Surface_092,MP_SEL_SUR_006815.jpg,1,linear
Surface_1,Surface_093,MP_SEL_SUR_006854.jpg,1,dot
Surface_1,Surface_093,MP_SEL_SUR_006856.jpg,1,dot
Surface_1,Surface_093,MP_SEL_SUR_006869.jpg,1,dot
Surface_1,Surface_093,MP_SEL_SUR_006870.jpg,1,linear
Surface_1,Surface_093,MP_SEL_SUR_006878.jpg,1,dot
Surface_1,Surface_093,MP_SEL_SUR_006897.jpg,1,linear
Surface_1,Surface_094,MP_SEL_SUR_006915.jpg,1,linear
Surface_1,Surface_094,MP_SEL_SUR_006927.jpg,1,dot
Surface_1,Surface_095,MP_SEL_SUR_006953.jpg,1,dot
Surface_1,Surface_095,MP_SEL_SUR_006955.jpg,1,linear
Surface_1,Surface_095,MP_SEL_SUR_006960.jpg,1,dot
Surface_1,Surface_095,MP_SEL_SUR_006961.jpg,1,dot
Surface_1,Surface_095,MP_SEL_SUR_006994.jpg,1,dot
Surface_1,Surface_096,MP_SEL_SUR_007010.jpg,1,linear
Surface_1,Surface_096,MP_SEL_SUR_007043.jpg,1,linear
Surface_1,Surface_097,MP_SEL_SUR_007072.jpg,1,dot
Surface_1,Surface_097,MP_SEL_SUR_007078.jpg,1,dot
Surface_1,Surface_097,MP_SEL_SUR_007082.jpg,1,linear
Surface_1,Surface_097,MP_SEL_SUR_007086.jpg,1,linear
Surface_1,Surface_097,MP_SEL_SUR_007088.jpg,1,dot
Surface_1,Surface_097,MP_SEL_SUR_007096.jpg,2,dot
Surface_1,Surface_098,MP_SEL_SUR_007117.jpg,1,linear
Surface_1,Surface_098,MP_SEL_SUR_007118.jpg,1,linear
Surface_1,Surface_098,MP_SEL_SUR_007126.jpg,1,dot
Surface_1,Surface_098,MP_SEL_SUR_007131.jpg,1,linear
Surface_1,Surface_098,MP_SEL_SUR_007139.jpg,1,dot
Surface_1,Surface_098,MP_SEL_SUR_007151.jpg,1,dot
Surface_1,Surface_098,MP_SEL_SUR_007153.jpg,1,dot
Surface_1,Surface_099,MP_SEL_SUR_007159.jpg,1,linear
Surface_1,Surface_099,MP_SEL_SUR_007176.jpg,1,linear
Surface_1,Surface_099,MP_SEL_SUR_007190.jpg,1,dot
Surface_1,Surface_099,MP_SEL_SUR_007202.jpg,1,linear
Surface_1,Surface_100,MP_SEL_SUR_007228.jpg,1,dot
Surface_1,Surface_100,MP_SEL_SUR_007230.jpg,1,dot
Surface_1,Surface_100,MP_SEL_SUR_007232.jpg,1,dot
Surface_1,Surface_100,MP_SEL_SUR_007234.jpg,1,linear
Surface_1,Surface_100,MP_SEL_SUR_007235.jpg,1,dot
Surface_1,Surface_100,MP_SEL_SUR_007249.jpg,1,dot
Surface_1,Surface_101,MP_SEL_SUR_007854.jpg,1,dot
Surface_1,Surface_101,MP_SEL_SUR_007867.jpg,1,linear
Surface_1,Surface_101,MP_SEL_SUR_007869.jpg,1,dot
Surface_1,Surface_102,MP_SEL_SUR_007907.jpg,1,linear
Surface_1,Surface_102,MP_SEL_SUR_007937.jpg,1,linear
Surface_1,Surface_102,MP_SEL_SUR_007963.jpg,1,linear
Surface_1,Surface_102,MP_SEL_SUR_007983.jpg,1,dot
Surface_1,Surface_103,MP_SEL_SUR_007997.jpg,2,both
Surface_1,Surface_103,MP_SEL_SUR_008036.jpg,2,dot
Surface_1,Surface_104,MP_SEL_SUR_008085.jpg,1,dot
Surface_1,Surface_104,MP_SEL_SUR_008087.jpg,1,linear
Surface_1,Surface_104,MP_SEL_SUR_008089.jpg,1,dot
Surface_1,Surface_104,MP_SEL_SUR_008091.jpg,1,linear
Surface_1,Surface_104,MP_SEL_SUR_008108.jpg,1,linear
Surface_1,Surface_104,MP_SEL_SUR_008114.jpg,1,dot
Surface_1,Surface_104,MP_SEL_SUR_008127.jpg,1,dot
Surface_1,Surface_105,MP_SEL_SUR_008145.jpg,1,linear
Surface_1,Surface_105,MP_SEL_SUR_008151.jpg,0,none
Surface_1,Surface_105,MP_SEL_SUR_008158.jpg,1,linear
Surface_1,Surface_105,MP_SEL_SUR_008159.jpg,1,linear
Surface_1,Surface_105,MP_SEL_SUR_008160.jpg,1,linear
Surface_1,Surface_105,MP_SEL_SUR_008165.jpg,1,linear
Surface_1,Surface_105,MP_SEL_SUR_008204.jpg,2,dot
Surface_1,Surface_105,MP_SEL_SUR_008210.jpg,1,linear
Surface_1,Surface_106,MP_SEL_SUR_008239.jpg,1,dot
Surface_1,Surface_106,MP_SEL_SUR_008242.jpg,1,dot
Surface_1,Surface_106,MP_SEL_SUR_008249.jpg,1,dot
Surface_1,Surface_106,MP_SEL_SUR_008258.jpg,1,dot
Surface_1,Surface_106,MP_SEL_SUR_008259.jpg,1,linear
Surface_1,Surface_106,MP_SEL_SUR_008286.jpg,1,dot
Surface_1,Surface_106,MP_SEL_SUR_008297.jpg,1,dot
Surface_1,Surface_107,MP_SEL_SUR_008335.jpg,1,dot
Surface_1,Surface_107,MP_SEL_SUR_008384.jpg,1,dot
Surface_1,Surface_108,MP_SEL_SUR_008393.jpg,1,dot
Surface_1,Surface_108,MP_SEL_SUR_008398.jpg,1,linear
Surface_1,Surface_108,MP_SEL_SUR_008403.jpg,1,dot
Surface_1,Surface_108,MP_SEL_SUR_008420.jpg,1,dot
Surface_1,Surface_108,MP_SEL_SUR_008444.jpg,1,dot
Surface_1,Surface_108,MP_SEL_SUR_008454.jpg,1,dot
Surface_1,Surface_109,MP_SEL_SUR_008471.jpg,1,dot
Surface_1,Surface_109,MP_SEL_SUR_008481.jpg,1,dot
Surface_1,Surface_109,MP_SEL_SUR_008484.jpg,1,linear
Surface_1,Surface_109,MP_SEL_SUR_008536.jpg,1,linear
Surface_1,Surface_109,MP_SEL_SUR_008543.jpg,1,dot
Surface_1,Surface_110,MP_SEL_SUR_008553.jpg,1,linear
Surface_1,Surface_110,MP_SEL_SUR_008574.jpg,1,dot
Surface_1,Surface_110,MP_SEL_SUR_008598.jpg,1,linear
Surface_1,Surface_111,MP_SEL_SUR_008681.jpg,1,dot
Surface_1,Surface_111,MP_SEL_SUR_008682.jpg,1,linear
Surface_1,Surface_111,MP_SEL_SUR_008694.jpg,1,dot
Surface_1,Surface_111,MP_SEL_SUR_008703.jpg,1,dot
Surface_1,Surface_112,MP_SEL_SUR_008711.jpg,1,dot
Surface_1,Surface_112,MP_SEL_SUR_008741.jpg,1,dot
Surface_1,Surface_112,MP_SEL_SUR_008750.jpg,2,dot
Surface_1,Surface_112,MP_SEL_SUR_008752.jpg,1,dot
Surface_1,Surface_112,MP_SEL_SUR_008754.jpg,1,dot
Surface_1,Surface_113,MP_SEL_SUR_008802.jpg,1,linear
Surface_1,Surface_113,MP_SEL_SUR_008812.jpg,1,linear
Surface_1,Surface_113,MP_SEL_SUR_008838.jpg,2,both
Surface_1,Surface_113,MP_SEL_SUR_008842.jpg,1,linear
Surface_1,Surface_113,MP_SEL_SUR_008862.jpg,1,linear
Surface_1,Surface_113,MP_SEL_SUR_008864.jpg,1,dot
Surface_1,Surface_113,MP_SEL_SUR_008870.jpg,1,linear
Surface_1,Surface_114,MP_SEL_SUR_008872.jpg,1,linear
Surface_1,Surface_114,MP_SEL_SUR_008879.jpg,1,linear
Surface_1,Surface_114,MP_SEL_SUR_008889.jpg,1,dot
Surface_1,Surface_114,MP_SEL_SUR_008951.jpg,1,dot
Surface_1,Surface_115,MP_SEL_SUR_008959.jpg,1,linear
Surface_1,Surface_115,MP_SEL_SUR_008964.jpg,1,linear
Surface_1,Surface_115,MP_SEL_SUR_008974.jpg,1,linear
Surface_1,Surface_115,MP_SEL_SUR_008990.jpg,1,linear
Surface_1,Surface_115,MP_SEL_SUR_008995.jpg,1,linear
Surface_1,Surface_115,MP_SEL_SUR_009003.jpg,3,both
Surface_1,Surface_115,MP_SEL_SUR_009013.jpg,1,linear
Surface_1,Surface_115,MP_SEL_SUR_009032.jpg,1,dot
Surface_1,Surface_116,MP_SEL_SUR_009033.jpg,1,linear
Surface_1,Surface_116,MP_SEL_SUR_009038.jpg,1,dot
Surface_1,Surface_116,MP_SEL_SUR_009039.jpg,1,dot
Surface_1,Surface_116,MP_SEL_SUR_009044.jpg,2,dot
Surface_1,Surface_116,MP_SEL_SUR_009068.jpg,1,dot
Surface_1,Surface_116,MP_SEL_SUR_009074.jpg,1,linear
Surface_1,Surface_116,MP_SEL_SUR_009097.jpg,1,linear
Surface_1,Surface_117,MP_SEL_SUR_009123.jpg,1,dot
Surface_1,Surface_117,MP_SEL_SUR_009149.jpg,1,linear
Surface_1,Surface_117,MP_SEL_SUR_009177.jpg,1,dot
Surface_1,Surface_118,MP_SEL_SUR_009202.jpg,1,linear
Surface_1,Surface_118,MP_SEL_SUR_009226.jpg,1,dot
Surface_1,Surface_118,MP_SEL_SUR_009244.jpg,1,linear
Surface_1,Surface_118,MP_SEL_SUR_009253.jpg,1,dot
Surface_1,Surface_118,MP_SEL_SUR_009259.jpg,1,linear
Surface_1,Surface_119,MP_SEL_SUR_009283.jpg,1,linear
Surface_1,Surface_120,MP_SEL_SUR_009324.jpg,1,linear
Surface_1,Surface_120,MP_SEL_SUR_009330.jpg,1,dot
Surface_1,Surface_120,MP_SEL_SUR_009335.jpg,1,dot
Surface_1,Surface_120,MP_SEL_SUR_009354.jpg,1,dot
Surface_1,Surface_120,MP_SEL_SUR_009364.jpg,1,dot
Surface_1,Surface_120,MP_SEL_SUR_009369.jpg,1,dot
Surface_1,Surface_121,MP_SEL_SUR_009389.jpg,1,dot
Surface_1,Surface_121,MP_SEL_SUR_009392.jpg,1,dot
Surface_1,Surface_122,MP_SEL_SUR_009436.jpg,1,linear
Surface_1,Surface_122,MP_SEL_SUR_009439.jpg,1,linear
Surface_1,Surface_122,MP_SEL_SUR_009445.jpg,1,dot
Surface_1,Surface_122,MP_SEL_SUR_009452.jpg,1,dot
Surface_1,Surface_122,MP_SEL_SUR_009471.jpg,1,dot
Surface_1,Surface_123,MP_SEL_SUR_009486.jpg,1,dot
Surface_1,Surface_123,MP_SEL_SUR_009491.jpg,1,dot
Surface_1,Surface_123,MP_SEL_SUR_009505.jpg,1,dot
Surface_1,Surface_124,MP_SEL_SUR_009526.jpg,1,dot
Surface_1,Surface_124,MP_SEL_SUR_009533.jpg,1,dot
Surface_1,Surface_124,MP_SEL_SUR_009552.jpg,1,dot
Surface_1,Surface_124,MP_SEL_SUR_009554.jpg,1,linear
Surface_1,Surface_124,MP_SEL_SUR_009571.jpg,1,linear
Surface_1,Surface_124,MP_SEL_SUR_009574.jpg,1,dot
Surface_1,Surface_125,MP_SEL_SUR_009581.jpg,1,linear
Surface_1,Surface_125,MP_SEL_SUR_009582.jpg,1,dot
Surface_1,Surface_125,MP_SEL_SUR_009590.jpg,1,dot
Surface_1,Surface_126,MP_SEL_SUR_009626.jpg,1,linear
Surface_1,Surface_126,MP_SEL_SUR_009635.jpg,1,linear
Surface_1,Surface_126,MP_SEL_SUR_009648.jpg,1,linear
Surface_1,Surface_126,MP_SEL_SUR_009655.jpg,1,dot
Surface_1,Surface_126,MP_SEL_SUR_009657.jpg,1,linear
Surface_1,Surface_126,MP_SEL_SUR_009658.jpg,1,dot
Surface_1,Surface_126,MP_SEL_SUR_009661.jpg,1,dot
Surface_1,Surface_126,MP_SEL_SUR_009665.jpg,1,dot
Surface_1,Surface_127,MP_SEL_SUR_009691.jpg,1,dot
Surface_1,Surface_127,MP_SEL_SUR_009695.jpg,1,linear
Surface_1,Surface_127,MP_SEL_SUR_009723.jpg,1,linear
Surface_1,Surface_128,MP_SEL_SUR_009737.jpg,1,dot
Surface_1,Surface_128,MP_SEL_SUR_009755.jpg,1,dot
Surface_1,Surface_128,MP_SEL_SUR_009769.jpg,1,dot
Surface_1,Surface_129,MP_SEL_SUR_009788.jpg,1,linear
Surface_1,Surface_129,MP_SEL_SUR_009812.jpg,1,linear
Surface_1,Surface_129,MP_SEL_SUR_009822.jpg,1,dot
Surface_1,Surface_130,MP_SEL_SUR_009830.jpg,1,linear
Surface_1,Surface_130,MP_SEL_SUR_009831.jpg,1,dot
Surface_1,Surface_130,MP_SEL_SUR_009832.jpg,1,linear
Surface_1,Surface_130,MP_SEL_SUR_009845.jpg,1,linear
Surface_1,Surface_130,MP_SEL_SUR_009863.jpg,1,dot
Surface_1,Surface_130,MP_SEL_SUR_009868.jpg,1,dot
Surface_2,Surface_131,MP_SEL_SUR_009889.jpg,1,linear
Surface_2,Surface_132,MP_SEL_SUR_009949.jpg,1,linear
Surface_2,Surface_132,MP_SEL_SUR_009957.jpg,1,dot
Surface_2,Surface_132,MP_SEL_SUR_009969.jpg,1,linear
Surface_2,Surface_132,MP_SEL_SUR_009970.jpg,1,linear
Surface_2,Surface_132,MP_SEL_SUR_009971.jpg,1,dot
Surface_2,Surface_132,MP_SEL_SUR_009972.jpg,1,linear
Surface_2,Surface_133,MP_SEL_SUR_009996.jpg,1,dot
Surface_2,Surface_133,MP_SEL_SUR_009997.jpg,1,dot
Surface_2,Surface_133,MP_SEL_SUR_010031.jpg,1,linear
Surface_2,Surface_134,MP_SEL_SUR_010041.jpg,1,linear
Surface_2,Surface_134,MP_SEL_SUR_010051.jpg,1,dot
Surface_2,Surface_134,MP_SEL_SUR_010058.jpg,1,linear
Surface_2,Surface_134,MP_SEL_SUR_010082.jpg,1,linear
Surface_2,Surface_135,MP_SEL_SUR_010084.jpg,1,linear
Surface_2,Surface_135,MP_SEL_SUR_010101.jpg,1,dot
Surface_2,Surface_135,MP_SEL_SUR_010112.jpg,1,linear
Surface_2,Surface_135,MP_SEL_SUR_010120.jpg,1,dot
Surface_2,Surface_136,MP_SEL_SUR_010134.jpg,1,linear
Surface_2,Surface_136,MP_SEL_SUR_010147.jpg,1,dot
Surface_2,Surface_136,MP_SEL_SUR_010150.jpg,1,dot
Surface_2,Surface_136,MP_SEL_SUR_010162.jpg,1,dot
Surface_2,Surface_137,MP_SEL_SUR_010185.jpg,1,linear
Surface_2,Surface_137,MP_SEL_SUR_010200.jpg,1,dot
Surface_2,Surface_138,MP_SEL_SUR_010245.jpg,1,dot
Surface_2,Surface_138,MP_SEL_SUR_010250.jpg,1,dot
Surface_2,Surface_138,MP_SEL_SUR_010253.jpg,1,dot
Surface_2,Surface_138,MP_SEL_SUR_010267.jpg,1,dot
Surface_2,Surface_139,MP_SEL_SUR_010289.jpg,1,dot
Surface_2,Surface_139,MP_SEL_SUR_010303.jpg,1,dot
Surface_2,Surface_139,MP_SEL_SUR_010305.jpg,1,dot
Surface_2,Surface_139,MP_SEL_SUR_010306.jpg,1,dot
Surface_2,Surface_139,MP_SEL_SUR_010321.jpg,1,dot
Surface_2,Surface_139,MP_SEL_SUR_010325.jpg,2,dot
Surface_2,Surface_140,MP_SEL_SUR_010348.jpg,1,dot
Surface_2,Surface_140,MP_SEL_SUR_010361.jpg,1,linear
Surface_2,Surface_140,MP_SEL_SUR_010362.jpg,1,dot
Surface_2,Surface_140,MP_SEL_SUR_010385.jpg,1,dot
Surface_2,Surface_142,MP_SEL_SUR_010457.jpg,1,dot
Surface_2,Surface_142,MP_SEL_SUR_010470.jpg,1,linear
Surface_2,Surface_142,MP_SEL_SUR_010481.jpg,1,dot
Surface_2,Surface_143,MP_SEL_SUR_010496.jpg,1,linear
Surface_2,Surface_143,MP_SEL_SUR_010517.jpg,1,linear
Surface_2,Surface_143,MP_SEL_SUR_010526.jpg,1,dot
Surface_2,Surface_143,MP_SEL_SUR_010533.jpg,1,linear
Surface_2,Surface_143,MP_SEL_SUR_010535.jpg,1,dot
Surface_2,Surface_143,MP_SEL_SUR_010539.jpg,1,linear
Surface_2,Surface_144,MP_SEL_SUR_010544.jpg,1,dot
Surface_2,Surface_144,MP_SEL_SUR_010558.jpg,1,dot
Surface_2,Surface_144,MP_SEL_SUR_010578.jpg,1,dot
Surface_2,Surface_145,MP_SEL_SUR_010597.jpg,1,dot
Surface_2,Surface_145,MP_SEL_SUR_010620.jpg,1,linear
Surface_2,Surface_145,MP_SEL_SUR_010640.jpg,1,linear
Surface_2,Surface_147,MP_SEL_SUR_010708.jpg,1,linear
Surface_2,Surface_147,MP_SEL_SUR_010710.jpg,1,dot
Surface_2,Surface_147,MP_SEL_SUR_010733.jpg,1,linear
Surface_2,Surface_147,MP_SEL_SUR_010743.jpg,1,linear
Surface_2,Surface_148,MP_SEL_SUR_010748.jpg,1,linear
Surface_2,Surface_148,MP_SEL_SUR_010770.jpg,1,dot
Surface_2,Surface_149,MP_SEL_SUR_010806.jpg,1,linear
Surface_2,Surface_149,MP_SEL_SUR_010818.jpg,1,dot
Surface_2,Surface_149,MP_SEL_SUR_010824.jpg,1,dot
Surface_2,Surface_149,MP_SEL_SUR_010829.jpg,1,linear
Surface_2,Surface_149,MP_SEL_SUR_010842.jpg,1,linear
Surface_2,Surface_149,MP_SEL_SUR_010843.jpg,1,dot
Surface_2,Surface_150,MP_SEL_SUR_010861.jpg,1,linear
Surface_2,Surface_150,MP_SEL_SUR_010866.jpg,2,dot
Surface_2,Surface_151,MP_SEL_SUR_010902.jpg,1,dot
Surface_2,Surface_151,MP_SEL_SUR_010906.jpg,1,linear
Surface_2,Surface_151,MP_SEL_SUR_010922.jpg,1,linear
Surface_2,Surface_152,MP_SEL_SUR_010952.jpg,1,dot
Surface_2,Surface_152,MP_SEL_SUR_010964.jpg,1,linear
Surface_2,Surface_152,MP_SEL_SUR_010980.jpg,1,dot
Surface_2,Surface_152,MP_SEL_SUR_010993.jpg,1,linear
Surface_2,Surface_153,MP_SEL_SUR_011005.jpg,1,linear
Surface_2,Surface_153,MP_SEL_SUR_011018.jpg,1,dot
Surface_2,Surface_153,MP_SEL_SUR_011032.jpg,1,linear
Surface_2,Surface_154,MP_SEL_SUR_011049.jpg,1,dot
Surface_2,Surface_154,MP_SEL_SUR_011089.jpg,1,linear
Surface_2,Surface_154,MP_SEL_SUR_011095.jpg,1,dot
Surface_2,Surface_154,MP_SEL_SUR_011097.jpg,1,linear
Surface_2,Surface_155,MP_SEL_SUR_011117.jpg,1,linear
Surface_2,Surface_155,MP_SEL_SUR_011146.jpg,1,dot
Surface_2,Surface_156,MP_SEL_SUR_011166.jpg,1,dot
Surface_2,Surface_156,MP_SEL_SUR_011179.jpg,2,both
Surface_2,Surface_156,MP_SEL_SUR_011184.jpg,1,dot
Surface_2,Surface_156,MP_SEL_SUR_011190.jpg,1,dot
Surface_2,Surface_157,MP_SEL_SUR_011215.jpg,1,dot
Surface_2,Surface_157,MP_SEL_SUR_011216.jpg,1,linear
Surface_2,Surface_157,MP_SEL_SUR_011238.jpg,1,linear
Surface_2,Surface_157,MP_SEL_SUR_011240.jpg,1,linear
Surface_2,Surface_158,MP_SEL_SUR_011274.jpg,3,dot
Surface_2,Surface_159,MP_SEL_SUR_011315.jpg,1,linear
Surface_2,Surface_159,MP_SEL_SUR_011326.jpg,1,linear
Surface_2,Surface_159,MP_SEL_SUR_011333.jpg,1,linear
Surface_2,Surface_159,MP_SEL_SUR_011342.jpg,1,dot
Surface_2,Surface_159,MP_SEL_SUR_011343.jpg,1,dot
Surface_2,Surface_159,MP_SEL_SUR_011348.jpg,1,dot
Surface_2,Surface_159,MP_SEL_SUR_011358.jpg,1,linear
Surface_2,Surface_159,MP_SEL_SUR_011364.jpg,1,dot
Surface_2,Surface_159,MP_SEL_SUR_011371.jpg,1,dot
Surface_2,Surface_160,MP_SEL_SUR_011383.jpg,1,linear
Surface_2,Surface_160,MP_SEL_SUR_011429.jpg,1,dot
Surface_2,Surface_160,MP_SEL_SUR_011452.jpg,1,linear
Surface_2,Surface_161,MP_SEL_SUR_011465.jpg,1,linear
Surface_2,Surface_161,MP_SEL_SUR_011489.jpg,1,linear
Surface_2,Surface_161,MP_SEL_SUR_011493.jpg,1,dot
Surface_2,Surface_161,MP_SEL_SUR_011523.jpg,1,dot
Surface_2,Surface_161,MP_SEL_SUR_011524.jpg,1,linear
Surface_2,Surface_161,MP_SEL_SUR_011528.jpg,1,dot
Surface_2,Surface_162,MP_SEL_SUR_011549.jpg,1,dot
Surface_2,Surface_162,MP_SEL_SUR_011576.jpg,2,dot
Surface_2,Surface_162,MP_SEL_SUR_011579.jpg,1,dot
Surface_2,Surface_162,MP_SEL_SUR_011609.jpg,1,linear
Surface_2,Surface_163,MP_SEL_SUR_011628.jpg,1,dot
Surface_2,Surface_163,MP_SEL_SUR_011681.jpg,1,linear
Surface_2,Surface_163,MP_SEL_SUR_011690.jpg,1,linear
Surface_2,Surface_163,MP_SEL_SUR_011691.jpg,1,dot
Surface_2,Surface_164,MP_SEL_SUR_011743.jpg,1,linear
Surface_2,Surface_164,MP_SEL_SUR_011756.jpg,1,dot
Surface_2,Surface_164,MP_SEL_SUR_011758.jpg,1,linear
Surface_2,Surface_165,MP_SEL_SUR_011813.jpg,1,linear
Surface_2,Surface_165,MP_SEL_SUR_011820.jpg,1,dot
Surface_2,Surface_165,MP_SEL_SUR_011831.jpg,1,dot
Surface_2,Surface_165,MP_SEL_SUR_011860.jpg,1,linear
Surface_2,Surface_165,MP_SEL_SUR_011869.jpg,1,dot
Surface_2,Surface_166,MP_SEL_SUR_011882.jpg,1,dot
Surface_2,Surface_166,MP_SEL_SUR_011888.jpg,1,linear
Surface_2,Surface_166,MP_SEL_SUR_011914.jpg,1,dot
Surface_2,Surface_166,MP_SEL_SUR_011923.jpg,1,linear
Surface_2,Surface_166,MP_SEL_SUR_011946.jpg,1,dot
Surface_2,Surface_166,MP_SEL_SUR_011951.jpg,1,dot
Surface_2,Surface_167,MP_SEL_SUR_011984.jpg,1,linear
Surface_2,Surface_167,MP_SEL_SUR_012024.jpg,1,dot
Surface_2,Surface_168,MP_SEL_SUR_012034.jpg,1,dot
Surface_2,Surface_168,MP_SEL_SUR_012036.jpg,1,linear
Surface_2,Surface_168,MP_SEL_SUR_012041.jpg,2,both
Surface_2,Surface_168,MP_SEL_SUR_012049.jpg,1,dot
Surface_2,Surface_168,MP_SEL_SUR_012055.jpg,1,linear
Surface_2,Surface_168,MP_SEL_SUR_012067.jpg,1,linear
Surface_2,Surface_168,MP_SEL_SUR_012083.jpg,1,linear
Surface_2,Surface_168,MP_SEL_SUR_012090.jpg,1,dot
Surface_2,Surface_168,MP_SEL_SUR_012093.jpg,1,linear
Surface_2,Surface_168,MP_SEL_SUR_012097.jpg,1,dot
Surface_2,Surface_168,MP_SEL_SUR_012112.jpg,1,dot
Surface_2,Surface_169,MP_SEL_SUR_012115.jpg,1,dot
Surface_2,Surface_169,MP_SEL_SUR_012119.jpg,1,linear
Surface_2,Surface_169,MP_SEL_SUR_012126.jpg,1,linear
Surface_2,Surface_169,MP_SEL_SUR_012128.jpg,2,dot
Surface_2,Surface_169,MP_SEL_SUR_012153.jpg,1,dot
Surface_2,Surface_169,MP_SEL_SUR_012154.jpg,2,both
Surface_2,Surface_169,MP_SEL_SUR_012179.jpg,1,linear
Surface_2,Surface_169,MP_SEL_SUR_012193.jpg,1,dot
Surface_2,Surface_170,MP_SEL_SUR_012212.jpg,1,linear
Surface_2,Surface_170,MP_SEL_SUR_012225.jpg,1,dot
Surface_2,Surface_170,MP_SEL_SUR_012234.jpg,1,linear
Surface_2,Surface_170,MP_SEL_SUR_012252.jpg,1,dot
Surface_2,Surface_170,MP_SEL_SUR_012255.jpg,1,linear
Surface_2,Surface_170,MP_SEL_SUR_012265.jpg,1,linear
Surface_2,Surface_172,MP_SEL_SUR_012379.jpg,1,dot
Surface_2,Surface_172,MP_SEL_SUR_012402.jpg,1,linear
Surface_2,Surface_172,MP_SEL_SUR_012409.jpg,1,dot
Surface_2,Surface_172,MP_SEL_SUR_012413.jpg,1,dot
Surface_2,Surface_172,MP_SEL_SUR_012414.jpg,1,linear
Surface_2,Surface_172,MP_SEL_SUR_012442.jpg,1,linear
Surface_2,Surface_172,MP_SEL_SUR_012454.jpg,1,dot
Surface_2,Surface_173,MP_SEL_SUR_013584.jpg,1,dot
Surface_2,Surface_173,MP_SEL_SUR_013594.jpg,1,dot
Surface_2,Surface_173,MP_SEL_SUR_013610.jpg,1,linear
Surface_2,Surface_173,MP_SEL_SUR_013617.jpg,1,dot
Surface_2,Surface_173,MP_SEL_SUR_013623.jpg,2,dot
Surface_2,Surface_174,MP_SEL_SUR_013663.jpg,1,linear
Surface_2,Surface_174,MP_SEL_SUR_013670.jpg,1,linear
Surface_2,Surface_175,MP_SEL_SUR_013680.jpg,1,linear
Surface_2,Surface_175,MP_SEL_SUR_013681.jpg,1,linear
Surface_2,Surface_175,MP_SEL_SUR_013686.jpg,1,linear
Surface_2,Surface_175,MP_SEL_SUR_013707.jpg,1,dot
Surface_2,Surface_175,MP_SEL_SUR_013710.jpg,1,linear
Surface_2,Surface_175,MP_SEL_SUR_013713.jpg,1,dot
Surface_2,Surface_175,MP_SEL_SUR_013717.jpg,1,dot
Surface_2,Surface_175,MP_SEL_SUR_013718.jpg,1,linear
Surface_2,Surface_175,MP_SEL_SUR_013720.jpg,1,linear
Surface_2,Surface_175,MP_SEL_SUR_013727.jpg,1,linear
Surface_2,Surface_176,MP_SEL_SUR_013742.jpg,1,linear
Surface_2,Surface_176,MP_SEL_SUR_013745.jpg,1,linear
Surface_2,Surface_176,MP_SEL_SUR_013758.jpg,1,linear
Surface_2,Surface_177,MP_SEL_SUR_013798.jpg,1,linear
Surface_2,Surface_177,MP_SEL_SUR_013806.jpg,1,dot
Surface_2,Surface_178,MP_SEL_SUR_013840.jpg,1,linear
Surface_2,Surface_178,MP_SEL_SUR_013843.jpg,1,linear
Surface_2,Surface_178,MP_SEL_SUR_013863.jpg,1,linear
Surface_2,Surface_178,MP_SEL_SUR_013866.jpg,1,linear
Surface_2,Surface_178,MP_SEL_SUR_013870.jpg,1,dot
Surface_2,Surface_179,MP_SEL_SUR_013879.jpg,1,dot
Surface_2,Surface_179,MP_SEL_SUR_013900.jpg,1,dot
Surface_2,Surface_179,MP_SEL_SUR_013901.jpg,1,linear
Surface_2,Surface_179,MP_SEL_SUR_013920.jpg,1,linear
Surface_2,Surface_179,MP_SEL_SUR_013922.jpg,1,linear
Surface_2,Surface_180,MP_SEL_SUR_013956.jpg,1,linear
Surface_2,Surface_180,MP_SEL_SUR_013961.jpg,1,dot
Surface_2,Surface_180,MP_SEL_SUR_013965.jpg,1,dot
Surface_2,Surface_180,MP_SEL_SUR_013974.jpg,1,linear
Surface_2,Surface_181,MP_SEL_SUR_013980.jpg,1,linear
Surface_2,Surface_181,MP_SEL_SUR_013984.jpg,1,linear
Surface_2,Surface_181,MP_SEL_SUR_013994.jpg,1,dot
Surface_2,Surface_181,MP_SEL_SUR_014009.jpg,1,linear
Surface_2,Surface_181,MP_SEL_SUR_014023.jpg,1,dot
Surface_2,Surface_182,MP_SEL_SUR_014041.jpg,1,dot
Surface_2,Surface_182,MP_SEL_SUR_014045.jpg,1,dot
Surface_2,Surface_182,MP_SEL_SUR_014057.jpg,1,linear
Surface_2,Surface_183,MP_SEL_SUR_014079.jpg,1,dot
Surface_2,Surface_183,MP_SEL_SUR_014081.jpg,1,dot
Surface_2,Surface_183,MP_SEL_SUR_014106.jpg,1,linear
Surface_2,Surface_183,MP_SEL_SUR_014121.jpg,1,linear
Surface_2,Surface_183,MP_SEL_SUR_014126.jpg,1,linear
Surface_2,Surface_184,MP_SEL_SUR_014129.jpg,1,linear
Surface_2,Surface_184,MP_SEL_SUR_014144.jpg,1,linear
Surface_2,Surface_184,MP_SEL_SUR_014146.jpg,1,linear
Surface_2,Surface_185,MP_SEL_SUR_014179.jpg,1,linear
Surface_2,Surface_185,MP_SEL_SUR_014180.jpg,1,dot
Surface_2,Surface_185,MP_SEL_SUR_014181.jpg,1,dot
Surface_2,Surface_185,MP_SEL_SUR_014192.jpg,1,linear
Surface_2,Surface_185,MP_SEL_SUR_014201.jpg,1,dot
Surface_2,Surface_185,MP_SEL_SUR_014222.jpg,1,linear
Surface_2,Surface_186,MP_SEL_SUR_014255.jpg,1,dot
Surface_2,Surface_186,MP_SEL_SUR_014276.jpg,1,dot
Surface_2,Surface_187,MP_SEL_SUR_014294.jpg,1,linear
Surface_2,Surface_187,MP_SEL_SUR_014297.jpg,1,linear
Surface_2,Surface_187,MP_SEL_SUR_014301.jpg,1,linear
Surface_2,Surface_187,MP_SEL_SUR_014303.jpg,1,linear
Surface_2,Surface_187,MP_SEL_SUR_014313.jpg,1,linear
Surface_2,Surface_187,MP_SEL_SUR_014317.jpg,1,dot
Surface_2,Surface_187,MP_SEL_SUR_014320.jpg,1,dot
Surface_2,Surface_188,MP_SEL_SUR_014334.jpg,1,linear
Surface_2,Surface_188,MP_SEL_SUR_014354.jpg,1,dot
Surface_2,Surface_188,MP_SEL_SUR_014377.jpg,1,linear
Surface_2,Surface_189,MP_SEL_SUR_014383.jpg,1,dot
Surface_2,Surface_189,MP_SEL_SUR_014395.jpg,1,dot
Surface_2,Surface_189,MP_SEL_SUR_014397.jpg,1,dot
Surface_2,Surface_190,MP_SEL_SUR_014430.jpg,1,linear
Surface_2,Surface_190,MP_SEL_SUR_014449.jpg,1,linear
Surface_2,Surface_190,MP_SEL_SUR_014451.jpg,1,linear
Surface_2,Surface_190,MP_SEL_SUR_014463.jpg,1,dot
Surface_2,Surface_191,MP_SEL_SUR_014487.jpg,1,linear
Surface_2,Surface_191,MP_SEL_SUR_014494.jpg,1,dot
Surface_2,Surface_191,MP_SEL_SUR_014509.jpg,1,dot
Surface_2,Surface_191,MP_SEL_SUR_014517.jpg,1,linear
Surface_2,Surface_192,MP_SEL_SUR_014538.jpg,1,linear
Surface_2,Surface_192,MP_SEL_SUR_014542.jpg,1,linear
Surface_2,Surface_193,MP_SEL_SUR_014579.jpg,1,dot
Surface_2,Surface_193,MP_SEL_SUR_014596.jpg,1,linear
Surface_2,Surface_193,MP_SEL_SUR_014600.jpg,1,linear
Surface_2,Surface_193,MP_SEL_SUR_014603.jpg,1,linear
Surface_2,Surface_193,MP_SEL_SUR_014616.jpg,1,linear
Surface_2,Surface_193,MP_SEL_SUR_014621.jpg,1,linear
Surface_2,Surface_194,MP_SEL_SUR_014663.jpg,1,linear
Surface_2,Surface_194,MP_SEL_SUR_014672.jpg,1,dot
Surface_2,Surface_194,MP_SEL_SUR_014675.jpg,1,dot
Surface_2,Surface_195,MP_SEL_SUR_014707.jpg,1,dot
Surface_2,Surface_195,MP_SEL_SUR_014718.jpg,2,dot
Surface_2,Surface_195,MP_SEL_SUR_014720.jpg,1,linear
Surface_2,Surface_195,MP_SEL_SUR_014726.jpg,1,linear
Surface_2,Surface_196,MP_SEL_SUR_014743.jpg,1,dot
Surface_2,Surface_196,MP_SEL_SUR_014758.jpg,1,dot
Surface_2,Surface_196,MP_SEL_SUR_014760.jpg,1,linear
Surface_2,Surface_197,MP_SEL_SUR_014787.jpg,1,linear
Surface_2,Surface_197,MP_SEL_SUR_014791.jpg,1,linear
Surface_2,Surface_198,MP_SEL_SUR_014834.jpg,1,linear
Surface_2,Surface_198,MP_SEL_SUR_014841.jpg,1,dot
Surface_2,Surface_198,MP_SEL_SUR_014861.jpg,1,linear
Surface_2,Surface_198,MP_SEL_SUR_014866.jpg,1,linear
Surface_2,Surface_198,MP_SEL_SUR_014870.jpg,1,linear
Surface_2,Surface_198,MP_SEL_SUR_014873.jpg,1,linear
Surface_2,Surface_198,MP_SEL_SUR_014875.jpg,1,dot
Surface_2,Surface_199,MP_SEL_SUR_014880.jpg,1,linear
Surface_2,Surface_199,MP_SEL_SUR_014891.jpg,1,linear
Surface_2,Surface_199,MP_SEL_SUR_014902.jpg,1,linear
Surface_2,Surface_199,MP_SEL_SUR_014912.jpg,2,dot
Surface_2,Surface_200,MP_SEL_SUR_014928.jpg,1,linear
Surface_2,Surface_200,MP_SEL_SUR_014942.jpg,1,linear
Surface_2,Surface_200,MP_SEL_SUR_014948.jpg,1,linear
Surface_2,Surface_200,MP_SEL_SUR_014957.jpg,1,dot
Surface_2,Surface_200,MP_SEL_SUR_014970.jpg,1,dot
Surface_2,Surface_201,MP_SEL_SUR_014978.jpg,1,linear
Surface_2,Surface_201,MP_SEL_SUR_014984.jpg,1,linear
Surface_2,Surface_201,MP_SEL_SUR_015011.jpg,1,linear
Surface_2,Surface_201,MP_SEL_SUR_015021.jpg,1,linear
Surface_2,Surface_202,MP_SEL_SUR_015028.jpg,1,dot
Surface_2,Surface_202,MP_SEL_SUR_015077.jpg,1,linear
Surface_2,Surface_203,MP_SEL_SUR_015104.jpg,1,linear
Surface_2,Surface_203,MP_SEL_SUR_015110.jpg,1,linear
Surface_2,Surface_203,MP_SEL_SUR_015122.jpg,1,dot
Surface_2,Surface_204,MP_SEL_SUR_015133.jpg,1,dot
Surface_2,Surface_204,MP_SEL_SUR_015134.jpg,1,linear
Surface_2,Surface_204,MP_SEL_SUR_015153.jpg,1,linear
Surface_2,Surface_204,MP_SEL_SUR_015157.jpg,1,linear
Surface_2,Surface_205,MP_SEL_SUR_015186.jpg,1,linear
Surface_2,Surface_205,MP_SEL_SUR_015187.jpg,1,linear
Surface_2,Surface_205,MP_SEL_SUR_015205.jpg,1,linear
Surface_2,Surface_205,MP_SEL_SUR_015213.jpg,1,linear
Surface_2,Surface_205,MP_SEL_SUR_015221.jpg,1,linear
Surface_2,Surface_205,MP_SEL_SUR_015222.jpg,1,dot
Surface_2,Surface_205,MP_SEL_SUR_015226.jpg,1,dot
Surface_2,Surface_206,MP_SEL_SUR_015239.jpg,1,linear
Surface_2,Surface_206,MP_SEL_SUR_015248.jpg,1,dot
Surface_2,Surface_206,MP_SEL_SUR_015269.jpg,1,dot
Surface_2,Surface_206,MP_SEL_SUR_015276.jpg,1,linear
Surface_2,Surface_207,MP_SEL_SUR_015280.jpg,1,linear
Surface_2,Surface_207,MP_SEL_SUR_015290.jpg,1,linear
Surface_2,Surface_207,MP_SEL_SUR_015300.jpg,1,linear
Surface_2,Surface_207,MP_SEL_SUR_015314.jpg,1,dot
Surface_2,Surface_208,MP_SEL_SUR_015347.jpg,1,linear
Surface_2,Surface_208,MP_SEL_SUR_015349.jpg,1,linear
Surface_2,Surface_209,MP_SEL_SUR_015381.jpg,1,linear
Surface_2,Surface_209,MP_SEL_SUR_015386.jpg,1,dot
Surface_2,Surface_209,MP_SEL_SUR_015393.jpg,1,linear
Surface_2,Surface_209,MP_SEL_SUR_015401.jpg,1,linear
Surface_2,Surface_209,MP_SEL_SUR_015404.jpg,1,dot
Surface_2,Surface_210,MP_SEL_SUR_015429.jpg,1,dot
Surface_2,Surface_210,MP_SEL_SUR_015440.jpg,1,dot
Surface_2,Surface_210,MP_SEL_SUR_015455.jpg,1,linear
Surface_2,Surface_210,MP_SEL_SUR_015471.jpg,1,dot
Surface_2,Surface_211,MP_SEL_SUR_015482.jpg,1,dot
Surface_2,Surface_211,MP_SEL_SUR_015518.jpg,1,dot
Surface_2,Surface_212,MP_SEL_SUR_015533.jpg,1,dot
Surface_2,Surface_212,MP_SEL_SUR_015535.jpg,1,dot
Surface_2,Surface_213,MP_SEL_SUR_012478.jpg,1,dot
Surface_2,Surface_213,MP_SEL_SUR_012479.jpg,1,linear
Surface_2,Surface_213,MP_SEL_SUR_012531.jpg,1,linear
Surface_2,Surface_213,MP_SEL_SUR_012535.jpg,1,linear
Surface_2,Surface_213,MP_SEL_SUR_012536.jpg,1,linear
Surface_2,Surface_213,MP_SEL_SUR_012537.jpg,1,linear
Surface_2,Surface_214,MP_SEL_SUR_012540.jpg,1,linear
Surface_2,Surface_214,MP_SEL_SUR_012544.jpg,1,linear
Surface_2,Surface_214,MP_SEL_SUR_012551.jpg,1,linear
Surface_2,Surface_214,MP_SEL_SUR_012599.jpg,1,linear
Surface_2,Surface_215,MP_SEL_SUR_012628.jpg,1,linear
Surface_2,Surface_215,MP_SEL_SUR_012646.jpg,1,linear
Surface_2,Surface_215,MP_SEL_SUR_012665.jpg,1,linear
Surface_2,Surface_215,MP_SEL_SUR_012669.jpg,1,dot
Surface_2,Surface_215,MP_SEL_SUR_012673.jpg,1,linear
Surface_2,Surface_215,MP_SEL_SUR_012684.jpg,1,linear
Surface_2,Surface_215,MP_SEL_SUR_012685.jpg,1,linear
Surface_2,Surface_215,MP_SEL_SUR_012690.jpg,1,dot
Surface_2,Surface_215,MP_SEL_SUR_012697.jpg,1,linear
Surface_2,Surface_216,MP_SEL_SUR_012705.jpg,1,linear
Surface_2,Surface_216,MP_SEL_SUR_012707.jpg,1,dot
Surface_2,Surface_216,MP_SEL_SUR_012711.jpg,1,dot
Surface_2,Surface_216,MP_SEL_SUR_012720.jpg,1,linear
Surface_2,Surface_216,MP_SEL_SUR_012722.jpg,1,dot
Surface_2,Surface_216,MP_SEL_SUR_012726.jpg,1,dot
Surface_2,Surface_216,MP_SEL_SUR_012729.jpg,1,linear
Surface_2,Surface_216,MP_SEL_SUR_012753.jpg,1,dot
Surface_2,Surface_217,MP_SEL_SUR_012825.jpg,2,dot
Surface_2,Surface_217,MP_SEL_SUR_012838.jpg,1,linear
Surface_2,Surface_218,MP_SEL_SUR_012865.jpg,1,dot
Surface_2,Surface_218,MP_SEL_SUR_012870.jpg,1,dot
Surface_2,Surface_218,MP_SEL_SUR_012880.jpg,1,dot
Surface_2,Surface_218,MP_SEL_SUR_012893.jpg,1,linear
Surface_2,Surface_218,MP_SEL_SUR_012922.jpg,1,dot
Surface_2,Surface_218,MP_SEL_SUR_012929.jpg,1,linear
Surface_2,Surface_218,MP_SEL_SUR_012936.jpg,1,linear
Surface_2,Surface_219,MP_SEL_SUR_012971.jpg,1,linear
Surface_2,Surface_219,MP_SEL_SUR_012973.jpg,1,linear
Surface_2,Surface_219,MP_SEL_SUR_012976.jpg,1,linear
Surface_2,Surface_219,MP_SEL_SUR_012979.jpg,1,dot
Surface_2,Surface_219,MP_SEL_SUR_012996.jpg,1,dot
Surface_2,Surface_219,MP_SEL_SUR_013007.jpg,1,linear
Surface_2,Surface_219,MP_SEL_SUR_013009.jpg,1,linear
Surface_2,Surface_220,MP_SEL_SUR_015589.jpg,1,linear
Surface_2,Surface_220,MP_SEL_SUR_015590.jpg,1,dot
Surface_2,Surface_220,MP_SEL_SUR_015591.jpg,0,none
Surface_2,Surface_220,MP_SEL_SUR_015600.jpg,1,dot
Surface_2,Surface_220,MP_SEL_SUR_015605.jpg,1,dot
Surface_2,Surface_220,MP_SEL_SUR_015608.jpg,1,dot
Surface_2,Surface_221,MP_SEL_SUR_015661.jpg,1,dot
Surface_2,Surface_221,MP_SEL_SUR_015677.jpg,1,linear
Surface_2,Surface_222,MP_SEL_SUR_015678.jpg,1,linear
Surface_2,Surface_222,MP_SEL_SUR_015684.jpg,1,linear
Surface_2,Surface_222,MP_SEL_SUR_015705.jpg,1,linear
Surface_2,Surface_222,MP_SEL_SUR_015716.jpg,1,dot
Surface_2,Surface_223,MP_SEL_SUR_015741.jpg,1,linear
Surface_2,Surface_223,MP_SEL_SUR_015744.jpg,1,dot
Surface_2,Surface_223,MP_SEL_SUR_015757.jpg,1,linear
Surface_2,Surface_223,MP_SEL_SUR_015761.jpg,1,linear
Surface_2,Surface_223,MP_SEL_SUR_015773.jpg,1,linear
Surface_2,Surface_224,MP_SEL_SUR_015782.jpg,1,linear
Surface_2,Surface_224,MP_SEL_SUR_015784.jpg,1,dot
Surface_2,Surface_224,MP_SEL_SUR_015788.jpg,1,dot
Surface_2,Surface_224,MP_SEL_SUR_015802.jpg,1,dot
Surface_2,Surface_224,MP_SEL_SUR_015806.jpg,1,linear
Surface_2,Surface_224,MP_SEL_SUR_015810.jpg,1,linear
Surface_2,Surface_224,MP_SEL_SUR_015826.jpg,1,linear
Surface_2,Surface_225,MP_SEL_SUR_015842.jpg,1,dot
Surface_2,Surface_225,MP_SEL_SUR_015848.jpg,1,linear
Surface_2,Surface_225,MP_SEL_SUR_015854.jpg,1,dot
Surface_2,Surface_225,MP_SEL_SUR_015859.jpg,1,linear
Surface_2,Surface_225,MP_SEL_SUR_015862.jpg,1,linear
Surface_2,Surface_225,MP_SEL_SUR_015863.jpg,1,linear
Surface_2,Surface_225,MP_SEL_SUR_015870.jpg,1,linear
Surface_2,Surface_225,MP_SEL_SUR_015874.jpg,1,dot
Surface_2,Surface_225,MP_SEL_SUR_015876.jpg,1,linear
Surface_2,Surface_226,MP_SEL_SUR_015884.jpg,1,linear
Surface_2,Surface_226,MP_SEL_SUR_015908.jpg,1,linear
Surface_2,Surface_226,MP_SEL_SUR_015910.jpg,1,linear
Surface_2,Surface_226,MP_SEL_SUR_015911.jpg,1,linear
Surface_2,Surface_227,MP_SEL_SUR_015928.jpg,1,linear
Surface_2,Surface_227,MP_SEL_SUR_015932.jpg,1,linear
Surface_2,Surface_227,MP_SEL_SUR_015946.jpg,1,linear
Surface_2,Surface_227,MP_SEL_SUR_015947.jpg,1,linear
Surface_2,Surface_227,MP_SEL_SUR_015957.jpg,1,dot
Surface_2,Surface_227,MP_SEL_SUR_015964.jpg,1,dot
Surface_2,Surface_228,MP_SEL_SUR_015980.jpg,1,linear
Surface_2,Surface_228,MP_SEL_SUR_015986.jpg,1,linear
Surface_2,Surface_228,MP_SEL_SUR_015989.jpg,1,linear
Surface_2,Surface_228,MP_SEL_SUR_015993.jpg,1,linear
Surface_2,Surface_228,MP_SEL_SUR_016002.jpg,1,linear
Surface_2,Surface_228,MP_SEL_SUR_016005.jpg,1,linear
Surface_2,Surface_228,MP_SEL_SUR_016011.jpg,1,linear
Surface_2,Surface_228,MP_SEL_SUR_016021.jpg,1,linear
Surface_2,Surface_228,MP_SEL_SUR_016024.jpg,1,linear
Surface_2,Surface_228,MP_SEL_SUR_016025.jpg,1,dot
Surface_2,Surface_229,MP_SEL_SUR_016029.jpg,1,linear
Surface_2,Surface_229,MP_SEL_SUR_016043.jpg,1,dot
Surface_2,Surface_229,MP_SEL_SUR_016058.jpg,1,linear
Surface_2,Surface_229,MP_SEL_SUR_016070.jpg,1,dot
Surface_2,Surface_229,MP_SEL_SUR_016071.jpg,1,dot
Surface_2,Surface_230,MP_SEL_SUR_016096.jpg,1,linear
Surface_2,Surface_230,MP_SEL_SUR_016100.jpg,1,dot
Surface_2,Surface_230,MP_SEL_SUR_016103.jpg,1,linear
Surface_2,Surface_230,MP_SEL_SUR_016104.jpg,1,linear
Surface_2,Surface_230,MP_SEL_SUR_016105.jpg,1,linear
Surface_2,Surface_230,MP_SEL_SUR_016114.jpg,1,dot
Surface_2,Surface_230,MP_SEL_SUR_016116.jpg,1,linear
Surface_2,Surface_230,MP_SEL_SUR_016119.jpg,1,linear
Surface_2,Surface_230,MP_SEL_SUR_016123.jpg,1,linear
Surface_2,Surface_231,MP_SEL_SUR_016133.jpg,1,linear
Surface_2,Surface_231,MP_SEL_SUR_016134.jpg,1,linear
Surface_2,Surface_231,MP_SEL_SUR_016148.jpg,1,linear
Surface_2,Surface_231,MP_SEL_SUR_016157.jpg,1,linear
Surface_2,Surface_231,MP_SEL_SUR_016178.jpg,1,dot
Surface_2,Surface_232,MP_SEL_SUR_016180.jpg,1,linear
Surface_2,Surface_232,MP_SEL_SUR_016205.jpg,1,dot
Surface_2,Surface_232,MP_SEL_SUR_016220.jpg,1,linear
Surface_2,Surface_232,MP_SEL_SUR_016226.jpg,1,dot
Surface_2,Surface_233,MP_SEL_SUR_016241.jpg,1,linear
Surface_2,Surface_233,MP_SEL_SUR_016269.jpg,1,dot
Surface_2,Surface_233,MP_SEL_SUR_016272.jpg,1,linear
Surface_2,Surface_233,MP_SEL_SUR_016278.jpg,1,dot
Surface_2,Surface_234,MP_SEL_SUR_016280.jpg,1,linear
Surface_2,Surface_234,MP_SEL_SUR_016295.jpg,1,dot
Surface_2,Surface_234,MP_SEL_SUR_016306.jpg,1,dot
Surface_2,Surface_234,MP_SEL_SUR_016311.jpg,1,linear
Surface_2,Surface_235,MP_SEL_SUR_016342.jpg,3,both
Surface_2,Surface_235,MP_SEL_SUR_016345.jpg,1,linear
Surface_2,Surface_235,MP_SEL_SUR_016352.jpg,1,linear
Surface_2,Surface_235,MP_SEL_SUR_016365.jpg,1,dot
Surface_2,Surface_235,MP_SEL_SUR_016370.jpg,1,dot
Surface_2,Surface_236,MP_SEL_SUR_016393.jpg,1,linear
Surface_2,Surface_236,MP_SEL_SUR_016399.jpg,1,dot
Surface_2,Surface_236,MP_SEL_SUR_016415.jpg,1,linear
Surface_2,Surface_237,MP_SEL_SUR_016429.jpg,1,linear
Surface_2,Surface_237,MP_SEL_SUR_016430.jpg,1,linear
Surface_2,Surface_237,MP_SEL_SUR_016432.jpg,1,linear
Surface_2,Surface_237,MP_SEL_SUR_016451.jpg,1,dot
Surface_2,Surface_237,MP_SEL_SUR_016456.jpg,1,linear
Surface_2,Surface_237,MP_SEL_SUR_016460.jpg,1,linear
Surface_2,Surface_237,MP_SEL_SUR_016468.jpg,1,dot
Surface_2,Surface_237,MP_SEL_SUR_016473.jpg,1,dot
Surface_2,Surface_238,MP_SEL_SUR_016494.jpg,1,linear
Surface_2,Surface_238,MP_SEL_SUR_016499.jpg,1,dot
Surface_2,Surface_238,MP_SEL_SUR_016519.jpg,1,linear
Surface_2,Surface_238,MP_SEL_SUR_016526.jpg,1,linear
Surface_2,Surface_239,MP_SEL_SUR_016529.jpg,1,dot
Surface_2,Surface_239,MP_SEL_SUR_016543.jpg,1,dot
Surface_2,Surface_239,MP_SEL_SUR_016548.jpg,1,linear
Surface_2,Surface_239,MP_SEL_SUR_016552.jpg,1,dot
Surface_2,Surface_239,MP_SEL_SUR_016562.jpg,1,linear
Surface_2,Surface_239,MP_SEL_SUR_016568.jpg,1,dot
Surface_2,Surface_239,MP_SEL_SUR_016576.jpg,1,dot
Surface_2,Surface_240,MP_SEL_SUR_013022.jpg,1,dot
Surface_2,Surface_240,MP_SEL_SUR_013023.jpg,1,linear
Surface_2,Surface_240,MP_SEL_SUR_013031.jpg,1,linear
Surface_2,Surface_240,MP_SEL_SUR_013055.jpg,1,linear
Surface_2,Surface_240,MP_SEL_SUR_013073.jpg,1,linear
Surface_2,Surface_240,MP_SEL_SUR_013074.jpg,1,dot
Surface_2,Surface_240,MP_SEL_SUR_013077.jpg,1,dot
Surface_2,Surface_240,MP_SEL_SUR_013087.jpg,2,linear
Surface_2,Surface_241,MP_SEL_SUR_013104.jpg,1,linear
Surface_2,Surface_241,MP_SEL_SUR_013115.jpg,1,linear
Surface_2,Surface_241,MP_SEL_SUR_013120.jpg,1,dot
Surface_2,Surface_241,MP_SEL_SUR_013152.jpg,1,linear
Surface_2,Surface_241,MP_SEL_SUR_013169.jpg,1,linear
Surface_2,Surface_241,MP_SEL_SUR_013175.jpg,1,linear
Surface_2,Surface_242,MP_SEL_SUR_013181.jpg,1,linear
Surface_2,Surface_242,MP_SEL_SUR_013194.jpg,1,linear
Surface_2,Surface_242,MP_SEL_SUR_013197.jpg,1,dot
Surface_2,Surface_242,MP_SEL_SUR_013216.jpg,1,dot
Surface_2,Surface_242,MP_SEL_SUR_013223.jpg,1,linear
Surface_2,Surface_242,MP_SEL_SUR_013226.jpg,1,linear
Surface_2,Surface_242,MP_SEL_SUR_013247.jpg,1,dot
Surface_2,Surface_242,MP_SEL_SUR_013256.jpg,1,dot
Surface_2,Surface_243,MP_SEL_SUR_013289.jpg,1,dot
Surface_2,Surface_243,MP_SEL_SUR_013301.jpg,1,dot
Surface_2,Surface_243,MP_SEL_SUR_013307.jpg,1,dot
Surface_2,Surface_243,MP_SEL_SUR_013311.jpg,1,linear
Surface_2,Surface_243,MP_SEL_SUR_013337.jpg,1,dot
Surface_2,Surface_244,MP_SEL_SUR_013353.jpg,1,linear
Surface_2,Surface_244,MP_SEL_SUR_013391.jpg,1,dot
Surface_2,Surface_244,MP_SEL_SUR_013396.jpg,1,dot
Surface_2,Surface_244,MP_SEL_SUR_013399.jpg,1,linear
Surface_2,Surface_244,MP_SEL_SUR_013407.jpg,1,dot
Surface_2,Surface_244,MP_SEL_SUR_013409.jpg,1,linear
Surface_2,Surface_245,MP_SEL_SUR_013420.jpg,1,dot
Surface_2,Surface_245,MP_SEL_SUR_013445.jpg,1,linear
Surface_2,Surface_245,MP_SEL_SUR_013448.jpg,1,dot
Surface_2,Surface_245,MP_SEL_SUR_013455.jpg,1,linear
Surface_2,Surface_245,MP_SEL_SUR_013460.jpg,1,dot
Surface_2,Surface_245,MP_SEL_SUR_013463.jpg,1,linear
Surface_2,Surface_245,MP_SEL_SUR_013474.jpg,1,linear
Surface_2,Surface_245,MP_SEL_SUR_013477.jpg,1,dot
Surface_2,Surface_245,MP_SEL_SUR_013478.jpg,1,dot
Surface_2,Surface_245,MP_SEL_SUR_013487.jpg,1,dot
Surface_2,Surface_246,MP_SEL_SUR_013520.jpg,1,linear
Surface_2,Surface_246,MP_SEL_SUR_013526.jpg,1,linear
Surface_2,Surface_246,MP_SEL_SUR_013531.jpg,1,dot
Surface_2,Surface_246,MP_SEL_SUR_013536.jpg,1,dot
Surface_2,Surface_246,MP_SEL_SUR_013550.jpg,1,dot
Surface_2,Surface_246,MP_SEL_SUR_013551.jpg,1,linear
Surface_2,Surface_246,MP_SEL_SUR_013558.jpg,1,dot
Surface_2,Surface_246,MP_SEL_SUR_013566.jpg,1,dot
Surface_2,Surface_247,MP_SEL_SUR_016626.jpg,1,dot
Surface_2,Surface_248,MP_SEL_SUR_016637.jpg,1,dot
Surface_2,Surface_248,MP_SEL_SUR_016645.jpg,1,dot
Surface_2,Surface_248,MP_SEL_SUR_016646.jpg,1,dot
Surface_2,Surface_248,MP_SEL_SUR_016657.jpg,1,linear
Surface_2,Surface_248,MP_SEL_SUR_016669.jpg,1,dot
Surface_2,Surface_248,MP_SEL_SUR_016676.jpg,1,linear
Surface_2,Surface_248,MP_SEL_SUR_016678.jpg,1,linear
Surface_2,Surface_249,MP_SEL_SUR_016688.jpg,1,linear
Surface_2,Surface_249,MP_SEL_SUR_016699.jpg,1,linear
Surface_2,Surface_249,MP_SEL_SUR_016715.jpg,1,dot
Surface_2,Surface_249,MP_SEL_SUR_016717.jpg,1,linear
Surface_2,Surface_250,MP_SEL_SUR_016740.jpg,1,linear
Surface_2,Surface_250,MP_SEL_SUR_016741.jpg,2,dot
Surface_2,Surface_250,MP_SEL_SUR_016750.jpg,1,dot
Surface_2,Surface_251,MP_SEL_SUR_016813.jpg,1,linear
Surface_2,Surface_251,MP_SEL_SUR_016816.jpg,1,linear
Surface_2,Surface_251,MP_SEL_SUR_016828.jpg,1,linear
Surface_2,Surface_252,MP_SEL_SUR_016836.jpg,1,linear
Surface_2,Surface_252,MP_SEL_SUR_016857.jpg,1,dot
Surface_2,Surface_252,MP_SEL_SUR_016864.jpg,1,dot
Surface_2,Surface_253,MP_SEL_SUR_016880.jpg,1,linear
Surface_2,Surface_253,MP_SEL_SUR_016884.jpg,1,linear
Surface_2,Surface_253,MP_SEL_SUR_016888.jpg,1,dot
Surface_2,Surface_253,MP_SEL_SUR_016894.jpg,1,linear
Surface_2,Surface_253,MP_SEL_SUR_016897.jpg,1,linear
Surface_2,Surface_253,MP_SEL_SUR_016922.jpg,1,linear
Surface_2,Surface_253,MP_SEL_SUR_016925.jpg,1,linear
Surface_2,Surface_253,MP_SEL_SUR_016926.jpg,1,linear
Surface_2,Surface_254,MP_SEL_SUR_016933.jpg,1,linear
Surface_2,Surface_254,MP_SEL_SUR_016943.jpg,1,dot
Surface_2,Surface_255,MP_SEL_SUR_017000.jpg,1,linear
Surface_2,Surface_255,MP_SEL_SUR_017008.jpg,1,linear
Surface_2,Surface_255,MP_SEL_SUR_017009.jpg,1,linear
Surface_2,Surface_255,MP_SEL_SUR_017015.jpg,1,dot
Surface_2,Surface_256,MP_SEL_SUR_017045.jpg,1,dot
Surface_2,Surface_256,MP_SEL_SUR_017054.jpg,1,linear
Surface_2,Surface_256,MP_SEL_SUR_017056.jpg,1,dot
Surface_2,Surface_256,MP_SEL_SUR_017058.jpg,1,dot
Surface_2,Surface_256,MP_SEL_SUR_017059.jpg,1,linear
Surface_2,Surface_256,MP_SEL_SUR_017071.jpg,1,dot
Surface_2,Surface_256,MP_SEL_SUR_017077.jpg,1,linear
Surface_2,Surface_257,MP_SEL_SUR_017084.jpg,1,dot
Surface_2,Surface_257,MP_SEL_SUR_017100.jpg,1,linear
Surface_2,Surface_257,MP_SEL_SUR_017120.jpg,1,linear
Surface_2,Surface_258,MP_SEL_SUR_017136.jpg,1,linear
Surface_2,Surface_258,MP_SEL_SUR_017138.jpg,1,linear
Surface_2,Surface_258,MP_SEL_SUR_017139.jpg,1,linear
Surface_2,Surface_258,MP_SEL_SUR_017157.jpg,1,dot
Surface_2,Surface_258,MP_SEL_SUR_017163.jpg,1,linear
Surface_2,Surface_258,MP_SEL_SUR_017178.jpg,1,linear
Surface_2,Surface_259,MP_SEL_SUR_017179.jpg,1,dot
Surface_2,Surface_259,MP_SEL_SUR_017209.jpg,1,linear
Surface_2,Surface_259,MP_SEL_SUR_017224.jpg,1,linear
Surface_2,Surface_260,MP_SEL_SUR_017236.jpg,1,dot
Surface_2,Surface_260,MP_SEL_SUR_017238.jpg,1,linear
Surface_2,Surface_260,MP_SEL_SUR_017242.jpg,1,dot
Surface_2,Surface_260,MP_SEL_SUR_017248.jpg,1,linear
Surface_2,Surface_260,MP_SEL_SUR_017261.jpg,1,linear
Surface_2,Surface_260,MP_SEL_SUR_017267.jpg,1,dot
Surface_2,Surface_260,MP_SEL_SUR_017276.jpg,1,dot
Surface_2,Surface_261,MP_SEL_SUR_017280.jpg,1,dot
Surface_2,Surface_261,MP_SEL_SUR_017283.jpg,1,dot
Surface_2,Surface_261,MP_SEL_SUR_017304.jpg,1,linear
Surface_2,Surface_261,MP_SEL_SUR_017307.jpg,1,linear
Surface_2,Surface_261,MP_SEL_SUR_017310.jpg,1,linear
Surface_2,Surface_261,MP_SEL_SUR_017312.jpg,1,dot
Surface_2,Surface_261,MP_SEL_SUR_017322.jpg,1,dot
Surface_2,Surface_261,MP_SEL_SUR_017328.jpg,1,dot
Surface_2,Surface_262,MP_SEL_SUR_017341.jpg,1,linear
Surface_2,Surface_262,MP_SEL_SUR_017349.jpg,1,linear
Surface_2,Surface_262,MP_SEL_SUR_017356.jpg,1,dot
Surface_2,Surface_263,MP_SEL_SUR_017379.jpg,1,dot
Surface_2,Surface_263,MP_SEL_SUR_017382.jpg,1,linear
Surface_2,Surface_263,MP_SEL_SUR_017383.jpg,1,linear
Surface_2,Surface_263,MP_SEL_SUR_017385.jpg,1,linear
Surface_2,Surface_263,MP_SEL_SUR_017387.jpg,1,dot
Surface_2,Surface_263,MP_SEL_SUR_017395.jpg,1,linear
Surface_2,Surface_263,MP_SEL_SUR_017402.jpg,1,dot
Surface_2,Surface_263,MP_SEL_SUR_017408.jpg,1,linear
Surface_2,Surface_263,MP_SEL_SUR_017414.jpg,1,dot
Surface_2,Surface_264,MP_SEL_SUR_017431.jpg,1,dot
Surface_2,Surface_264,MP_SEL_SUR_017443.jpg,1,dot
Surface_2,Surface_264,MP_SEL_SUR_017455.jpg,1,dot
Surface_2,Surface_264,MP_SEL_SUR_017461.jpg,1,dot
Surface_2,Surface_265,MP_SEL_SUR_017497.jpg,1,dot
Surface_2,Surface_265,MP_SEL_SUR_017503.jpg,1,linear
Surface_2,Surface_265,MP_SEL_SUR_017507.jpg,1,dot
Surface_2,Surface_265,MP_SEL_SUR_017510.jpg,1,linear
Surface_2,Surface_265,MP_SEL_SUR_017511.jpg,1,linear
Surface_2,Surface_265,MP_SEL_SUR_017525.jpg,1,dot
Surface_2,Surface_266,MP_SEL_SUR_017529.jpg,1,dot
Surface_2,Surface_266,MP_SEL_SUR_017546.jpg,1,linear
Surface_2,Surface_266,MP_SEL_SUR_017548.jpg,1,dot
Surface_2,Surface_266,MP_SEL_SUR_017559.jpg,1,linear
Surface_2,Surface_266,MP_SEL_SUR_017571.jpg,1,linear
Surface_2,Surface_266,MP_SEL_SUR_017573.jpg,1,dot
Surface_2,Surface_267,MP_SEL_SUR_017582.jpg,1,linear
Surface_2,Surface_267,MP_SEL_SUR_017588.jpg,2,linear
Surface_2,Surface_267,MP_SEL_SUR_017601.jpg,1,linear
Surface_2,Surface_267,MP_SEL_SUR_017608.jpg,1,linear
Surface_2,Surface_267,MP_SEL_SUR_017612.jpg,2,dot
Surface_2,Surface_267,MP_SEL_SUR_017619.jpg,1,dot
Surface_2,Surface_267,MP_SEL_SUR_017621.jpg,1,dot
Surface_2,Surface_268,MP_SEL_SUR_017649.jpg,1,linear
Surface_2,Surface_268,MP_SEL_SUR_017652.jpg,1,linear
Surface_2,Surface_269,MP_SEL_SUR_017686.jpg,1,linear
Surface_2,Surface_269,MP_SEL_SUR_017703.jpg,1,linear
Surface_2,Surface_269,MP_SEL_SUR_017706.jpg,1,linear
Surface_2,Surface_269,MP_SEL_SUR_017711.jpg,1,dot
Surface_2,Surface_270,MP_SEL_SUR_017729.jpg,1,linear
Surface_2,Surface_270,MP_SEL_SUR_017745.jpg,1,linear
Surface_2,Surface_270,MP_SEL_SUR_017752.jpg,1,linear
Surface_2,Surface_271,MP_SEL_SUR_017781.jpg,1,linear
Surface_2,Surface_271,MP_SEL_SUR_017785.jpg,1,linear
Surface_2,Surface_271,MP_SEL_SUR_017787.jpg,1,dot
Surface_2,Surface_271,MP_SEL_SUR_017813.jpg,1,linear
Surface_2,Surface_271,MP_SEL_SUR_017818.jpg,1,dot
Surface_2,Surface_271,MP_SEL_SUR_017820.jpg,1,linear
Surface_2,Surface_271,MP_SEL_SUR_017828.jpg,1,linear
Surface_2,Surface_272,MP_SEL_SUR_017834.jpg,1,linear
Surface_2,Surface_272,MP_SEL_SUR_017835.jpg,1,dot
Surface_2,Surface_272,MP_SEL_SUR_017849.jpg,1,linear
Surface_2,Surface_272,MP_SEL_SUR_017851.jpg,1,linear
Surface_2,Surface_272,MP_SEL_SUR_017866.jpg,1,linear
Surface_2,Surface_273,MP_SEL_SUR_017899.jpg,1,dot
Surface_2,Surface_273,MP_SEL_SUR_017901.jpg,1,dot
Surface_2,Surface_273,MP_SEL_SUR_017909.jpg,1,linear
Surface_2,Surface_273,MP_SEL_SUR_017913.jpg,1,dot
Surface_2,Surface_273,MP_SEL_SUR_017918.jpg,1,dot
Surface_2,Surface_273,MP_SEL_SUR_017922.jpg,1,dot
Surface_2,Surface_273,MP_SEL_SUR_017925.jpg,1,linear
Surface_2,Surface_273,MP_SEL_SUR_017926.jpg,1,dot
Surface_2,Surface_274,MP_SEL_SUR_017930.jpg,1,dot
Surface_2,Surface_274,MP_SEL_SUR_017942.jpg,1,dot
Surface_2,Surface_274,MP_SEL_SUR_017944.jpg,1,linear
Surface_2,Surface_274,MP_SEL_SUR_017955.jpg,1,linear
Surface_2,Surface_274,MP_SEL_SUR_017959.jpg,1,dot
Surface_2,Surface_274,MP_SEL_SUR_017961.jpg,1,dot
Surface_2,Surface_274,MP_SEL_SUR_017971.jpg,1,linear
Surface_2,Surface_274,MP_SEL_SUR_017977.jpg,1,dot
Surface_2,Surface_275,MP_SEL_SUR_017982.jpg,1,dot
Surface_2,Surface_275,MP_SEL_SUR_018006.jpg,1,linear
Surface_2,Surface_275,MP_SEL_SUR_018028.jpg,1,dot
Surface_2,Surface_276,MP_SEL_SUR_018029.jpg,3,both
Surface_2,Surface_276,MP_SEL_SUR_018033.jpg,1,linear
Surface_2,Surface_276,MP_SEL_SUR_018047.jpg,1,dot
Surface_2,Surface_276,MP_SEL_SUR_018060.jpg,1,dot
Surface_2,Surface_276,MP_SEL_SUR_018064.jpg,1,linear
Surface_2,Surface_276,MP_SEL_SUR_018071.jpg,1,dot
Surface_2,Surface_276,MP_SEL_SUR_018075.jpg,1,dot
Surface_2,Surface_277,MP_SEL_SUR_018105.jpg,1,dot
Surface_2,Surface_277,MP_SEL_SUR_018108.jpg,1,dot
Surface_2,Surface_277,MP_SEL_SUR_018119.jpg,1,dot
Surface_2,Surface_278,MP_SEL_SUR_018149.jpg,1,linear
Surface_2,Surface_278,MP_SEL_SUR_018162.jpg,1,dot
Surface_2,Surface_278,MP_SEL_SUR_018164.jpg,1,linear
Surface_2,Surface_278,MP_SEL_SUR_018168.jpg,1,dot
Surface_2,Surface_278,MP_SEL_SUR_018170.jpg,1,linear
Surface_2,Surface_278,MP_SEL_SUR_018172.jpg,1,dot
Surface_2,Surface_279,MP_SEL_SUR_018180.jpg,1,linear
Surface_2,Surface_279,MP_SEL_SUR_018193.jpg,1,dot
Surface_2,Surface_279,MP_SEL_SUR_018216.jpg,1,dot
Surface_2,Surface_280,MP_SEL_SUR_018235.jpg,1,linear
Surface_2,Surface_280,MP_SEL_SUR_018247.jpg,1,linear
Surface_2,Surface_280,MP_SEL_SUR_018271.jpg,1,linear
Surface_2,Surface_280,MP_SEL_SUR_018272.jpg,1,linear
Surface_2,Surface_281,MP_SEL_SUR_018288.jpg,1,dot
Surface_2,Surface_281,MP_SEL_SUR_018306.jpg,1,linear
Surface_2,Surface_281,MP_SEL_SUR_018310.jpg,1,dot
Surface_2,Surface_281,MP_SEL_SUR_018318.jpg,1,linear
Surface_2,Surface_281,MP_SEL_SUR_018319.jpg,1,linear
Surface_2,Surface_281,MP_SEL_SUR_018321.jpg,1,dot
Surface_2,Surface_281,MP_SEL_SUR_018327.jpg,1,dot
Surface_2,Surface_282,MP_SEL_SUR_018330.jpg,1,dot
Surface_2,Surface_282,MP_SEL_SUR_018338.jpg,1,linear
Surface_2,Surface_282,MP_SEL_SUR_018339.jpg,1,dot
Surface_2,Surface_283,MP_SEL_SUR_018381.jpg,1,dot
Surface_2,Surface_283,MP_SEL_SUR_018392.jpg,1,linear
Surface_2,Surface_283,MP_SEL_SUR_018398.jpg,1,dot
Surface_2,Surface_283,MP_SEL_SUR_018411.jpg,1,dot
Surface_2,Surface_283,MP_SEL_SUR_018419.jpg,1,linear
Surface_2,Surface_283,MP_SEL_SUR_018420.jpg,1,dot
Surface_2,Surface_284,MP_SEL_SUR_018445.jpg,1,linear
Surface_2,Surface_284,MP_SEL_SUR_018466.jpg,1,linear
Surface_2,Surface_285,MP_SEL_SUR_018482.jpg,1,dot
Surface_2,Surface_285,MP_SEL_SUR_018487.jpg,1,linear
Surface_2,Surface_285,MP_SEL_SUR_018491.jpg,1,linear
Surface_2,Surface_285,MP_SEL_SUR_018500.jpg,1,dot
Surface_2,Surface_285,MP_SEL_SUR_018520.jpg,2,both
Surface_2,Surface_286,MP_SEL_SUR_018535.jpg,1,dot
Surface_2,Surface_286,MP_SEL_SUR_018563.jpg,1,dot
Surface_2,Surface_286,MP_SEL_SUR_018568.jpg,1,linear
Surface_2,Surface_286,MP_SEL_SUR_018578.jpg,1,dot
Surface_2,Surface_287,MP_SEL_SUR_018590.jpg,1,linear
Surface_2,Surface_287,MP_SEL_SUR_018603.jpg,1,linear
Surface_2,Surface_287,MP_SEL_SUR_018618.jpg,1,dot
Surface_2,Surface_287,MP_SEL_SUR_018625.jpg,1,dot
Surface_2,Surface_288,MP_SEL_SUR_018664.jpg,1,dot
Surface_2,Surface_288,MP_SEL_SUR_018666.jpg,1,linear
Surface_2,Surface_288,MP_SEL_SUR_018670.jpg,1,dot
Surface_2,Surface_288,MP_SEL_SUR_018673.jpg,1,linear
Surface_2,Surface_288,MP_SEL_SUR_018679.jpg,1,dot
Surface_2,Surface_288,MP_SEL_SUR_018684.jpg,1,dot
Surface_2,Surface_288,MP_SEL_SUR_018699.jpg,1,linear
Surface_2,Surface_288,MP_SEL_SUR_018700.jpg,1,dot
Surface_2,Surface_288,MP_SEL_SUR_018707.jpg,1,dot
Surface_2,Surface_288,MP_SEL_SUR_018722.jpg,1,linear
Surface_2,Surface_289,MP_SEL_SUR_018741.jpg,1,dot
Surface_2,Surface_289,MP_SEL_SUR_018744.jpg,1,dot
Surface_2,Surface_289,MP_SEL_SUR_018766.jpg,1,linear
Surface_2,Surface_289,MP_SEL_SUR_018774.jpg,1,linear
Surface_2,Surface_289,MP_SEL_SUR_018777.jpg,1,dot
Surface_2,Surface_289,MP_SEL_SUR_018788.jpg,1,linear
Surface_2,Surface_289,MP_SEL_SUR_018793.jpg,1,linear
Surface_2,Surface_289,MP_SEL_SUR_018798.jpg,1,dot
Surface_2,Surface_289,MP_SEL_SUR_018799.jpg,1,linear
Surface_2,Surface_290,MP_SEL_SUR_018827.jpg,1,dot
Surface_2,Surface_290,MP_SEL_SUR_018833.jpg,1,dot
Surface_2,Surface_290,MP_SEL_SUR_018859.jpg,1,dot
Surface_2,Surface_290,MP_SEL_SUR_018883.jpg,1,dot
Surface_2,Surface_290,MP_SEL_SUR_018890.jpg,1,dot
Surface_2,Surface_291,MP_SEL_SUR_018909.jpg,1,dot
Surface_2,Surface_291,MP_SEL_SUR_018920.jpg,1,dot
Surface_2,Surface_291,MP_SEL_SUR_018935.jpg,1,dot
Surface_2,Surface_291,MP_SEL_SUR_018942.jpg,1,linear
Surface_2,Surface_291,MP_SEL_SUR_018957.jpg,1,dot
Surface_2,Surface_291,MP_SEL_SUR_018969.jpg,1,linear
Surface_2,Surface_291,MP_SEL_SUR_018977.jpg,1,linear
Surface_2,Surface_292,MP_SEL_SUR_018985.jpg,1,dot
Surface_2,Surface_292,MP_SEL_SUR_018988.jpg,1,dot
Surface_2,Surface_292,MP_SEL_SUR_019001.jpg,1,dot
Surface_2,Surface_292,MP_SEL_SUR_019002.jpg,1,linear
Surface_2,Surface_292,MP_SEL_SUR_019003.jpg,2,dot
Surface_2,Surface_292,MP_SEL_SUR_019040.jpg,1,linear
Surface_2,Surface_292,MP_SEL_SUR_019055.jpg,1,linear
Surface_2,Surface_293,MP_SEL_SUR_019075.jpg,2,dot
Surface_2,Surface_293,MP_SEL_SUR_019081.jpg,1,linear
Surface_2,Surface_293,MP_SEL_SUR_019082.jpg,1,linear
Surface_2,Surface_293,MP_SEL_SUR_019089.jpg,1,linear
Surface_2,Surface_293,MP_SEL_SUR_019094.jpg,1,dot
Surface_2,Surface_293,MP_SEL_SUR_019106.jpg,1,dot
Surface_2,Surface_293,MP_SEL_SUR_019110.jpg,1,linear
Surface_2,Surface_293,MP_SEL_SUR_019124.jpg,1,linear
Surface_2,Surface_293,MP_SEL_SUR_019136.jpg,1,linear
Surface_2,Surface_294,MP_SEL_SUR_019140.jpg,1,dot
Surface_2,Surface_294,MP_SEL_SUR_019145.jpg,1,linear
Surface_2,Surface_294,MP_SEL_SUR_019161.jpg,1,dot
Surface_2,Surface_294,MP_SEL_SUR_019166.jpg,1,dot
Surface_2,Surface_294,MP_SEL_SUR_019168.jpg,1,dot
Surface_2,Surface_294,MP_SEL_SUR_019189.jpg,1,linear
Surface_2,Surface_294,MP_SEL_SUR_019191.jpg,1,linear
Surface_2,Surface_294,MP_SEL_SUR_019207.jpg,1,dot
Surface_2,Surface_294,MP_SEL_SUR_019217.jpg,1,linear
Surface_2,Surface_295,MP_SEL_SUR_019242.jpg,1,linear
Surface_2,Surface_295,MP_SEL_SUR_019273.jpg,1,dot
Surface_2,Surface_295,MP_SEL_SUR_019274.jpg,1,linear
Surface_2,Surface_295,MP_SEL_SUR_019276.jpg,1,linear
Surface_2,Surface_295,MP_SEL_SUR_019279.jpg,1,linear
Surface_2,Surface_295,MP_SEL_SUR_019282.jpg,1,linear
Surface_2,Surface_295,MP_SEL_SUR_019289.jpg,1,linear
Surface_2,Surface_296,MP_SEL_SUR_019299.jpg,0,none
Surface_2,Surface_296,MP_SEL_SUR_019301.jpg,1,dot
Surface_2,Surface_296,MP_SEL_SUR_019310.jpg,1,dot
Surface_2,Surface_296,MP_SEL_SUR_019325.jpg,1,linear
Surface_2,Surface_296,MP_SEL_SUR_019353.jpg,1,dot
Surface_2,Surface_296,MP_SEL_SUR_019359.jpg,2,linear
Surface_2,Surface_296,MP_SEL_SUR_019365.jpg,1,dot
Surface_2,Surface_296,MP_SEL_SUR_019377.jpg,1,dot
Surface_2,Surface_297,MP_SEL_SUR_019379.jpg,1,linear
Surface_2,Surface_297,MP_SEL_SUR_019405.jpg,1,dot
Surface_2,Surface_297,MP_SEL_SUR_019425.jpg,2,both
Surface_2,Surface_297,MP_SEL_SUR_019458.jpg,1,linear
Surface_2,Surface_298,MP_SEL_SUR_019474.jpg,1,linear
Surface_2,Surface_298,MP_SEL_SUR_019482.jpg,1,linear
Surface_2,Surface_298,MP_SEL_SUR_019486.jpg,1,linear
Surface_2,Surface_298,MP_SEL_SUR_019519.jpg,1,linear
Surface_2,Surface_299,MP_SEL_SUR_019564.jpg,1,linear
Surface_2,Surface_299,MP_SEL_SUR_019588.jpg,1,dot
Surface_2,Surface_299,MP_SEL_SUR_019610.jpg,1,linear
Surface_2,Surface_300,MP_SEL_SUR_019621.jpg,1,linear
Surface_2,Surface_300,MP_SEL_SUR_019626.jpg,1,linear
Surface_2,Surface_300,MP_SEL_SUR_019632.jpg,1,dot
Surface_2,Surface_300,MP_SEL_SUR_019659.jpg,1,linear
Surface_2,Surface_300,MP_SEL_SUR_019660.jpg,1,dot
Surface_3,Surface_301,MP_SEL_SUR_021394.jpg,1,linear
Surface_3,Surface_301,MP_SEL_SUR_021399.jpg,1,dot
Surface_3,Surface_301,MP_SEL_SUR_021402.jpg,1,linear
Surface_3,Surface_301,MP_SEL_SUR_021411.jpg,1,linear
Surface_3,Surface_302,MP_SEL_SUR_021455.jpg,1,linear
Surface_3,Surface_302,MP_SEL_SUR_021459.jpg,1,dot
Surface_3,Surface_302,MP_SEL_SUR_021477.jpg,1,linear
Surface_3,Surface_303,MP_SEL_SUR_021480.jpg,1,linear
Surface_3,Surface_303,MP_SEL_SUR_021487.jpg,1,linear
Surface_3,Surface_303,MP_SEL_SUR_021501.jpg,1,linear
Surface_3,Surface_303,MP_SEL_SUR_021505.jpg,1,dot
Surface_3,Surface_303,MP_SEL_SUR_021521.jpg,1,dot
Surface_3,Surface_304,MP_SEL_SUR_021531.jpg,1,dot
Surface_3,Surface_304,MP_SEL_SUR_021532.jpg,1,linear
Surface_3,Surface_304,MP_SEL_SUR_021536.jpg,1,dot
Surface_3,Surface_304,MP_SEL_SUR_021554.jpg,1,linear
Surface_3,Surface_304,MP_SEL_SUR_021572.jpg,1,linear
Surface_3,Surface_305,MP_SEL_SUR_021582.jpg,1,linear
Surface_3,Surface_305,MP_SEL_SUR_021586.jpg,1,linear
Surface_3,Surface_305,MP_SEL_SUR_021595.jpg,1,linear
Surface_3,Surface_305,MP_SEL_SUR_021603.jpg,1,linear
Surface_3,Surface_305,MP_SEL_SUR_021605.jpg,1,linear
Surface_3,Surface_305,MP_SEL_SUR_021621.jpg,1,linear
Surface_3,Surface_305,MP_SEL_SUR_021622.jpg,1,dot
Surface_3,Surface_306,MP_SEL_SUR_021636.jpg,1,linear
Surface_3,Surface_306,MP_SEL_SUR_021638.jpg,1,dot
Surface_3,Surface_306,MP_SEL_SUR_021642.jpg,1,dot
Surface_3,Surface_306,MP_SEL_SUR_021643.jpg,1,linear
Surface_3,Surface_306,MP_SEL_SUR_021657.jpg,1,dot
Surface_3,Surface_306,MP_SEL_SUR_021659.jpg,1,linear
Surface_3,Surface_306,MP_SEL_SUR_021671.jpg,1,linear
Surface_3,Surface_306,MP_SEL_SUR_021676.jpg,1,dot
Surface_3,Surface_307,MP_SEL_SUR_021695.jpg,2,both
Surface_3,Surface_307,MP_SEL_SUR_021713.jpg,1,linear
Surface_3,Surface_307,MP_SEL_SUR_021726.jpg,2,both
Surface_3,Surface_308,MP_SEL_SUR_021740.jpg,1,dot
Surface_3,Surface_308,MP_SEL_SUR_021755.jpg,1,linear
Surface_3,Surface_308,MP_SEL_SUR_021756.jpg,1,dot
Surface_3,Surface_308,MP_SEL_SUR_021761.jpg,1,dot
Surface_3,Surface_309,MP_SEL_SUR_021784.jpg,1,linear
Surface_3,Surface_309,MP_SEL_SUR_021793.jpg,1,linear
Surface_3,Surface_309,MP_SEL_SUR_021798.jpg,1,linear
Surface_3,Surface_309,MP_SEL_SUR_021805.jpg,1,dot
Surface_3,Surface_309,MP_SEL_SUR_021816.jpg,1,dot
Surface_3,Surface_309,MP_SEL_SUR_021817.jpg,1,linear
Surface_3,Surface_309,MP_SEL_SUR_021823.jpg,1,linear
Surface_3,Surface_310,MP_SEL_SUR_021830.jpg,1,linear
Surface_3,Surface_310,MP_SEL_SUR_021834.jpg,1,dot
Surface_3,Surface_310,MP_SEL_SUR_021864.jpg,1,linear
Surface_3,Surface_310,MP_SEL_SUR_021870.jpg,1,dot
Surface_3,Surface_311,MP_SEL_SUR_021882.jpg,1,dot
Surface_3,Surface_311,MP_SEL_SUR_021890.jpg,1,dot
Surface_3,Surface_311,MP_SEL_SUR_021904.jpg,1,linear
Surface_3,Surface_311,MP_SEL_SUR_021905.jpg,1,linear
Surface_3,Surface_311,MP_SEL_SUR_021922.jpg,1,dot
Surface_3,Surface_312,MP_SEL_SUR_021937.jpg,1,linear
Surface_3,Surface_312,MP_SEL_SUR_021975.jpg,1,dot
Surface_3,Surface_313,MP_SEL_SUR_021980.jpg,1,linear
Surface_3,Surface_313,MP_SEL_SUR_021986.jpg,1,linear
Surface_3,Surface_313,MP_SEL_SUR_021989.jpg,1,dot
Surface_3,Surface_313,MP_SEL_SUR_021990.jpg,1,linear
Surface_3,Surface_313,MP_SEL_SUR_021993.jpg,1,dot
Surface_3,Surface_313,MP_SEL_SUR_022009.jpg,1,linear
Surface_3,Surface_313,MP_SEL_SUR_022027.jpg,1,dot
Surface_3,Surface_314,MP_SEL_SUR_022029.jpg,1,linear
Surface_3,Surface_314,MP_SEL_SUR_022036.jpg,1,linear
Surface_3,Surface_314,MP_SEL_SUR_022072.jpg,1,dot
Surface_3,Surface_315,MP_SEL_SUR_022097.jpg,1,linear
Surface_3,Surface_315,MP_SEL_SUR_022104.jpg,1,linear
Surface_3,Surface_315,MP_SEL_SUR_022123.jpg,1,linear
Surface_3,Surface_316,MP_SEL_SUR_022137.jpg,1,linear
Surface_3,Surface_316,MP_SEL_SUR_022145.jpg,1,linear
Surface_3,Surface_316,MP_SEL_SUR_022146.jpg,1,linear
Surface_3,Surface_316,MP_SEL_SUR_022152.jpg,1,dot
Surface_3,Surface_316,MP_SEL_SUR_022158.jpg,2,dot
Surface_3,Surface_316,MP_SEL_SUR_022159.jpg,1,linear
Surface_3,Surface_316,MP_SEL_SUR_022161.jpg,1,dot
Surface_3,Surface_316,MP_SEL_SUR_022171.jpg,1,linear
Surface_3,Surface_317,MP_SEL_SUR_022208.jpg,1,linear
Surface_3,Surface_317,MP_SEL_SUR_022214.jpg,1,dot
Surface_3,Surface_317,MP_SEL_SUR_022222.jpg,1,dot
Surface_3,Surface_318,MP_SEL_SUR_022245.jpg,1,linear
Surface_3,Surface_318,MP_SEL_SUR_022252.jpg,1,dot
Surface_3,Surface_319,MP_SEL_SUR_022283.jpg,1,linear
Surface_3,Surface_319,MP_SEL_SUR_022310.jpg,1,dot
Surface_3,Surface_319,MP_SEL_SUR_022320.jpg,1,linear
Surface_3,Surface_320,MP_SEL_SUR_022346.jpg,1,dot
Surface_3,Surface_320,MP_SEL_SUR_022351.jpg,1,linear
Surface_3,Surface_320,MP_SEL_SUR_022364.jpg,1,linear
Surface_3,Surface_320,MP_SEL_SUR_022369.jpg,1,linear
Surface_3,Surface_321,MP_SEL_SUR_019706.jpg,1,linear
Surface_3,Surface_321,MP_SEL_SUR_019707.jpg,1,linear
Surface_3,Surface_321,MP_SEL_SUR_019716.jpg,1,dot
Surface_3,Surface_321,MP_SEL_SUR_019725.jpg,1,linear
Surface_3,Surface_321,MP_SEL_SUR_019744.jpg,1,linear
Surface_3,Surface_321,MP_SEL_SUR_019753.jpg,1,linear
Surface_3,Surface_321,MP_SEL_SUR_019778.jpg,1,linear
Surface_3,Surface_322,MP_SEL_SUR_019781.jpg,1,linear
Surface_3,Surface_322,MP_SEL_SUR_019829.jpg,1,linear
Surface_3,Surface_322,MP_SEL_SUR_019841.jpg,1,linear
Surface_3,Surface_322,MP_SEL_SUR_019842.jpg,1,linear
Surface_3,Surface_322,MP_SEL_SUR_019854.jpg,2,dot
Surface_3,Surface_323,MP_SEL_SUR_019862.jpg,1,dot
Surface_3,Surface_323,MP_SEL_SUR_019873.jpg,1,linear
Surface_3,Surface_323,MP_SEL_SUR_019879.jpg,1,linear
Surface_3,Surface_323,MP_SEL_SUR_019880.jpg,2,dot
Surface_3,Surface_323,MP_SEL_SUR_019883.jpg,1,dot
Surface_3,Surface_323,MP_SEL_SUR_019893.jpg,1,dot
Surface_3,Surface_323,MP_SEL_SUR_019898.jpg,1,dot
Surface_3,Surface_323,MP_SEL_SUR_019902.jpg,1,dot
Surface_3,Surface_323,MP_SEL_SUR_019929.jpg,1,linear
Surface_3,Surface_323,MP_SEL_SUR_019934.jpg,1,linear
Surface_3,Surface_323,MP_SEL_SUR_019937.jpg,1,dot
Surface_3,Surface_323,MP_SEL_SUR_019938.jpg,1,dot
Surface_3,Surface_324,MP_SEL_SUR_019942.jpg,1,dot
Surface_3,Surface_324,MP_SEL_SUR_019953.jpg,1,linear
Surface_3,Surface_324,MP_SEL_SUR_019955.jpg,1,dot
Surface_3,Surface_324,MP_SEL_SUR_019982.jpg,1,dot
Surface_3,Surface_324,MP_SEL_SUR_019989.jpg,1,linear
Surface_3,Surface_325,MP_SEL_SUR_020033.jpg,1,linear
Surface_3,Surface_325,MP_SEL_SUR_020040.jpg,1,dot
Surface_3,Surface_325,MP_SEL_SUR_020057.jpg,1,linear
Surface_3,Surface_325,MP_SEL_SUR_020060.jpg,1,linear
Surface_3,Surface_325,MP_SEL_SUR_020075.jpg,2,dot
Surface_3,Surface_325,MP_SEL_SUR_020078.jpg,1,dot
Surface_3,Surface_325,MP_SEL_SUR_020082.jpg,1,dot
Surface_3,Surface_325,MP_SEL_SUR_020092.jpg,1,linear
Surface_3,Surface_326,MP_SEL_SUR_020102.jpg,1,linear
Surface_3,Surface_326,MP_SEL_SUR_020103.jpg,1,dot
Surface_3,Surface_326,MP_SEL_SUR_020107.jpg,1,dot
Surface_3,Surface_326,MP_SEL_SUR_020116.jpg,1,linear
Surface_3,Surface_326,MP_SEL_SUR_020118.jpg,2,both
Surface_3,Surface_326,MP_SEL_SUR_020140.jpg,1,linear
Surface_3,Surface_326,MP_SEL_SUR_020145.jpg,1,dot
Surface_3,Surface_326,MP_SEL_SUR_020149.jpg,1,linear
Surface_3,Surface_326,MP_SEL_SUR_020153.jpg,1,dot
Surface_3,Surface_326,MP_SEL_SUR_020162.jpg,1,linear
Surface_3,Surface_327,MP_SEL_SUR_020188.jpg,1,dot
Surface_3,Surface_327,MP_SEL_SUR_020200.jpg,1,linear
Surface_3,Surface_327,MP_SEL_SUR_020210.jpg,1,linear
Surface_3,Surface_327,MP_SEL_SUR_020214.jpg,1,dot
Surface_3,Surface_327,MP_SEL_SUR_020222.jpg,1,linear
Surface_3,Surface_327,MP_SEL_SUR_020226.jpg,1,dot
Surface_3,Surface_327,MP_SEL_SUR_020229.jpg,1,linear
Surface_3,Surface_327,MP_SEL_SUR_020243.jpg,1,dot
Surface_3,Surface_327,MP_SEL_SUR_020247.jpg,1,dot
Surface_3,Surface_327,MP_SEL_SUR_020248.jpg,1,dot
Surface_3,Surface_327,MP_SEL_SUR_020253.jpg,1,dot
Surface_3,Surface_327,MP_SEL_SUR_020257.jpg,1,linear
Surface_3,Surface_328,MP_SEL_SUR_022385.jpg,0,none
Surface_3,Surface_328,MP_SEL_SUR_022387.jpg,1,linear
Surface_3,Surface_328,MP_SEL_SUR_022388.jpg,1,dot
Surface_3,Surface_328,MP_SEL_SUR_022401.jpg,1,linear
Surface_3,Surface_328,MP_SEL_SUR_022411.jpg,1,dot
Surface_3,Surface_329,MP_SEL_SUR_022432.jpg,1,linear
Surface_3,Surface_329,MP_SEL_SUR_022442.jpg,1,linear
Surface_3,Surface_329,MP_SEL_SUR_022464.jpg,1,linear
Surface_3,Surface_330,MP_SEL_SUR_022518.jpg,1,linear
Surface_3,Surface_331,MP_SEL_SUR_022532.jpg,1,linear
Surface_3,Surface_331,MP_SEL_SUR_022540.jpg,1,dot
Surface_3,Surface_331,MP_SEL_SUR_022544.jpg,1,linear
Surface_3,Surface_331,MP_SEL_SUR_022561.jpg,1,dot
Surface_3,Surface_331,MP_SEL_SUR_022566.jpg,1,dot
Surface_3,Surface_331,MP_SEL_SUR_022567.jpg,1,dot
Surface_3,Surface_332,MP_SEL_SUR_022597.jpg,1,linear
Surface_3,Surface_332,MP_SEL_SUR_022611.jpg,1,linear
Surface_3,Surface_332,MP_SEL_SUR_022612.jpg,1,linear
Surface_3,Surface_332,MP_SEL_SUR_022619.jpg,1,dot
Surface_3,Surface_333,MP_SEL_SUR_022636.jpg,1,linear
Surface_3,Surface_333,MP_SEL_SUR_022638.jpg,1,dot
Surface_3,Surface_333,MP_SEL_SUR_022652.jpg,1,linear
Surface_3,Surface_333,MP_SEL_SUR_022653.jpg,1,dot
Surface_3,Surface_333,MP_SEL_SUR_022666.jpg,1,linear
Surface_3,Surface_334,MP_SEL_SUR_022690.jpg,1,dot
Surface_3,Surface_334,MP_SEL_SUR_022703.jpg,1,linear
Surface_3,Surface_334,MP_SEL_SUR_022721.jpg,1,dot
Surface_3,Surface_334,MP_SEL_SUR_022722.jpg,1,linear
Surface_3,Surface_334,MP_SEL_SUR_022725.jpg,1,linear
Surface_3,Surface_334,MP_SEL_SUR_022726.jpg,1,linear
Surface_3,Surface_335,MP_SEL_SUR_022745.jpg,1,linear
Surface_3,Surface_335,MP_SEL_SUR_022752.jpg,1,dot
Surface_3,Surface_335,MP_SEL_SUR_022754.jpg,1,dot
Surface_3,Surface_335,MP_SEL_SUR_022764.jpg,1,dot
Surface_3,Surface_335,MP_SEL_SUR_022766.jpg,1,linear
Surface_3,Surface_336,MP_SEL_SUR_022783.jpg,1,dot
Surface_3,Surface_336,MP_SEL_SUR_022785.jpg,1,dot
Surface_3,Surface_336,MP_SEL_SUR_022787.jpg,1,linear
Surface_3,Surface_336,MP_SEL_SUR_022799.jpg,1,dot
Surface_3,Surface_336,MP_SEL_SUR_022801.jpg,1,dot
Surface_3,Surface_336,MP_SEL_SUR_022817.jpg,1,dot
Surface_3,Surface_337,MP_SEL_SUR_022840.jpg,1,dot
Surface_3,Surface_337,MP_SEL_SUR_022864.jpg,1,dot
Surface_3,Surface_337,MP_SEL_SUR_022866.jpg,1,dot
Surface_3,Surface_337,MP_SEL_SUR_022871.jpg,1,dot
Surface_3,Surface_337,MP_SEL_SUR_022874.jpg,1,dot
Surface_3,Surface_338,MP_SEL_SUR_022889.jpg,1,linear
Surface_3,Surface_338,MP_SEL_SUR_022894.jpg,1,dot
Surface_3,Surface_339,MP_SEL_SUR_022936.jpg,1,dot
Surface_3,Surface_339,MP_SEL_SUR_022940.jpg,1,linear
Surface_3,Surface_339,MP_SEL_SUR_022965.jpg,1,linear
Surface_3,Surface_340,MP_SEL_SUR_023010.jpg,1,linear
Surface_3,Surface_340,MP_SEL_SUR_023013.jpg,1,dot
Surface_3,Surface_340,MP_SEL_SUR_023016.jpg,1,linear
Surface_3,Surface_341,MP_SEL_SUR_023029.jpg,1,dot
Surface_3,Surface_341,MP_SEL_SUR_023073.jpg,1,linear
Surface_3,Surface_342,MP_SEL_SUR_023080.jpg,1,linear
Surface_3,Surface_342,MP_SEL_SUR_023081.jpg,1,linear
Surface_3,Surface_342,MP_SEL_SUR_023096.jpg,1,dot
Surface_3,Surface_342,MP_SEL_SUR_023100.jpg,1,dot
Surface_3,Surface_342,MP_SEL_SUR_023112.jpg,1,linear
Surface_3,Surface_342,MP_SEL_SUR_023113.jpg,1,dot
Surface_3,Surface_342,MP_SEL_SUR_023119.jpg,1,dot
Surface_3,Surface_342,MP_SEL_SUR_023120.jpg,1,linear
Surface_3,Surface_342,MP_SEL_SUR_023128.jpg,1,dot
Surface_3,Surface_343,MP_SEL_SUR_023129.jpg,1,linear
Surface_3,Surface_343,MP_SEL_SUR_023140.jpg,1,dot
Surface_3,Surface_343,MP_SEL_SUR_023144.jpg,1,linear
Surface_3,Surface_343,MP_SEL_SUR_023160.jpg,1,linear
Surface_3,Surface_344,MP_SEL_SUR_023186.jpg,1,dot
Surface_3,Surface_344,MP_SEL_SUR_023187.jpg,1,dot
Surface_3,Surface_344,MP_SEL_SUR_023198.jpg,1,dot
Surface_3,Surface_344,MP_SEL_SUR_023212.jpg,1,linear
Surface_3,Surface_344,MP_SEL_SUR_023228.jpg,1,dot
Surface_3,Surface_345,MP_SEL_SUR_023242.jpg,1,linear
Surface_3,Surface_345,MP_SEL_SUR_023252.jpg,1,linear
Surface_3,Surface_345,MP_SEL_SUR_023256.jpg,1,linear
Surface_3,Surface_345,MP_SEL_SUR_023264.jpg,1,linear
Surface_3,Surface_346,MP_SEL_SUR_023280.jpg,2,both
Surface_3,Surface_346,MP_SEL_SUR_023281.jpg,1,linear
Surface_3,Surface_346,MP_SEL_SUR_023286.jpg,1,dot
Surface_3,Surface_346,MP_SEL_SUR_023287.jpg,1,dot
Surface_3,Surface_346,MP_SEL_SUR_023294.jpg,1,dot
Surface_3,Surface_346,MP_SEL_SUR_023307.jpg,1,linear
Surface_3,Surface_346,MP_SEL_SUR_023314.jpg,1,linear
Surface_3,Surface_346,MP_SEL_SUR_023315.jpg,1,dot
Surface_3,Surface_346,MP_SEL_SUR_023318.jpg,1,dot
Surface_3,Surface_346,MP_SEL_SUR_023327.jpg,1,linear
Surface_3,Surface_347,MP_SEL_SUR_023337.jpg,1,dot
Surface_3,Surface_347,MP_SEL_SUR_023343.jpg,1,dot
Surface_3,Surface_347,MP_SEL_SUR_023365.jpg,1,linear
Surface_3,Surface_348,MP_SEL_SUR_020264.jpg,1,linear
Surface_3,Surface_348,MP_SEL_SUR_020275.jpg,1,dot
Surface_3,Surface_348,MP_SEL_SUR_020279.jpg,1,dot
Surface_3,Surface_348,MP_SEL_SUR_020308.jpg,1,linear
Surface_3,Surface_348,MP_SEL_SUR_020310.jpg,1,linear
Surface_3,Surface_348,MP_SEL_SUR_020315.jpg,1,dot
Surface_3,Surface_348,MP_SEL_SUR_020321.jpg,2,dot
Surface_3,Surface_348,MP_SEL_SUR_020322.jpg,1,linear
Surface_3,Surface_348,MP_SEL_SUR_020336.jpg,1,dot
Surface_3,Surface_349,MP_SEL_SUR_020345.jpg,1,linear
Surface_3,Surface_349,MP_SEL_SUR_020364.jpg,1,linear
Surface_3,Surface_349,MP_SEL_SUR_020380.jpg,1,linear
Surface_3,Surface_349,MP_SEL_SUR_020395.jpg,1,linear
Surface_3,Surface_349,MP_SEL_SUR_020399.jpg,1,linear
Surface_3,Surface_349,MP_SEL_SUR_020406.jpg,1,dot
Surface_3,Surface_350,MP_SEL_SUR_020420.jpg,1,linear
Surface_3,Surface_350,MP_SEL_SUR_020422.jpg,2,linear
Surface_3,Surface_350,MP_SEL_SUR_020428.jpg,1,linear
Surface_3,Surface_350,MP_SEL_SUR_020432.jpg,1,dot
Surface_3,Surface_350,MP_SEL_SUR_020441.jpg,1,dot
Surface_3,Surface_350,MP_SEL_SUR_020455.jpg,1,dot
Surface_3,Surface_350,MP_SEL_SUR_020477.jpg,1,dot
Surface_3,Surface_350,MP_SEL_SUR_020488.jpg,1,linear
Surface_3,Surface_350,MP_SEL_SUR_020490.jpg,1,dot
Surface_3,Surface_350,MP_SEL_SUR_020496.jpg,1,linear
Surface_3,Surface_351,MP_SEL_SUR_020503.jpg,1,dot
Surface_3,Surface_351,MP_SEL_SUR_020512.jpg,1,linear
Surface_3,Surface_351,MP_SEL_SUR_020518.jpg,1,linear
Surface_3,Surface_351,MP_SEL_SUR_020521.jpg,1,dot
Surface_3,Surface_351,MP_SEL_SUR_020536.jpg,1,linear
Surface_3,Surface_351,MP_SEL_SUR_020538.jpg,1,dot
Surface_3,Surface_351,MP_SEL_SUR_020549.jpg,1,linear
Surface_3,Surface_351,MP_SEL_SUR_020563.jpg,1,linear
Surface_3,Surface_351,MP_SEL_SUR_020577.jpg,1,dot
Surface_3,Surface_352,MP_SEL_SUR_020589.jpg,1,linear
Surface_3,Surface_352,MP_SEL_SUR_020594.jpg,1,linear
Surface_3,Surface_352,MP_SEL_SUR_020596.jpg,1,dot
Surface_3,Surface_352,MP_SEL_SUR_020599.jpg,1,dot
Surface_3,Surface_352,MP_SEL_SUR_020616.jpg,1,linear
Surface_3,Surface_352,MP_SEL_SUR_020652.jpg,1,linear
Surface_3,Surface_352,MP_SEL_SUR_020653.jpg,1,dot
Surface_3,Surface_353,MP_SEL_SUR_020660.jpg,1,linear
Surface_3,Surface_353,MP_SEL_SUR_020668.jpg,1,linear
Surface_3,Surface_353,MP_SEL_SUR_020682.jpg,1,dot
Surface_3,Surface_353,MP_SEL_SUR_020688.jpg,1,linear
Surface_3,Surface_353,MP_SEL_SUR_020694.jpg,1,dot
Surface_3,Surface_353,MP_SEL_SUR_020733.jpg,1,dot
Surface_3,Surface_353,MP_SEL_SUR_020734.jpg,1,dot
Surface_3,Surface_354,MP_SEL_SUR_020752.jpg,1,linear
Surface_3,Surface_354,MP_SEL_SUR_020756.jpg,1,linear
Surface_3,Surface_354,MP_SEL_SUR_020766.jpg,1,dot
Surface_3,Surface_354,MP_SEL_SUR_020770.jpg,1,dot
Surface_3,Surface_354,MP_SEL_SUR_020779.jpg,1,dot
Surface_3,Surface_354,MP_SEL_SUR_020780.jpg,1,dot
Surface_3,Surface_355,MP_SEL_SUR_023379.jpg,1,linear
Surface_3,Surface_355,MP_SEL_SUR_023387.jpg,1,linear
Surface_3,Surface_355,MP_SEL_SUR_023390.jpg,1,linear
Surface_3,Surface_356,MP_SEL_SUR_023437.jpg,1,dot
Surface_3,Surface_356,MP_SEL_SUR_023449.jpg,1,dot
Surface_3,Surface_357,MP_SEL_SUR_023479.jpg,1,linear
Surface_3,Surface_357,MP_SEL_SUR_023483.jpg,1,linear
Surface_3,Surface_357,MP_SEL_SUR_023493.jpg,1,dot
Surface_3,Surface_357,MP_SEL_SUR_023505.jpg,1,linear
Surface_3,Surface_357,MP_SEL_SUR_023512.jpg,1,linear
Surface_3,Surface_357,MP_SEL_SUR_023516.jpg,1,dot
Surface_3,Surface_357,MP_SEL_SUR_023518.jpg,1,dot
Surface_3,Surface_357,MP_SEL_SUR_023521.jpg,1,linear
Surface_3,Surface_357,MP_SEL_SUR_023522.jpg,1,dot
Surface_3,Surface_357,MP_SEL_SUR_023526.jpg,1,dot
Surface_3,Surface_358,MP_SEL_SUR_023546.jpg,1,linear
Surface_3,Surface_358,MP_SEL_SUR_023554.jpg,1,linear
Surface_3,Surface_358,MP_SEL_SUR_023556.jpg,1,linear
Surface_3,Surface_358,MP_SEL_SUR_023570.jpg,1,dot
Surface_3,Surface_358,MP_SEL_SUR_023577.jpg,1,dot
Surface_3,Surface_359,MP_SEL_SUR_023581.jpg,1,dot
Surface_3,Surface_359,MP_SEL_SUR_023583.jpg,1,dot
Surface_3,Surface_359,MP_SEL_SUR_023585.jpg,2,dot
Surface_3,Surface_359,MP_SEL_SUR_023617.jpg,2,dot
Surface_3,Surface_359,MP_SEL_SUR_023620.jpg,1,linear
Surface_3,Surface_360,MP_SEL_SUR_023649.jpg,1,dot
Surface_3,Surface_360,MP_SEL_SUR_023667.jpg,1,linear
Surface_3,Surface_360,MP_SEL_SUR_023668.jpg,1,linear
Surface_3,Surface_360,MP_SEL_SUR_023672.jpg,1,linear
Surface_3,Surface_360,MP_SEL_SUR_023675.jpg,1,linear
Surface_3,Surface_360,MP_SEL_SUR_023676.jpg,1,dot
Surface_3,Surface_361,MP_SEL_SUR_023683.jpg,1,dot
Surface_3,Surface_361,MP_SEL_SUR_023705.jpg,1,linear
Surface_3,Surface_361,MP_SEL_SUR_023708.jpg,1,linear
Surface_3,Surface_361,MP_SEL_SUR_023710.jpg,1,dot
Surface_3,Surface_362,MP_SEL_SUR_023730.jpg,1,linear
Surface_3,Surface_362,MP_SEL_SUR_023736.jpg,1,linear
Surface_3,Surface_362,MP_SEL_SUR_023749.jpg,1,linear
Surface_3,Surface_362,MP_SEL_SUR_023750.jpg,1,dot
Surface_3,Surface_362,MP_SEL_SUR_023756.jpg,1,linear
Surface_3,Surface_362,MP_SEL_SUR_023768.jpg,1,linear
Surface_3,Surface_362,MP_SEL_SUR_023770.jpg,1,dot
Surface_3,Surface_362,MP_SEL_SUR_023776.jpg,1,linear
Surface_3,Surface_363,MP_SEL_SUR_023790.jpg,1,linear
Surface_3,Surface_363,MP_SEL_SUR_023809.jpg,1,dot
Surface_3,Surface_363,MP_SEL_SUR_023828.jpg,1,dot
Surface_3,Surface_364,MP_SEL_SUR_023829.jpg,1,linear
Surface_3,Surface_364,MP_SEL_SUR_023844.jpg,1,linear
Surface_3,Surface_364,MP_SEL_SUR_023851.jpg,1,linear
Surface_3,Surface_364,MP_SEL_SUR_023861.jpg,1,linear
Surface_3,Surface_364,MP_SEL_SUR_023870.jpg,1,dot
Surface_3,Surface_364,MP_SEL_SUR_023878.jpg,1,dot
Surface_3,Surface_365,MP_SEL_SUR_023886.jpg,1,dot
Surface_3,Surface_366,MP_SEL_SUR_023961.jpg,1,linear
Surface_3,Surface_367,MP_SEL_SUR_024005.jpg,1,dot
Surface_3,Surface_367,MP_SEL_SUR_024010.jpg,1,dot
Surface_3,Surface_367,MP_SEL_SUR_024011.jpg,1,linear
Surface_3,Surface_367,MP_SEL_SUR_024019.jpg,1,dot
Surface_3,Surface_367,MP_SEL_SUR_024021.jpg,1,linear
Surface_3,Surface_367,MP_SEL_SUR_024026.jpg,1,linear
Surface_3,Surface_368,MP_SEL_SUR_024033.jpg,1,linear
Surface_3,Surface_368,MP_SEL_SUR_024039.jpg,1,dot
Surface_3,Surface_368,MP_SEL_SUR_024046.jpg,1,dot
Surface_3,Surface_368,MP_SEL_SUR_024055.jpg,1,linear
Surface_3,Surface_368,MP_SEL_SUR_024057.jpg,1,dot
Surface_3,Surface_368,MP_SEL_SUR_024068.jpg,1,dot
Surface_3,Surface_369,MP_SEL_SUR_024090.jpg,1,linear
Surface_3,Surface_369,MP_SEL_SUR_024093.jpg,1,dot
Surface_3,Surface_370,MP_SEL_SUR_024136.jpg,1,linear
Surface_3,Surface_370,MP_SEL_SUR_024139.jpg,1,dot
Surface_3,Surface_370,MP_SEL_SUR_024162.jpg,1,linear
Surface_3,Surface_370,MP_SEL_SUR_024169.jpg,1,linear
Surface_3,Surface_370,MP_SEL_SUR_024171.jpg,1,linear
Surface_3,Surface_370,MP_SEL_SUR_024172.jpg,1,dot
Surface_3,Surface_371,MP_SEL_SUR_024186.jpg,1,dot
Surface_3,Surface_371,MP_SEL_SUR_024204.jpg,1,dot
Surface_3,Surface_371,MP_SEL_SUR_024226.jpg,1,linear
Surface_3,Surface_372,MP_SEL_SUR_024255.jpg,1,linear
Surface_3,Surface_373,MP_SEL_SUR_024283.jpg,1,dot
Surface_3,Surface_373,MP_SEL_SUR_024291.jpg,1,dot
Surface_3,Surface_373,MP_SEL_SUR_024306.jpg,1,linear
Surface_3,Surface_373,MP_SEL_SUR_024323.jpg,1,dot
Surface_3,Surface_374,MP_SEL_SUR_024344.jpg,1,linear
Surface_3,Surface_374,MP_SEL_SUR_024349.jpg,1,dot
Surface_3,Surface_374,MP_SEL_SUR_024350.jpg,1,linear
Surface_3,Surface_374,MP_SEL_SUR_024358.jpg,1,linear
Surface_3,Surface_374,MP_SEL_SUR_024367.jpg,1,linear
Surface_3,Surface_375,MP_SEL_SUR_020829.jpg,1,linear
Surface_3,Surface_375,MP_SEL_SUR_020840.jpg,1,dot
Surface_3,Surface_375,MP_SEL_SUR_020864.jpg,1,linear
Surface_3,Surface_375,MP_SEL_SUR_020875.jpg,1,linear
Surface_3,Surface_375,MP_SEL_SUR_020890.jpg,1,dot
Surface_3,Surface_375,MP_SEL_SUR_020892.jpg,1,dot
Surface_3,Surface_375,MP_SEL_SUR_020895.jpg,1,dot
Surface_3,Surface_376,MP_SEL_SUR_020901.jpg,1,dot
Surface_3,Surface_376,MP_SEL_SUR_020904.jpg,1,linear
Surface_3,Surface_376,MP_SEL_SUR_020921.jpg,1,dot
Surface_3,Surface_376,MP_SEL_SUR_020934.jpg,1,linear
Surface_3,Surface_376,MP_SEL_SUR_020954.jpg,1,dot
Surface_3,Surface_376,MP_SEL_SUR_020958.jpg,1,dot
Surface_3,Surface_376,MP_SEL_SUR_020971.jpg,1,dot
Surface_3,Surface_376,MP_SEL_SUR_020975.jpg,1,dot
Surface_3,Surface_377,MP_SEL_SUR_020997.jpg,1,dot
Surface_3,Surface_377,MP_SEL_SUR_021008.jpg,1,linear
Surface_3,Surface_377,MP_SEL_SUR_021010.jpg,1,linear
Surface_3,Surface_377,MP_SEL_SUR_021016.jpg,1,dot
Surface_3,Surface_377,MP_SEL_SUR_021044.jpg,1,linear
Surface_3,Surface_377,MP_SEL_SUR_021046.jpg,1,dot
Surface_3,Surface_378,MP_SEL_SUR_021060.jpg,1,linear
Surface_3,Surface_378,MP_SEL_SUR_021061.jpg,1,linear
Surface_3,Surface_378,MP_SEL_SUR_021068.jpg,1,linear
Surface_3,Surface_378,MP_SEL_SUR_021076.jpg,1,linear
Surface_3,Surface_378,MP_SEL_SUR_021078.jpg,1,linear
Surface_3,Surface_378,MP_SEL_SUR_021079.jpg,1,linear
Surface_3,Surface_378,MP_SEL_SUR_021080.jpg,1,linear
Surface_3,Surface_378,MP_SEL_SUR_021095.jpg,1,linear
Surface_3,Surface_378,MP_SEL_SUR_021103.jpg,1,linear
Surface_3,Surface_378,MP_SEL_SUR_021106.jpg,1,linear
Surface_3,Surface_378,MP_SEL_SUR_021128.jpg,1,linear
Surface_3,Surface_379,MP_SEL_SUR_021143.jpg,1,linear
Surface_3,Surface_379,MP_SEL_SUR_021145.jpg,1,linear
Surface_3,Surface_379,MP_SEL_SUR_021147.jpg,1,linear
Surface_3,Surface_379,MP_SEL_SUR_021149.jpg,1,linear
Surface_3,Surface_379,MP_SEL_SUR_021152.jpg,2,both
Surface_3,Surface_379,MP_SEL_SUR_021154.jpg,1,linear
Surface_3,Surface_379,MP_SEL_SUR_021155.jpg,1,dot
Surface_3,Surface_379,MP_SEL_SUR_021159.jpg,1,linear
Surface_3,Surface_379,MP_SEL_SUR_021170.jpg,1,dot
Surface_3,Surface_379,MP_SEL_SUR_021174.jpg,1,linear
Surface_3,Surface_379,MP_SEL_SUR_021179.jpg,1,linear
Surface_3,Surface_379,MP_SEL_SUR_021180.jpg,1,linear
Surface_3,Surface_379,MP_SEL_SUR_021183.jpg,1,linear
Surface_3,Surface_379,MP_SEL_SUR_021195.jpg,1,linear
Surface_3,Surface_379,MP_SEL_SUR_021198.jpg,1,linear
Surface_3,Surface_379,MP_SEL_SUR_021202.jpg,1,dot
Surface_3,Surface_380,MP_SEL_SUR_021226.jpg,1,linear
Surface_3,Surface_380,MP_SEL_SUR_021227.jpg,1,linear
Surface_3,Surface_380,MP_SEL_SUR_021233.jpg,1,linear
Surface_3,Surface_380,MP_SEL_SUR_021240.jpg,1,linear
Surface_3,Surface_380,MP_SEL_SUR_021250.jpg,1,linear
Surface_3,Surface_380,MP_SEL_SUR_021256.jpg,1,linear
Surface_3,Surface_380,MP_SEL_SUR_021260.jpg,1,linear
Surface_3,Surface_380,MP_SEL_SUR_021265.jpg,1,dot
Surface_3,Surface_380,MP_SEL_SUR_021272.jpg,1,linear
Surface_3,Surface_380,MP_SEL_SUR_021283.jpg,1,dot
Surface_3,Surface_380,MP_SEL_SUR_021293.jpg,1,dot
Surface_3,Surface_381,MP_SEL_SUR_021304.jpg,1,linear
Surface_3,Surface_381,MP_SEL_SUR_021310.jpg,1,linear
Surface_3,Surface_381,MP_SEL_SUR_021319.jpg,1,dot
Surface_3,Surface_381,MP_SEL_SUR_021323.jpg,1,linear
Surface_3,Surface_381,MP_SEL_SUR_021346.jpg,1,linear
Surface_3,Surface_382,MP_SEL_SUR_024399.jpg,1,dot
Surface_3,Surface_382,MP_SEL_SUR_024424.jpg,1,dot
Surface_3,Surface_383,MP_SEL_SUR_024429.jpg,1,dot
Surface_3,Surface_383,MP_SEL_SUR_024432.jpg,1,linear
Surface_3,Surface_383,MP_SEL_SUR_024434.jpg,1,linear
Surface_3,Surface_383,MP_SEL_SUR_024436.jpg,1,linear
Surface_3,Surface_383,MP_SEL_SUR_024447.jpg,1,dot
Surface_3,Surface_384,MP_SEL_SUR_024495.jpg,1,linear
Surface_3,Surface_384,MP_SEL_SUR_024497.jpg,2,linear
Surface_3,Surface_384,MP_SEL_SUR_024500.jpg,1,linear
Surface_3,Surface_384,MP_SEL_SUR_024527.jpg,1,dot
Surface_3,Surface_385,MP_SEL_SUR_024537.jpg,1,linear
Surface_3,Surface_385,MP_SEL_SUR_024547.jpg,1,linear
Surface_3,Surface_385,MP_SEL_SUR_024564.jpg,1,linear
Surface_3,Surface_385,MP_SEL_SUR_024566.jpg,1,dot
Surface_3,Surface_386,MP_SEL_SUR_024583.jpg,1,linear
Surface_3,Surface_386,MP_SEL_SUR_024601.jpg,1,linear
Surface_3,Surface_387,MP_SEL_SUR_024631.jpg,1,dot
Surface_3,Surface_387,MP_SEL_SUR_024635.jpg,1,dot
Surface_3,Surface_387,MP_SEL_SUR_024642.jpg,1,dot
Surface_3,Surface_387,MP_SEL_SUR_024647.jpg,1,dot
Surface_3,Surface_387,MP_SEL_SUR_024650.jpg,1,dot
Surface_3,Surface_387,MP_SEL_SUR_024664.jpg,1,linear
Surface_3,Surface_387,MP_SEL_SUR_024672.jpg,1,linear
Surface_3,Surface_388,MP_SEL_SUR_024682.jpg,1,linear
Surface_3,Surface_388,MP_SEL_SUR_024688.jpg,1,dot
Surface_3,Surface_388,MP_SEL_SUR_024705.jpg,1,dot
Surface_3,Surface_388,MP_SEL_SUR_024712.jpg,1,linear
Surface_3,Surface_388,MP_SEL_SUR_024714.jpg,1,dot
Surface_3,Surface_388,MP_SEL_SUR_024717.jpg,1,linear
Surface_3,Surface_388,MP_SEL_SUR_024724.jpg,1,dot
Surface_3,Surface_389,MP_SEL_SUR_024735.jpg,1,linear
Surface_3,Surface_389,MP_SEL_SUR_024737.jpg,1,linear
Surface_3,Surface_389,MP_SEL_SUR_024750.jpg,1,dot
Surface_3,Surface_389,MP_SEL_SUR_024778.jpg,1,dot
Surface_3,Surface_391,MP_SEL_SUR_024830.jpg,1,dot
Surface_3,Surface_391,MP_SEL_SUR_024833.jpg,1,linear
Surface_3,Surface_391,MP_SEL_SUR_024848.jpg,1,linear
Surface_3,Surface_391,MP_SEL_SUR_024867.jpg,1,linear
Surface_3,Surface_391,MP_SEL_SUR_024868.jpg,1,linear
Surface_3,Surface_391,MP_SEL_SUR_024869.jpg,1,linear
Surface_3,Surface_391,MP_SEL_SUR_024870.jpg,1,linear
Surface_3,Surface_392,MP_SEL_SUR_024903.jpg,1,dot
Surface_3,Surface_392,MP_SEL_SUR_024917.jpg,1,dot
Surface_3,Surface_393,MP_SEL_SUR_024935.jpg,2,dot
Surface_3,Surface_393,MP_SEL_SUR_024937.jpg,1,dot
Surface_3,Surface_393,MP_SEL_SUR_024944.jpg,1,linear
Surface_3,Surface_393,MP_SEL_SUR_024945.jpg,1,dot
Surface_3,Surface_393,MP_SEL_SUR_024946.jpg,1,linear
Surface_3,Surface_393,MP_SEL_SUR_024954.jpg,1,linear
Surface_3,Surface_393,MP_SEL_SUR_024964.jpg,1,linear
Surface_3,Surface_393,MP_SEL_SUR_024973.jpg,2,linear
Surface_3,Surface_393,MP_SEL_SUR_024974.jpg,1,linear
Surface_3,Surface_394,MP_SEL_SUR_024990.jpg,1,dot
Surface_3,Surface_394,MP_SEL_SUR_025000.jpg,1,dot
Surface_3,Surface_394,MP_SEL_SUR_025027.jpg,1,dot
Surface_3,Surface_395,MP_SEL_SUR_025029.jpg,1,dot
Surface_3,Surface_395,MP_SEL_SUR_025033.jpg,1,linear
Surface_3,Surface_395,MP_SEL_SUR_025045.jpg,1,linear
Surface_3,Surface_395,MP_SEL_SUR_025047.jpg,1,dot
Surface_3,Surface_395,MP_SEL_SUR_025058.jpg,1,linear
Surface_3,Surface_396,MP_SEL_SUR_025083.jpg,1,linear
Surface_3,Surface_396,MP_SEL_SUR_025084.jpg,1,dot
Surface_3,Surface_396,MP_SEL_SUR_025090.jpg,1,linear
Surface_3,Surface_396,MP_SEL_SUR_025116.jpg,1,linear
Surface_3,Surface_396,MP_SEL_SUR_025121.jpg,1,linear
Surface_3,Surface_396,MP_SEL_SUR_025126.jpg,1,linear
Surface_3,Surface_397,MP_SEL_SUR_025143.jpg,1,linear
Surface_3,Surface_397,MP_SEL_SUR_025160.jpg,1,dot
Surface_3,Surface_398,MP_SEL_SUR_025185.jpg,1,linear
Surface_3,Surface_398,MP_SEL_SUR_025194.jpg,1,dot
Surface_3,Surface_398,MP_SEL_SUR_025196.jpg,1,linear
Surface_3,Surface_398,MP_SEL_SUR_025208.jpg,1,dot
Surface_3,Surface_399,MP_SEL_SUR_025236.jpg,1,linear
Surface_3,Surface_399,MP_SEL_SUR_025244.jpg,1,linear
Surface_3,Surface_399,MP_SEL_SUR_025259.jpg,1,linear
Surface_3,Surface_400,MP_SEL_SUR_025280.jpg,1,linear
Surface_3,Surface_400,MP_SEL_SUR_025282.jpg,1,linear
Surface_3,Surface_400,MP_SEL_SUR_025288.jpg,1,linear
Surface_3,Surface_400,MP_SEL_SUR_025294.jpg,1,linear
Surface_3,Surface_400,MP_SEL_SUR_025321.jpg,1,dot
Surface_3,Surface_400,MP_SEL_SUR_025323.jpg,1,dot
Surface_3,Surface_401,MP_SEL_SUR_025334.jpg,1,dot
Surface_3,Surface_401,MP_SEL_SUR_025338.jpg,1,linear
Surface_3,Surface_401,MP_SEL_SUR_025346.jpg,1,dot
Surface_3,Surface_401,MP_SEL_SUR_025348.jpg,1,linear
Surface_3,Surface_401,MP_SEL_SUR_025353.jpg,1,linear
Surface_3,Surface_401,MP_SEL_SUR_025374.jpg,1,linear
Surface_3,Surface_402,MP_SEL_SUR_025405.jpg,1,dot
Surface_3,Surface_402,MP_SEL_SUR_025418.jpg,1,linear
Surface_3,Surface_402,MP_SEL_SUR_025419.jpg,1,linear
Surface_3,Surface_402,MP_SEL_SUR_025420.jpg,1,dot
Surface_3,Surface_403,MP_SEL_SUR_025438.jpg,1,linear
Surface_3,Surface_403,MP_SEL_SUR_025444.jpg,1,linear
Surface_3,Surface_403,MP_SEL_SUR_025468.jpg,1,linear
Surface_3,Surface_403,MP_SEL_SUR_025474.jpg,1,dot
Surface_3,Surface_404,MP_SEL_SUR_025481.jpg,1,linear
Surface_3,Surface_404,MP_SEL_SUR_025500.jpg,1,linear
Surface_3,Surface_404,MP_SEL_SUR_025504.jpg,1,linear
Surface_3,Surface_404,MP_SEL_SUR_025517.jpg,1,linear
Surface_3,Surface_404,MP_SEL_SUR_025525.jpg,1,dot
Surface_3,Surface_405,MP_SEL_SUR_025534.jpg,1,dot
Surface_3,Surface_405,MP_SEL_SUR_025539.jpg,1,dot
Surface_3,Surface_405,MP_SEL_SUR_025553.jpg,1,linear
Surface_3,Surface_405,MP_SEL_SUR_025554.jpg,1,linear
Surface_3,Surface_405,MP_SEL_SUR_025564.jpg,1,dot
Surface_3,Surface_405,MP_SEL_SUR_025566.jpg,1,linear
Surface_3,Surface_406,MP_SEL_SUR_025583.jpg,1,linear
Surface_3,Surface_406,MP_SEL_SUR_025595.jpg,1,linear
Surface_3,Surface_406,MP_SEL_SUR_025609.jpg,1,linear
Surface_3,Surface_406,MP_SEL_SUR_025614.jpg,1,dot
Surface_3,Surface_406,MP_SEL_SUR_025625.jpg,1,dot
Surface_3,Surface_407,MP_SEL_SUR_025637.jpg,1,linear
Surface_3,Surface_407,MP_SEL_SUR_025640.jpg,1,linear
Surface_3,Surface_407,MP_SEL_SUR_025644.jpg,1,dot
Surface_3,Surface_407,MP_SEL_SUR_025648.jpg,1,linear
Surface_3,Surface_407,MP_SEL_SUR_025650.jpg,1,linear
Surface_3,Surface_407,MP_SEL_SUR_025654.jpg,1,linear
Surface_3,Surface_407,MP_SEL_SUR_025655.jpg,1,dot
Surface_3,Surface_407,MP_SEL_SUR_025671.jpg,1,dot
Surface_3,Surface_407,MP_SEL_SUR_025677.jpg,1,linear
Surface_3,Surface_408,MP_SEL_SUR_025680.jpg,1,dot
Surface_3,Surface_408,MP_SEL_SUR_025689.jpg,1,dot
Surface_3,Surface_408,MP_SEL_SUR_025691.jpg,1,linear
Surface_3,Surface_408,MP_SEL_SUR_025700.jpg,1,linear
Surface_3,Surface_408,MP_SEL_SUR_025702.jpg,1,linear
Surface_3,Surface_408,MP_SEL_SUR_025715.jpg,1,dot
Surface_3,Surface_409,MP_SEL_SUR_025738.jpg,3,dot
Surface_3,Surface_409,MP_SEL_SUR_025741.jpg,1,linear
Surface_3,Surface_409,MP_SEL_SUR_025747.jpg,1,linear
Surface_3,Surface_409,MP_SEL_SUR_025764.jpg,1,linear
Surface_3,Surface_409,MP_SEL_SUR_025775.jpg,1,linear
Surface_3,Surface_410,MP_SEL_SUR_025783.jpg,1,linear
Surface_3,Surface_410,MP_SEL_SUR_025821.jpg,1,dot
Surface_3,Surface_410,MP_SEL_SUR_025822.jpg,1,linear
Surface_3,Surface_411,MP_SEL_SUR_025857.jpg,1,linear
Surface_3,Surface_411,MP_SEL_SUR_025863.jpg,1,linear
Surface_3,Surface_411,MP_SEL_SUR_025874.jpg,1,linear
Surface_3,Surface_411,MP_SEL_SUR_025878.jpg,1,dot
Surface_3,Surface_412,MP_SEL_SUR_025884.jpg,1,linear
Surface_3,Surface_412,MP_SEL_SUR_025886.jpg,1,linear
Surface_3,Surface_412,MP_SEL_SUR_025889.jpg,1,linear
Surface_3,Surface_412,MP_SEL_SUR_025891.jpg,1,dot
Surface_3,Surface_412,MP_SEL_SUR_025894.jpg,1,dot
Surface_3,Surface_412,MP_SEL_SUR_025899.jpg,1,dot
Surface_3,Surface_412,MP_SEL_SUR_025903.jpg,1,dot
Surface_3,Surface_412,MP_SEL_SUR_025908.jpg,1,dot
Surface_3,Surface_412,MP_SEL_SUR_025928.jpg,1,dot
Surface_3,Surface_413,MP_SEL_SUR_025931.jpg,1,dot
Surface_3,Surface_413,MP_SEL_SUR_025944.jpg,1,linear
Surface_3,Surface_414,MP_SEL_SUR_025989.jpg,1,linear
Surface_3,Surface_414,MP_SEL_SUR_025991.jpg,1,linear
Surface_3,Surface_414,MP_SEL_SUR_025999.jpg,2,dot
Surface_3,Surface_414,MP_SEL_SUR_026002.jpg,1,linear
Surface_3,Surface_414,MP_SEL_SUR_026003.jpg,1,dot
Surface_3,Surface_414,MP_SEL_SUR_026021.jpg,1,dot
Surface_3,Surface_414,MP_SEL_SUR_026025.jpg,2,dot
Surface_3,Surface_415,MP_SEL_SUR_026032.jpg,1,linear
Surface_3,Surface_415,MP_SEL_SUR_026036.jpg,1,linear
Surface_3,Surface_415,MP_SEL_SUR_026038.jpg,1,dot
Surface_3,Surface_415,MP_SEL_SUR_026052.jpg,1,linear
Surface_3,Surface_415,MP_SEL_SUR_026064.jpg,1,linear
Surface_3,Surface_415,MP_SEL_SUR_026076.jpg,1,linear
Surface_3,Surface_416,MP_SEL_SUR_026091.jpg,1,linear
Surface_3,Surface_417,MP_SEL_SUR_026133.jpg,1,dot
Surface_3,Surface_417,MP_SEL_SUR_026146.jpg,1,linear
Surface_3,Surface_417,MP_SEL_SUR_026161.jpg,1,dot
Surface_3,Surface_417,MP_SEL_SUR_026177.jpg,1,linear
Surface_3,Surface_418,MP_SEL_SUR_026186.jpg,1,dot
Surface_3,Surface_418,MP_SEL_SUR_026205.jpg,1,linear
Surface_3,Surface_418,MP_SEL_SUR_026206.jpg,1,dot
Surface_3,Surface_418,MP_SEL_SUR_026219.jpg,1,dot
Surface_3,Surface_419,MP_SEL_SUR_026230.jpg,1,dot
Surface_3,Surface_419,MP_SEL_SUR_026260.jpg,1,dot
Surface_3,Surface_419,MP_SEL_SUR_026266.jpg,1,linear
Surface_3,Surface_419,MP_SEL_SUR_026273.jpg,1,linear
Surface_3,Surface_420,MP_SEL_SUR_026279.jpg,1,linear
Surface_3,Surface_420,MP_SEL_SUR_026302.jpg,1,dot
Surface_3,Surface_420,MP_SEL_SUR_026324.jpg,2,both
Surface_3,Surface_420,MP_SEL_SUR_026326.jpg,1,dot
Surface_3,Surface_421,MP_SEL_SUR_026334.jpg,1,dot
Surface_3,Surface_421,MP_SEL_SUR_026340.jpg,1,linear
Surface_3,Surface_421,MP_SEL_SUR_026347.jpg,1,linear
Surface_3,Surface_421,MP_SEL_SUR_026372.jpg,1,dot
Surface_3,Surface_422,MP_SEL_SUR_026386.jpg,1,dot
Surface_3,Surface_422,MP_SEL_SUR_026391.jpg,1,linear
Surface_3,Surface_422,MP_SEL_SUR_026396.jpg,1,dot
Surface_3,Surface_422,MP_SEL_SUR_026405.jpg,1,dot
Surface_3,Surface_422,MP_SEL_SUR_026418.jpg,2,dot
Surface_3,Surface_422,MP_SEL_SUR_026421.jpg,1,dot
Surface_3,Surface_422,MP_SEL_SUR_026431.jpg,1,dot
Surface_3,Surface_422,MP_SEL_SUR_026435.jpg,1,linear
Surface_3,Surface_422,MP_SEL_SUR_026436.jpg,1,linear
Surface_3,Surface_422,MP_SEL_SUR_026437.jpg,1,linear
Surface_3,Surface_422,MP_SEL_SUR_026438.jpg,1,dot
Surface_3,Surface_422,MP_SEL_SUR_026440.jpg,1,dot
Surface_3,Surface_422,MP_SEL_SUR_026454.jpg,1,dot
Surface_3,Surface_423,MP_SEL_SUR_026460.jpg,1,linear
Surface_3,Surface_423,MP_SEL_SUR_026462.jpg,1,linear
Surface_3,Surface_423,MP_SEL_SUR_026469.jpg,2,dot
Surface_3,Surface_423,MP_SEL_SUR_026481.jpg,1,linear
Surface_3,Surface_423,MP_SEL_SUR_026485.jpg,1,linear
Surface_3,Surface_423,MP_SEL_SUR_026487.jpg,1,linear
Surface_3,Surface_423,MP_SEL_SUR_026494.jpg,1,linear
Surface_3,Surface_423,MP_SEL_SUR_026497.jpg,1,linear
Surface_3,Surface_423,MP_SEL_SUR_026501.jpg,1,dot
Surface_3,Surface_423,MP_SEL_SUR_026511.jpg,1,linear
Surface_3,Surface_423,MP_SEL_SUR_026528.jpg,1,linear
Surface_3,Surface_424,MP_SEL_SUR_026543.jpg,1,dot
Surface_3,Surface_424,MP_SEL_SUR_026558.jpg,1,dot
Surface_3,Surface_424,MP_SEL_SUR_026569.jpg,1,dot
Surface_3,Surface_424,MP_SEL_SUR_026586.jpg,1,linear
Surface_3,Surface_424,MP_SEL_SUR_026587.jpg,1,dot
Surface_3,Surface_424,MP_SEL_SUR_026599.jpg,1,linear
Surface_3,Surface_424,MP_SEL_SUR_026600.jpg,1,dot
Surface_3,Surface_424,MP_SEL_SUR_026610.jpg,1,dot
Surface_3,Surface_424,MP_SEL_SUR_026615.jpg,1,linear
Surface_3,Surface_425,MP_SEL_SUR_026629.jpg,1,linear
Surface_3,Surface_425,MP_SEL_SUR_026646.jpg,1,dot
Surface_3,Surface_425,MP_SEL_SUR_026665.jpg,1,dot
Surface_3,Surface_425,MP_SEL_SUR_026667.jpg,1,linear
Surface_3,Surface_425,MP_SEL_SUR_026669.jpg,1,linear
Surface_3,Surface_425,MP_SEL_SUR_026684.jpg,1,dot
Surface_3,Surface_425,MP_SEL_SUR_026687.jpg,1,linear
Surface_3,Surface_425,MP_SEL_SUR_026692.jpg,1,linear
Surface_3,Surface_425,MP_SEL_SUR_026695.jpg,1,dot
Surface_3,Surface_426,MP_SEL_SUR_026712.jpg,1,linear
Surface_3,Surface_426,MP_SEL_SUR_026722.jpg,1,linear
Surface_3,Surface_426,MP_SEL_SUR_026735.jpg,1,linear
Surface_3,Surface_426,MP_SEL_SUR_026757.jpg,1,dot
Surface_3,Surface_426,MP_SEL_SUR_026761.jpg,1,linear
Surface_3,Surface_426,MP_SEL_SUR_026768.jpg,1,linear
Surface_3,Surface_427,MP_SEL_SUR_026781.jpg,1,linear
Surface_3,Surface_427,MP_SEL_SUR_026816.jpg,1,dot
Surface_3,Surface_427,MP_SEL_SUR_026829.jpg,1,dot
Surface_3,Surface_427,MP_SEL_SUR_026845.jpg,1,dot
Surface_3,Surface_427,MP_SEL_SUR_026848.jpg,1,dot
Surface_3,Surface_427,MP_SEL_SUR_026855.jpg,1,linear
Surface_3,Surface_428,MP_SEL_SUR_026887.jpg,1,linear
Surface_3,Surface_428,MP_SEL_SUR_026900.jpg,1,linear
Surface_3,Surface_428,MP_SEL_SUR_026924.jpg,1,dot
Surface_3,Surface_429,MP_SEL_SUR_026954.jpg,1,linear
Surface_3,Surface_429,MP_SEL_SUR_026967.jpg,1,linear
Surface_3,Surface_429,MP_SEL_SUR_026978.jpg,1,dot
Surface_3,Surface_429,MP_SEL_SUR_026979.jpg,1,linear
Surface_3,Surface_429,MP_SEL_SUR_026983.jpg,1,dot
Surface_3,Surface_429,MP_SEL_SUR_027018.jpg,1,linear
Surface_3,Surface_430,MP_SEL_SUR_028465.jpg,1,dot
Surface_3,Surface_430,MP_SEL_SUR_028469.jpg,1,dot
Surface_3,Surface_430,MP_SEL_SUR_028486.jpg,1,linear
Surface_3,Surface_430,MP_SEL_SUR_028490.jpg,1,linear
Surface_3,Surface_430,MP_SEL_SUR_028495.jpg,1,dot
Surface_3,Surface_430,MP_SEL_SUR_028497.jpg,2,dot
Surface_3,Surface_431,MP_SEL_SUR_028517.jpg,1,dot
Surface_3,Surface_431,MP_SEL_SUR_028535.jpg,1,dot
Surface_3,Surface_431,MP_SEL_SUR_028536.jpg,1,linear
Surface_3,Surface_431,MP_SEL_SUR_028538.jpg,1,linear
Surface_3,Surface_432,MP_SEL_SUR_028582.jpg,1,linear
Surface_3,Surface_432,MP_SEL_SUR_028587.jpg,1,linear
Surface_3,Surface_432,MP_SEL_SUR_028588.jpg,1,dot
Surface_3,Surface_432,MP_SEL_SUR_028606.jpg,1,linear
Surface_3,Surface_433,MP_SEL_SUR_028629.jpg,1,dot
Surface_3,Surface_433,MP_SEL_SUR_028639.jpg,1,linear
Surface_3,Surface_433,MP_SEL_SUR_028640.jpg,1,linear
Surface_3,Surface_433,MP_SEL_SUR_028645.jpg,1,dot
Surface_3,Surface_433,MP_SEL_SUR_028656.jpg,1,linear
Surface_3,Surface_433,MP_SEL_SUR_028657.jpg,1,dot
Surface_3,Surface_434,MP_SEL_SUR_028663.jpg,1,linear
Surface_3,Surface_434,MP_SEL_SUR_028668.jpg,0,none
Surface_3,Surface_434,MP_SEL_SUR_028687.jpg,1,linear
Surface_3,Surface_434,MP_SEL_SUR_028701.jpg,1,linear
Surface_3,Surface_434,MP_SEL_SUR_028706.jpg,1,dot
Surface_3,Surface_435,MP_SEL_SUR_028712.jpg,2,both
Surface_3,Surface_435,MP_SEL_SUR_028713.jpg,1,dot
Surface_3,Surface_435,MP_SEL_SUR_028714.jpg,1,linear
Surface_3,Surface_435,MP_SEL_SUR_028722.jpg,1,linear
Surface_3,Surface_435,MP_SEL_SUR_028748.jpg,1,linear
Surface_3,Surface_435,MP_SEL_SUR_028757.jpg,1,dot
Surface_3,Surface_435,MP_SEL_SUR_028758.jpg,1,dot
Surface_3,Surface_436,MP_SEL_SUR_028761.jpg,1,dot
Surface_3,Surface_436,MP_SEL_SUR_028784.jpg,1,linear
Surface_3,Surface_436,MP_SEL_SUR_028791.jpg,1,dot
Surface_3,Surface_436,MP_SEL_SUR_028795.jpg,1,dot
Surface_3,Surface_436,MP_SEL_SUR_028798.jpg,1,linear
Surface_3,Surface_437,MP_SEL_SUR_028814.jpg,1,linear
Surface_3,Surface_437,MP_SEL_SUR_028817.jpg,2,linear
Surface_3,Surface_437,MP_SEL_SUR_028820.jpg,1,linear
Surface_3,Surface_437,MP_SEL_SUR_028822.jpg,1,dot
Surface_3,Surface_437,MP_SEL_SUR_028848.jpg,1,linear
Surface_3,Surface_438,MP_SEL_SUR_028863.jpg,1,linear
Surface_3,Surface_438,MP_SEL_SUR_028890.jpg,1,linear
Surface_3,Surface_438,MP_SEL_SUR_028894.jpg,1,dot
Surface_3,Surface_438,MP_SEL_SUR_028895.jpg,2,both
Surface_3,Surface_439,MP_SEL_SUR_028909.jpg,1,dot
Surface_3,Surface_439,MP_SEL_SUR_028926.jpg,1,linear
Surface_3,Surface_439,MP_SEL_SUR_028951.jpg,1,dot
Surface_3,Surface_439,MP_SEL_SUR_028957.jpg,1,linear
Surface_3,Surface_440,MP_SEL_SUR_028979.jpg,1,dot
Surface_3,Surface_440,MP_SEL_SUR_028982.jpg,1,dot
Surface_3,Surface_441,MP_SEL_SUR_029018.jpg,1,dot
Surface_3,Surface_441,MP_SEL_SUR_029026.jpg,1,linear
Surface_3,Surface_441,MP_SEL_SUR_029043.jpg,1,linear
Surface_3,Surface_442,MP_SEL_SUR_029060.jpg,1,linear
Surface_3,Surface_442,MP_SEL_SUR_029086.jpg,1,linear
Surface_3,Surface_443,MP_SEL_SUR_029110.jpg,1,linear
Surface_3,Surface_443,MP_SEL_SUR_029137.jpg,1,dot
Surface_3,Surface_443,MP_SEL_SUR_029145.jpg,1,dot
Surface_3,Surface_444,MP_SEL_SUR_029161.jpg,1,linear
Surface_3,Surface_444,MP_SEL_SUR_029163.jpg,1,dot
Surface_3,Surface_444,MP_SEL_SUR_029165.jpg,2,dot
Surface_3,Surface_444,MP_SEL_SUR_029178.jpg,2,dot
Surface_3,Surface_444,MP_SEL_SUR_029179.jpg,1,linear
Surface_3,Surface_444,MP_SEL_SUR_029180.jpg,1,linear
Surface_3,Surface_444,MP_SEL_SUR_029182.jpg,1,dot
Surface_3,Surface_444,MP_SEL_SUR_029183.jpg,1,linear
Surface_3,Surface_444,MP_SEL_SUR_029196.jpg,1,linear
Surface_3,Surface_444,MP_SEL_SUR_029201.jpg,1,dot
Surface_3,Surface_445,MP_SEL_SUR_029212.jpg,1,linear
Surface_3,Surface_445,MP_SEL_SUR_029226.jpg,1,linear
Surface_3,Surface_445,MP_SEL_SUR_029229.jpg,1,linear
Surface_3,Surface_445,MP_SEL_SUR_029244.jpg,1,linear
Surface_3,Surface_445,MP_SEL_SUR_029258.jpg,1,linear
Surface_3,Surface_446,MP_SEL_SUR_029263.jpg,1,dot
Surface_3,Surface_446,MP_SEL_SUR_029272.jpg,1,dot
Surface_3,Surface_447,MP_SEL_SUR_029316.jpg,2,dot
Surface_3,Surface_447,MP_SEL_SUR_029344.jpg,1,linear
Surface_3,Surface_448,MP_SEL_SUR_029359.jpg,1,dot
Surface_3,Surface_448,MP_SEL_SUR_029361.jpg,1,dot
Surface_3,Surface_448,MP_SEL_SUR_029381.jpg,1,linear
Surface_3,Surface_448,MP_SEL_SUR_029396.jpg,1,dot
Surface_3,Surface_448,MP_SEL_SUR_029407.jpg,1,linear
Surface_3,Surface_449,MP_SEL_SUR_029415.jpg,1,dot
Surface_3,Surface_449,MP_SEL_SUR_029433.jpg,2,dot
Surface_3,Surface_449,MP_SEL_SUR_029447.jpg,1,linear
Surface_3,Surface_449,MP_SEL_SUR_029453.jpg,1,dot
Surface_3,Surface_450,MP_SEL_SUR_027030.jpg,1,dot
Surface_3,Surface_450,MP_SEL_SUR_027045.jpg,1,linear
Surface_3,Surface_450,MP_SEL_SUR_027064.jpg,1,dot
Surface_3,Surface_450,MP_SEL_SUR_027071.jpg,1,dot
Surface_3,Surface_450,MP_SEL_SUR_027072.jpg,1,linear
Surface_3,Surface_450,MP_SEL_SUR_027076.jpg,1,dot
Surface_3,Surface_450,MP_SEL_SUR_027088.jpg,1,linear
Surface_3,Surface_451,MP_SEL_SUR_027110.jpg,1,dot
Surface_3,Surface_451,MP_SEL_SUR_027122.jpg,1,linear
Surface_3,Surface_451,MP_SEL_SUR_027149.jpg,1,dot
Surface_3,Surface_451,MP_SEL_SUR_027150.jpg,1,linear
Surface_3,Surface_451,MP_SEL_SUR_027155.jpg,1,linear
Surface_3,Surface_452,MP_SEL_SUR_027179.jpg,1,dot
Surface_3,Surface_452,MP_SEL_SUR_027182.jpg,1,linear
Surface_3,Surface_452,MP_SEL_SUR_027186.jpg,1,linear
Surface_3,Surface_452,MP_SEL_SUR_027195.jpg,1,linear
Surface_3,Surface_452,MP_SEL_SUR_027223.jpg,1,dot
Surface_3,Surface_452,MP_SEL_SUR_027244.jpg,1,dot
Surface_3,Surface_452,MP_SEL_SUR_027245.jpg,1,dot
Surface_3,Surface_452,MP_SEL_SUR_027250.jpg,1,dot
Surface_3,Surface_453,MP_SEL_SUR_027278.jpg,1,linear
Surface_3,Surface_453,MP_SEL_SUR_027289.jpg,1,linear
Surface_3,Surface_453,MP_SEL_SUR_027298.jpg,1,dot
Surface_3,Surface_453,MP_SEL_SUR_027304.jpg,1,dot
Surface_3,Surface_453,MP_SEL_SUR_027316.jpg,1,linear
Surface_3,Surface_454,MP_SEL_SUR_027348.jpg,1,linear
Surface_3,Surface_454,MP_SEL_SUR_027356.jpg,1,linear
Surface_3,Surface_454,MP_SEL_SUR_027359.jpg,1,linear
Surface_3,Surface_454,MP_SEL_SUR_027364.jpg,1,dot
Surface_3,Surface_454,MP_SEL_SUR_027379.jpg,1,dot
Surface_3,Surface_454,MP_SEL_SUR_027405.jpg,1,linear
Surface_3,Surface_454,MP_SEL_SUR_027415.jpg,1,linear
Surface_3,Surface_455,MP_SEL_SUR_027422.jpg,1,dot
Surface_3,Surface_455,MP_SEL_SUR_027432.jpg,1,linear
Surface_3,Surface_455,MP_SEL_SUR_027438.jpg,1,linear
Surface_3,Surface_455,MP_SEL_SUR_027442.jpg,1,dot
Surface_3,Surface_455,MP_SEL_SUR_027448.jpg,1,dot
Surface_3,Surface_455,MP_SEL_SUR_027455.jpg,1,linear
Surface_3,Surface_455,MP_SEL_SUR_027473.jpg,1,dot
Surface_3,Surface_455,MP_SEL_SUR_027480.jpg,1,dot
Surface_3,Surface_455,MP_SEL_SUR_027489.jpg,1,linear
Surface_3,Surface_455,MP_SEL_SUR_027494.jpg,1,linear
Surface_3,Surface_456,MP_SEL_SUR_029464.jpg,1,dot
Surface_3,Surface_456,MP_SEL_SUR_029481.jpg,1,dot
Surface_3,Surface_456,MP_SEL_SUR_029486.jpg,1,linear
Surface_3,Surface_456,MP_SEL_SUR_029493.jpg,1,dot
Surface_3,Surface_456,MP_SEL_SUR_029500.jpg,1,linear
Surface_3,Surface_456,MP_SEL_SUR_029501.jpg,1,linear
Surface_3,Surface_456,MP_SEL_SUR_029503.jpg,1,dot
Surface_3,Surface_456,MP_SEL_SUR_029504.jpg,1,dot
Surface_3,Surface_456,MP_SEL_SUR_029506.jpg,1,linear
Surface_3,Surface_457,MP_SEL_SUR_029509.jpg,1,linear
Surface_3,Surface_457,MP_SEL_SUR_029510.jpg,1,dot
Surface_3,Surface_457,MP_SEL_SUR_029515.jpg,1,dot
Surface_3,Surface_457,MP_SEL_SUR_029518.jpg,1,dot
Surface_3,Surface_457,MP_SEL_SUR_029523.jpg,1,dot
Surface_3,Surface_457,MP_SEL_SUR_029524.jpg,1,linear
Surface_3,Surface_457,MP_SEL_SUR_029530.jpg,1,linear
Surface_3,Surface_457,MP_SEL_SUR_029540.jpg,1,linear
Surface_3,Surface_457,MP_SEL_SUR_029548.jpg,1,dot
Surface_3,Surface_458,MP_SEL_SUR_029565.jpg,1,linear
Surface_3,Surface_458,MP_SEL_SUR_029582.jpg,1,linear
Surface_3,Surface_458,MP_SEL_SUR_029584.jpg,1,linear
Surface_3,Surface_458,MP_SEL_SUR_029602.jpg,1,dot
Surface_3,Surface_459,MP_SEL_SUR_029612.jpg,1,dot
Surface_3,Surface_459,MP_SEL_SUR_029620.jpg,1,linear
Surface_3,Surface_459,MP_SEL_SUR_029633.jpg,1,dot
Surface_3,Surface_459,MP_SEL_SUR_029646.jpg,1,dot
Surface_3,Surface_459,MP_SEL_SUR_029647.jpg,1,dot
Surface_3,Surface_459,MP_SEL_SUR_029654.jpg,1,linear
Surface_3,Surface_459,MP_SEL_SUR_029656.jpg,1,dot
Surface_3,Surface_460,MP_SEL_SUR_029663.jpg,1,dot
Surface_3,Surface_460,MP_SEL_SUR_029669.jpg,2,dot
Surface_3,Surface_460,MP_SEL_SUR_029691.jpg,1,linear
Surface_3,Surface_460,MP_SEL_SUR_029692.jpg,1,linear
Surface_3,Surface_460,MP_SEL_SUR_029696.jpg,1,dot
Surface_3,Surface_460,MP_SEL_SUR_029701.jpg,1,linear
Surface_3,Surface_461,MP_SEL_SUR_029713.jpg,1,dot
Surface_3,Surface_462,MP_SEL_SUR_029763.jpg,3,dot
Surface_3,Surface_462,MP_SEL_SUR_029766.jpg,1,dot
Surface_3,Surface_462,MP_SEL_SUR_029770.jpg,2,dot
Surface_3,Surface_462,MP_SEL_SUR_029790.jpg,1,linear
Surface_3,Surface_462,MP_SEL_SUR_029791.jpg,1,linear
Surface_3,Surface_462,MP_SEL_SUR_029797.jpg,1,linear
Surface_3,Surface_462,MP_SEL_SUR_029806.jpg,1,linear
Surface_3,Surface_463,MP_SEL_SUR_029817.jpg,1,linear
Surface_3,Surface_463,MP_SEL_SUR_029825.jpg,1,dot
Surface_3,Surface_463,MP_SEL_SUR_029848.jpg,1,linear
Surface_3,Surface_464,MP_SEL_SUR_029870.jpg,1,dot
Surface_3,Surface_464,MP_SEL_SUR_029883.jpg,2,dot
Surface_3,Surface_464,MP_SEL_SUR_029899.jpg,1,linear
Surface_3,Surface_465,MP_SEL_SUR_029941.jpg,1,linear
Surface_3,Surface_465,MP_SEL_SUR_029942.jpg,1,linear
Surface_3,Surface_465,MP_SEL_SUR_029944.jpg,1,linear
Surface_3,Surface_465,MP_SEL_SUR_029956.jpg,1,dot
Surface_3,Surface_466,MP_SEL_SUR_029962.jpg,2,both
Surface_3,Surface_466,MP_SEL_SUR_029969.jpg,1,linear
Surface_3,Surface_466,MP_SEL_SUR_029995.jpg,1,dot
Surface_3,Surface_467,MP_SEL_SUR_030025.jpg,1,dot
Surface_3,Surface_467,MP_SEL_SUR_030029.jpg,1,linear
Surface_3,Surface_467,MP_SEL_SUR_030032.jpg,1,dot
Surface_3,Surface_467,MP_SEL_SUR_030033.jpg,1,dot
Surface_3,Surface_467,MP_SEL_SUR_030034.jpg,1,dot
Surface_3,Surface_467,MP_SEL_SUR_030054.jpg,1,linear
Surface_3,Surface_468,MP_SEL_SUR_030061.jpg,1,linear
Surface_3,Surface_468,MP_SEL_SUR_030074.jpg,1,linear
Surface_3,Surface_468,MP_SEL_SUR_030076.jpg,1,dot
Surface_3,Surface_469,MP_SEL_SUR_030117.jpg,1,linear
Surface_3,Surface_469,MP_SEL_SUR_030123.jpg,1,linear
Surface_3,Surface_469,MP_SEL_SUR_030133.jpg,1,dot
Surface_3,Surface_469,MP_SEL_SUR_030140.jpg,1,dot
Surface_3,Surface_469,MP_SEL_SUR_030142.jpg,2,dot
Surface_3,Surface_470,MP_SEL_SUR_030161.jpg,1,linear
Surface_3,Surface_470,MP_SEL_SUR_030174.jpg,1,dot
Surface_3,Surface_470,MP_SEL_SUR_030183.jpg,1,dot
Surface_3,Surface_470,MP_SEL_SUR_030186.jpg,1,dot
Surface_3,Surface_470,MP_SEL_SUR_030189.jpg,1,dot
Surface_3,Surface_470,MP_SEL_SUR_030190.jpg,1,dot
Surface_3,Surface_470,MP_SEL_SUR_030198.jpg,1,linear
Surface_3,Surface_470,MP_SEL_SUR_030208.jpg,1,linear
Surface_4,Surface_471,MP_SEL_SUR_030214.jpg,2,dot
Surface_4,Surface_471,MP_SEL_SUR_030215.jpg,1,dot
Surface_4,Surface_471,MP_SEL_SUR_030242.jpg,1,dot
Surface_4,Surface_471,MP_SEL_SUR_030244.jpg,1,dot
Surface_4,Surface_471,MP_SEL_SUR_030246.jpg,1,dot
Surface_4,Surface_471,MP_SEL_SUR_030247.jpg,1,linear
Surface_4,Surface_471,MP_SEL_SUR_030248.jpg,1,linear
Surface_4,Surface_472,MP_SEL_SUR_030266.jpg,1,dot
Surface_4,Surface_472,MP_SEL_SUR_030280.jpg,1,linear
Surface_4,Surface_472,MP_SEL_SUR_030294.jpg,1,linear
Surface_4,Surface_473,MP_SEL_SUR_030310.jpg,1,dot
Surface_4,Surface_473,MP_SEL_SUR_030315.jpg,1,linear
Surface_4,Surface_473,MP_SEL_SUR_030316.jpg,1,linear
Surface_4,Surface_473,MP_SEL_SUR_030320.jpg,1,linear
Surface_4,Surface_473,MP_SEL_SUR_030330.jpg,1,linear
Surface_4,Surface_473,MP_SEL_SUR_030352.jpg,1,dot
Surface_4,Surface_473,MP_SEL_SUR_030358.jpg,1,dot
Surface_4,Surface_474,MP_SEL_SUR_030379.jpg,1,dot
Surface_4,Surface_474,MP_SEL_SUR_030392.jpg,1,dot
Surface_4,Surface_475,MP_SEL_SUR_030431.jpg,1,linear
Surface_4,Surface_475,MP_SEL_SUR_030435.jpg,1,dot
Surface_4,Surface_475,MP_SEL_SUR_030444.jpg,1,dot
Surface_4,Surface_475,MP_SEL_SUR_030445.jpg,1,linear
Surface_4,Surface_475,MP_SEL_SUR_030454.jpg,1,linear
Surface_4,Surface_476,MP_SEL_SUR_027502.jpg,1,linear
Surface_4,Surface_476,MP_SEL_SUR_027513.jpg,1,linear
Surface_4,Surface_476,MP_SEL_SUR_027524.jpg,1,dot
Surface_4,Surface_476,MP_SEL_SUR_027529.jpg,1,dot
Surface_4,Surface_476,MP_SEL_SUR_027538.jpg,1,linear
Surface_4,Surface_476,MP_SEL_SUR_027545.jpg,1,linear
Surface_4,Surface_476,MP_SEL_SUR_027546.jpg,1,linear
Surface_4,Surface_476,MP_SEL_SUR_027560.jpg,1,dot
Surface_4,Surface_476,MP_SEL_SUR_027570.jpg,1,dot
Surface_4,Surface_476,MP_SEL_SUR_027574.jpg,1,linear
Surface_4,Surface_477,MP_SEL_SUR_027579.jpg,1,linear
Surface_4,Surface_477,MP_SEL_SUR_027583.jpg,1,dot
Surface_4,Surface_477,MP_SEL_SUR_027603.jpg,1,dot
Surface_4,Surface_477,MP_SEL_SUR_027608.jpg,1,linear
Surface_4,Surface_477,MP_SEL_SUR_027609.jpg,1,linear
Surface_4,Surface_477,MP_SEL_SUR_027621.jpg,1,linear
Surface_4,Surface_477,MP_SEL_SUR_027655.jpg,1,linear
Surface_4,Surface_478,MP_SEL_SUR_027665.jpg,1,linear
Surface_4,Surface_478,MP_SEL_SUR_027671.jpg,1,dot
Surface_4,Surface_478,MP_SEL_SUR_027673.jpg,1,linear
Surface_4,Surface_478,MP_SEL_SUR_027676.jpg,1,linear
Surface_4,Surface_478,MP_SEL_SUR_027690.jpg,1,linear
Surface_4,Surface_478,MP_SEL_SUR_027727.jpg,1,linear
Surface_4,Surface_479,MP_SEL_SUR_027742.jpg,1,linear
Surface_4,Surface_479,MP_SEL_SUR_027747.jpg,1,linear
Surface_4,Surface_479,MP_SEL_SUR_027757.jpg,1,linear
Surface_4,Surface_479,MP_SEL_SUR_027763.jpg,1,linear
Surface_4,Surface_479,MP_SEL_SUR_027769.jpg,1,linear
Surface_4,Surface_479,MP_SEL_SUR_027783.jpg,1,linear
Surface_4,Surface_480,MP_SEL_SUR_027820.jpg,1,dot
Surface_4,Surface_480,MP_SEL_SUR_027823.jpg,1,linear
Surface_4,Surface_480,MP_SEL_SUR_027828.jpg,1,linear
Surface_4,Surface_480,MP_SEL_SUR_027834.jpg,1,linear
Surface_4,Surface_480,MP_SEL_SUR_027841.jpg,1,dot
Surface_4,Surface_480,MP_SEL_SUR_027845.jpg,1,linear
Surface_4,Surface_480,MP_SEL_SUR_027848.jpg,1,linear
Surface_4,Surface_480,MP_SEL_SUR_027867.jpg,1,linear
Surface_4,Surface_480,MP_SEL_SUR_027876.jpg,1,linear
Surface_4,Surface_480,MP_SEL_SUR_027883.jpg,1,dot
Surface_4,Surface_480,MP_SEL_SUR_027886.jpg,1,dot
Surface_4,Surface_481,MP_SEL_SUR_027906.jpg,1,dot
Surface_4,Surface_481,MP_SEL_SUR_027917.jpg,1,linear
Surface_4,Surface_481,MP_SEL_SUR_027923.jpg,1,linear
Surface_4,Surface_481,MP_SEL_SUR_027929.jpg,1,linear
Surface_4,Surface_481,MP_SEL_SUR_027937.jpg,1,dot
Surface_4,Surface_481,MP_SEL_SUR_027945.jpg,1,linear
Surface_4,Surface_481,MP_SEL_SUR_027959.jpg,1,linear
Surface_4,Surface_481,MP_SEL_SUR_027963.jpg,1,dot
Surface_4,Surface_481,MP_SEL_SUR_027974.jpg,1,linear
Surface_4,Surface_482,MP_SEL_SUR_030482.jpg,1,linear
Surface_4,Surface_482,MP_SEL_SUR_030488.jpg,1,dot
Surface_4,Surface_482,MP_SEL_SUR_030500.jpg,1,linear
Surface_4,Surface_482,MP_SEL_SUR_030504.jpg,1,dot
Surface_4,Surface_483,MP_SEL_SUR_030513.jpg,1,linear
Surface_4,Surface_483,MP_SEL_SUR_030514.jpg,1,dot
Surface_4,Surface_483,MP_SEL_SUR_030522.jpg,1,linear
Surface_4,Surface_483,MP_SEL_SUR_030530.jpg,2,both
Surface_4,Surface_483,MP_SEL_SUR_030540.jpg,1,dot
Surface_4,Surface_483,MP_SEL_SUR_030542.jpg,1,linear
Surface_4,Surface_483,MP_SEL_SUR_030543.jpg,1,linear
Surface_4,Surface_483,MP_SEL_SUR_030545.jpg,1,dot
Surface_4,Surface_484,MP_SEL_SUR_030570.jpg,1,linear
Surface_4,Surface_484,MP_SEL_SUR_030578.jpg,1,linear
Surface_4,Surface_484,MP_SEL_SUR_030582.jpg,1,linear
Surface_4,Surface_484,MP_SEL_SUR_030587.jpg,1,dot
Surface_4,Surface_484,MP_SEL_SUR_030602.jpg,1,dot
Surface_4,Surface_485,MP_SEL_SUR_030609.jpg,1,dot
Surface_4,Surface_485,MP_SEL_SUR_030621.jpg,1,linear
Surface_4,Surface_485,MP_SEL_SUR_030637.jpg,1,linear
Surface_4,Surface_485,MP_SEL_SUR_030655.jpg,1,linear
Surface_4,Surface_485,MP_SEL_SUR_030657.jpg,1,linear
Surface_4,Surface_486,MP_SEL_SUR_030685.jpg,1,dot
Surface_4,Surface_486,MP_SEL_SUR_030688.jpg,1,linear
Surface_4,Surface_486,MP_SEL_SUR_030700.jpg,1,dot
Surface_4,Surface_486,MP_SEL_SUR_030706.jpg,1,linear
Surface_4,Surface_487,MP_SEL_SUR_030710.jpg,1,dot
Surface_4,Surface_487,MP_SEL_SUR_030733.jpg,1,dot
Surface_4,Surface_487,MP_SEL_SUR_030736.jpg,1,dot
Surface_4,Surface_488,MP_SEL_SUR_030759.jpg,1,linear
Surface_4,Surface_488,MP_SEL_SUR_030768.jpg,1,linear
Surface_4,Surface_488,MP_SEL_SUR_030783.jpg,1,linear
Surface_4,Surface_488,MP_SEL_SUR_030786.jpg,1,linear
Surface_4,Surface_489,MP_SEL_SUR_030812.jpg,1,dot
Surface_4,Surface_489,MP_SEL_SUR_030830.jpg,1,linear
Surface_4,Surface_489,MP_SEL_SUR_030835.jpg,1,dot
Surface_4,Surface_489,MP_SEL_SUR_030840.jpg,1,linear
Surface_4,Surface_489,MP_SEL_SUR_030845.jpg,1,dot
Surface_4,Surface_490,MP_SEL_SUR_030863.jpg,1,linear
Surface_4,Surface_490,MP_SEL_SUR_030882.jpg,1,linear
Surface_4,Surface_491,MP_SEL_SUR_030911.jpg,1,dot
Surface_4,Surface_491,MP_SEL_SUR_030916.jpg,1,dot
Surface_4,Surface_491,MP_SEL_SUR_030923.jpg,1,dot
Surface_4,Surface_491,MP_SEL_SUR_030928.jpg,1,linear
Surface_4,Surface_491,MP_SEL_SUR_030936.jpg,1,dot
Surface_4,Surface_491,MP_SEL_SUR_030944.jpg,1,linear
Surface_4,Surface_491,MP_SEL_SUR_030952.jpg,1,linear
Surface_4,Surface_491,MP_SEL_SUR_030955.jpg,1,linear
Surface_4,Surface_492,MP_SEL_SUR_030963.jpg,1,dot
Surface_4,Surface_492,MP_SEL_SUR_030976.jpg,1,dot
Surface_4,Surface_492,MP_SEL_SUR_030980.jpg,1,dot
Surface_4,Surface_492,MP_SEL_SUR_030983.jpg,1,linear
Surface_4,Surface_492,MP_SEL_SUR_030988.jpg,1,dot
Surface_4,Surface_492,MP_SEL_SUR_030996.jpg,1,linear
Surface_4,Surface_492,MP_SEL_SUR_031000.jpg,1,dot
Surface_4,Surface_492,MP_SEL_SUR_031002.jpg,1,linear
Surface_4,Surface_492,MP_SEL_SUR_031005.jpg,1,linear
Surface_4,Surface_492,MP_SEL_SUR_031006.jpg,1,linear
Surface_4,Surface_492,MP_SEL_SUR_031008.jpg,1,dot
Surface_4,Surface_493,MP_SEL_SUR_031032.jpg,1,linear
Surface_4,Surface_493,MP_SEL_SUR_031040.jpg,1,linear
Surface_4,Surface_493,MP_SEL_SUR_031050.jpg,1,linear
Surface_4,Surface_493,MP_SEL_SUR_031052.jpg,1,dot
Surface_4,Surface_494,MP_SEL_SUR_031067.jpg,1,dot
Surface_4,Surface_494,MP_SEL_SUR_031101.jpg,1,dot
Surface_4,Surface_494,MP_SEL_SUR_031107.jpg,2,both
Surface_4,Surface_495,MP_SEL_SUR_031115.jpg,1,linear
Surface_4,Surface_495,MP_SEL_SUR_031125.jpg,1,linear
Surface_4,Surface_495,MP_SEL_SUR_031127.jpg,1,linear
Surface_4,Surface_495,MP_SEL_SUR_031128.jpg,1,linear
Surface_4,Surface_495,MP_SEL_SUR_031130.jpg,1,dot
Surface_4,Surface_495,MP_SEL_SUR_031152.jpg,1,linear
Surface_4,Surface_496,MP_SEL_SUR_031165.jpg,1,linear
Surface_4,Surface_496,MP_SEL_SUR_031177.jpg,2,dot
Surface_4,Surface_496,MP_SEL_SUR_031187.jpg,1,dot
Surface_4,Surface_496,MP_SEL_SUR_031194.jpg,1,linear
Surface_4,Surface_496,MP_SEL_SUR_031201.jpg,1,dot
Surface_4,Surface_497,MP_SEL_SUR_031213.jpg,1,linear
Surface_4,Surface_497,MP_SEL_SUR_031215.jpg,1,linear
Surface_4,Surface_497,MP_SEL_SUR_031245.jpg,1,dot
Surface_4,Surface_497,MP_SEL_SUR_031256.jpg,1,linear
Surface_4,Surface_498,MP_SEL_SUR_031285.jpg,1,linear
Surface_4,Surface_498,MP_SEL_SUR_031306.jpg,1,linear
Surface_4,Surface_498,MP_SEL_SUR_031308.jpg,1,linear
Surface_4,Surface_499,MP_SEL_SUR_031310.jpg,1,dot
Surface_4,Surface_499,MP_SEL_SUR_031318.jpg,1,linear
Surface_4,Surface_499,MP_SEL_SUR_031331.jpg,1,linear
Surface_4,Surface_499,MP_SEL_SUR_031334.jpg,1,dot
Surface_4,Surface_499,MP_SEL_SUR_031342.jpg,1,linear
Surface_4,Surface_499,MP_SEL_SUR_031357.jpg,1,linear
Surface_4,Surface_500,MP_SEL_SUR_031368.jpg,1,dot
Surface_4,Surface_500,MP_SEL_SUR_031371.jpg,1,dot
Surface_4,Surface_500,MP_SEL_SUR_031372.jpg,1,linear
Surface_4,Surface_500,MP_SEL_SUR_031373.jpg,1,linear
Surface_4,Surface_500,MP_SEL_SUR_031386.jpg,1,linear
Surface_4,Surface_500,MP_SEL_SUR_031393.jpg,1,linear
Surface_4,Surface_500,MP_SEL_SUR_031396.jpg,1,dot
Surface_4,Surface_500,MP_SEL_SUR_031401.jpg,1,dot
Surface_4,Surface_501,MP_SEL_SUR_031411.jpg,1,linear
Surface_4,Surface_501,MP_SEL_SUR_031412.jpg,1,linear
Surface_4,Surface_501,MP_SEL_SUR_031432.jpg,1,dot
Surface_4,Surface_501,MP_SEL_SUR_031450.jpg,1,linear
Surface_4,Surface_502,MP_SEL_SUR_027988.jpg,1,linear
Surface_4,Surface_502,MP_SEL_SUR_028025.jpg,1,dot
Surface_4,Surface_502,MP_SEL_SUR_028031.jpg,1,dot
Surface_4,Surface_502,MP_SEL_SUR_028035.jpg,1,linear
Surface_4,Surface_503,MP_SEL_SUR_028082.jpg,1,linear
Surface_4,Surface_503,MP_SEL_SUR_028100.jpg,1,linear
Surface_4,Surface_503,MP_SEL_SUR_028107.jpg,1,dot
Surface_4,Surface_503,MP_SEL_SUR_028126.jpg,1,linear
Surface_4,Surface_504,MP_SEL_SUR_028147.jpg,1,dot
Surface_4,Surface_504,MP_SEL_SUR_028151.jpg,1,linear
Surface_4,Surface_504,MP_SEL_SUR_028171.jpg,1,linear
Surface_4,Surface_504,MP_SEL_SUR_028185.jpg,1,dot
Surface_4,Surface_504,MP_SEL_SUR_028188.jpg,1,linear
Surface_4,Surface_504,MP_SEL_SUR_028194.jpg,1,linear
Surface_4,Surface_504,MP_SEL_SUR_028198.jpg,1,dot
Surface_4,Surface_505,MP_SEL_SUR_028240.jpg,1,linear
Surface_4,Surface_505,MP_SEL_SUR_028252.jpg,1,dot
Surface_4,Surface_505,MP_SEL_SUR_028257.jpg,1,linear
Surface_4,Surface_505,MP_SEL_SUR_028282.jpg,2,dot
Surface_4,Surface_505,MP_SEL_SUR_028297.jpg,2,both
Surface_4,Surface_506,MP_SEL_SUR_028321.jpg,1,linear
Surface_4,Surface_506,MP_SEL_SUR_028323.jpg,1,dot
Surface_4,Surface_506,MP_SEL_SUR_028331.jpg,1,dot
Surface_4,Surface_506,MP_SEL_SUR_028333.jpg,1,dot
Surface_4,Surface_506,MP_SEL_SUR_028358.jpg,1,dot
Surface_4,Surface_506,MP_SEL_SUR_028366.jpg,1,linear
Surface_4,Surface_506,MP_SEL_SUR_028370.jpg,1,dot
Surface_4,Surface_506,MP_SEL_SUR_028372.jpg,1,dot
Surface_4,Surface_506,MP_SEL_SUR_028373.jpg,1,linear
Surface_4,Surface_507,MP_SEL_SUR_028383.jpg,1,linear
Surface_4,Surface_507,MP_SEL_SUR_028384.jpg,1,linear
Surface_4,Surface_507,MP_SEL_SUR_028390.jpg,1,dot
Surface_4,Surface_507,MP_SEL_SUR_028393.jpg,1,dot
Surface_4,Surface_507,MP_SEL_SUR_028401.jpg,1,linear
Surface_4,Surface_507,MP_SEL_SUR_028405.jpg,1,linear
Surface_4,Surface_507,MP_SEL_SUR_028412.jpg,2,dot
Surface_4,Surface_507,MP_SEL_SUR_028421.jpg,1,dot
Surface_4,Surface_507,MP_SEL_SUR_028438.jpg,1,dot
Surface_4,Surface_507,MP_SEL_SUR_028441.jpg,1,dot
Surface_4,Surface_508,MP_SEL_SUR_031470.jpg,1,linear
Surface_4,Surface_508,MP_SEL_SUR_031474.jpg,1,linear
Surface_4,Surface_508,MP_SEL_SUR_031475.jpg,1,dot
Surface_4,Surface_508,MP_SEL_SUR_031485.jpg,1,linear
Surface_4,Surface_508,MP_SEL_SUR_031498.jpg,1,linear
Surface_4,Surface_508,MP_SEL_SUR_031504.jpg,1,dot
Surface_4,Surface_509,MP_SEL_SUR_031517.jpg,1,linear
Surface_4,Surface_509,MP_SEL_SUR_031520.jpg,1,linear
Surface_4,Surface_509,MP_SEL_SUR_031532.jpg,1,dot
Surface_4,Surface_509,MP_SEL_SUR_031537.jpg,1,linear
Surface_4,Surface_509,MP_SEL_SUR_031540.jpg,1,linear
Surface_4,Surface_509,MP_SEL_SUR_031551.jpg,1,dot
Surface_4,Surface_509,MP_SEL_SUR_031558.jpg,2,both
Surface_4,Surface_510,MP_SEL_SUR_031590.jpg,1,dot
Surface_4,Surface_510,MP_SEL_SUR_031600.jpg,1,dot
Surface_4,Surface_511,MP_SEL_SUR_031612.jpg,1,linear
Surface_4,Surface_511,MP_SEL_SUR_031615.jpg,1,linear
Surface_4,Surface_511,MP_SEL_SUR_031627.jpg,1,linear
Surface_4,Surface_511,MP_SEL_SUR_031629.jpg,1,linear
Surface_4,Surface_511,MP_SEL_SUR_031633.jpg,1,linear
Surface_4,Surface_511,MP_SEL_SUR_031659.jpg,1,dot
Surface_4,Surface_512,MP_SEL_SUR_031693.jpg,2,dot
Surface_4,Surface_513,MP_SEL_SUR_031753.jpg,1,linear
Surface_4,Surface_513,MP_SEL_SUR_031754.jpg,1,linear
Surface_4,Surface_514,MP_SEL_SUR_031766.jpg,1,dot
Surface_4,Surface_514,MP_SEL_SUR_031783.jpg,1,linear
Surface_4,Surface_514,MP_SEL_SUR_031803.jpg,1,dot
Surface_4,Surface_515,MP_SEL_SUR_031813.jpg,1,linear
Surface_4,Surface_515,MP_SEL_SUR_031815.jpg,1,dot
Surface_4,Surface_515,MP_SEL_SUR_031827.jpg,1,dot
Surface_4,Surface_515,MP_SEL_SUR_031828.jpg,1,linear
Surface_4,Surface_515,MP_SEL_SUR_031833.jpg,1,dot
Surface_4,Surface_515,MP_SEL_SUR_031837.jpg,1,linear
Surface_4,Surface_515,MP_SEL_SUR_031851.jpg,1,linear
Surface_4,Surface_516,MP_SEL_SUR_031884.jpg,1,dot
Surface_4,Surface_516,MP_SEL_SUR_031896.jpg,1,dot
Surface_4,Surface_516,MP_SEL_SUR_031899.jpg,1,linear
Surface_4,Surface_516,MP_SEL_SUR_031908.jpg,1,linear
Surface_4,Surface_516,MP_SEL_SUR_031909.jpg,1,linear
Surface_4,Surface_517,MP_SEL_SUR_031925.jpg,1,linear
Surface_4,Surface_517,MP_SEL_SUR_031950.jpg,1,linear
Surface_4,Surface_518,MP_SEL_SUR_031963.jpg,1,linear
Surface_4,Surface_518,MP_SEL_SUR_031994.jpg,1,dot
Surface_4,Surface_518,MP_SEL_SUR_031998.jpg,1,linear
Surface_4,Surface_518,MP_SEL_SUR_032003.jpg,1,dot
Surface_4,Surface_519,MP_SEL_SUR_032013.jpg,1,dot
Surface_4,Surface_519,MP_SEL_SUR_032025.jpg,1,linear
Surface_4,Surface_519,MP_SEL_SUR_032027.jpg,1,linear
Surface_4,Surface_519,MP_SEL_SUR_032031.jpg,1,linear
Surface_4,Surface_519,MP_SEL_SUR_032042.jpg,1,dot
Surface_4,Surface_520,MP_SEL_SUR_032086.jpg,1,dot
Surface_4,Surface_520,MP_SEL_SUR_032091.jpg,1,dot
Surface_4,Surface_520,MP_SEL_SUR_032104.jpg,1,linear
Surface_4,Surface_521,MP_SEL_SUR_032147.jpg,1,linear
Surface_4,Surface_522,MP_SEL_SUR_032172.jpg,1,linear
Surface_4,Surface_522,MP_SEL_SUR_032173.jpg,1,linear
Surface_4,Surface_522,MP_SEL_SUR_032179.jpg,2,linear
Surface_4,Surface_522,MP_SEL_SUR_032181.jpg,1,dot
Surface_4,Surface_522,MP_SEL_SUR_032197.jpg,1,linear
Surface_4,Surface_523,MP_SEL_SUR_032232.jpg,1,dot
Surface_4,Surface_523,MP_SEL_SUR_032242.jpg,1,dot
Surface_4,Surface_523,MP_SEL_SUR_032249.jpg,1,dot
Surface_4,Surface_523,MP_SEL_SUR_032263.jpg,1,dot
Surface_4,Surface_523,MP_SEL_SUR_032278.jpg,1,dot
Surface_4,Surface_524,MP_SEL_SUR_032297.jpg,1,dot
Surface_4,Surface_524,MP_SEL_SUR_032301.jpg,1,linear
Surface_4,Surface_525,MP_SEL_SUR_032335.jpg,1,dot
Surface_4,Surface_525,MP_SEL_SUR_032357.jpg,1,dot
Surface_4,Surface_525,MP_SEL_SUR_032359.jpg,1,linear
Surface_4,Surface_525,MP_SEL_SUR_032365.jpg,1,dot
Surface_4,Surface_525,MP_SEL_SUR_032370.jpg,1,linear
Surface_4,Surface_526,MP_SEL_SUR_032400.jpg,1,dot
Surface_4,Surface_526,MP_SEL_SUR_032401.jpg,1,linear
Surface_4,Surface_526,MP_SEL_SUR_032404.jpg,1,dot
Surface_4,Surface_526,MP_SEL_SUR_032422.jpg,1,linear
Surface_4,Surface_527,MP_SEL_SUR_032437.jpg,1,dot
Surface_4,Surface_527,MP_SEL_SUR_032440.jpg,1,dot
Surface_4,Surface_527,MP_SEL_SUR_032442.jpg,1,dot
Surface_4,Surface_527,MP_SEL_SUR_032443.jpg,2,dot
Surface_4,Surface_527,MP_SEL_SUR_032456.jpg,1,dot
Surface_4,Surface_527,MP_SEL_SUR_032459.jpg,1,dot
Surface_4,Surface_528,MP_SEL_SUR_032502.jpg,1,linear
Surface_4,Surface_529,MP_SEL_SUR_032537.jpg,1,dot
Surface_4,Surface_529,MP_SEL_SUR_032556.jpg,1,dot
Surface_4,Surface_529,MP_SEL_SUR_032575.jpg,1,dot
Surface_4,Surface_529,MP_SEL_SUR_032581.jpg,1,linear
Surface_4,Surface_530,MP_SEL_SUR_032596.jpg,1,linear
Surface_4,Surface_530,MP_SEL_SUR_032600.jpg,1,dot
Surface_4,Surface_530,MP_SEL_SUR_032611.jpg,1,dot
Surface_4,Surface_530,MP_SEL_SUR_032615.jpg,1,dot
Surface_4,Surface_530,MP_SEL_SUR_032621.jpg,1,dot
Surface_4,Surface_530,MP_SEL_SUR_032623.jpg,1,linear
Surface_4,Surface_530,MP_SEL_SUR_032631.jpg,1,linear
Surface_4,Surface_531,MP_SEL_SUR_032636.jpg,1,dot
Surface_4,Surface_531,MP_SEL_SUR_032649.jpg,1,dot
Surface_4,Surface_531,MP_SEL_SUR_032663.jpg,1,dot
Surface_4,Surface_531,MP_SEL_SUR_032675.jpg,1,dot
Surface_4,Surface_532,MP_SEL_SUR_032684.jpg,1,dot
Surface_4,Surface_532,MP_SEL_SUR_032700.jpg,1,linear
Surface_4,Surface_532,MP_SEL_SUR_032703.jpg,1,dot
Surface_4,Surface_532,MP_SEL_SUR_032706.jpg,1,dot
Surface_4,Surface_532,MP_SEL_SUR_032725.jpg,1,dot
Surface_4,Surface_533,MP_SEL_SUR_032768.jpg,1,dot
Surface_4,Surface_534,MP_SEL_SUR_032816.jpg,1,dot
Surface_4,Surface_534,MP_SEL_SUR_032817.jpg,1,linear
Surface_4,Surface_535,MP_SEL_SUR_032835.jpg,1,linear
Surface_4,Surface_535,MP_SEL_SUR_032838.jpg,1,linear
Surface_4,Surface_535,MP_SEL_SUR_032839.jpg,1,dot
Surface_4,Surface_535,MP_SEL_SUR_032852.jpg,1,dot
Surface_4,Surface_535,MP_SEL_SUR_032855.jpg,1,dot
Surface_4,Surface_535,MP_SEL_SUR_032878.jpg,1,linear
Surface_4,Surface_536,MP_SEL_SUR_032882.jpg,1,linear
Surface_4,Surface_536,MP_SEL_SUR_032892.jpg,1,dot
Surface_4,Surface_536,MP_SEL_SUR_032898.jpg,1,dot
Surface_4,Surface_536,MP_SEL_SUR_032901.jpg,1,dot
Surface_4,Surface_536,MP_SEL_SUR_032908.jpg,1,linear
Surface_4,Surface_536,MP_SEL_SUR_032916.jpg,1,linear
Surface_4,Surface_537,MP_SEL_SUR_032934.jpg,1,dot
Surface_4,Surface_537,MP_SEL_SUR_032949.jpg,1,linear
Surface_4,Surface_537,MP_SEL_SUR_032959.jpg,1,dot
Surface_4,Surface_537,MP_SEL_SUR_032965.jpg,1,dot
Surface_4,Surface_537,MP_SEL_SUR_032966.jpg,1,dot
Surface_4,Surface_538,MP_SEL_SUR_033001.jpg,1,dot
Surface_4,Surface_538,MP_SEL_SUR_033003.jpg,1,dot
Surface_4,Surface_538,MP_SEL_SUR_033008.jpg,1,linear
Surface_4,Surface_538,MP_SEL_SUR_033024.jpg,1,dot
Surface_4,Surface_539,MP_SEL_SUR_033039.jpg,1,linear
Surface_4,Surface_539,MP_SEL_SUR_033047.jpg,1,dot
Surface_4,Surface_539,MP_SEL_SUR_033053.jpg,1,linear
Surface_4,Surface_539,MP_SEL_SUR_033060.jpg,1,dot
Surface_4,Surface_539,MP_SEL_SUR_033066.jpg,1,linear
Surface_4,Surface_539,MP_SEL_SUR_033076.jpg,1,linear
Surface_4,Surface_540,MP_SEL_SUR_033082.jpg,1,linear
Surface_4,Surface_540,MP_SEL_SUR_033084.jpg,1,dot
Surface_4,Surface_540,MP_SEL_SUR_033119.jpg,1,dot
Surface_4,Surface_540,MP_SEL_SUR_033120.jpg,1,dot
Surface_4,Surface_540,MP_SEL_SUR_033123.jpg,1,dot
Surface_4,Surface_540,MP_SEL_SUR_033130.jpg,1,dot
Surface_4,Surface_541,MP_SEL_SUR_033140.jpg,1,dot
Surface_4,Surface_541,MP_SEL_SUR_033150.jpg,1,linear
Surface_4,Surface_541,MP_SEL_SUR_033163.jpg,2,linear
Surface_4,Surface_541,MP_SEL_SUR_033168.jpg,2,dot
Surface_4,Surface_541,MP_SEL_SUR_033169.jpg,1,dot
Surface_4,Surface_541,MP_SEL_SUR_033181.jpg,1,linear
Surface_4,Surface_542,MP_SEL_SUR_033218.jpg,1,linear
Surface_4,Surface_543,MP_SEL_SUR_033267.jpg,2,dot
Surface_4,Surface_543,MP_SEL_SUR_033269.jpg,1,dot
Surface_4,Surface_544,MP_SEL_SUR_033331.jpg,1,linear
Surface_4,Surface_545,MP_SEL_SUR_033337.jpg,1,dot
Surface_4,Surface_545,MP_SEL_SUR_033353.jpg,1,dot
Surface_4,Surface_545,MP_SEL_SUR_033379.jpg,1,dot
Surface_4,Surface_545,MP_SEL_SUR_033380.jpg,1,dot
Surface_4,Surface_546,MP_SEL_SUR_033387.jpg,2,dot
Surface_4,Surface_546,MP_SEL_SUR_033401.jpg,1,dot
Surface_4,Surface_546,MP_SEL_SUR_033410.jpg,1,dot
Surface_4,Surface_547,MP_SEL_SUR_033437.jpg,1,dot
Surface_4,Surface_547,MP_SEL_SUR_033455.jpg,1,dot
Surface_4,Surface_548,MP_SEL_SUR_033490.jpg,1,dot
Surface_4,Surface_548,MP_SEL_SUR_033501.jpg,1,dot
Surface_4,Surface_548,MP_SEL_SUR_033504.jpg,1,dot
Surface_4,Surface_548,MP_SEL_SUR_033509.jpg,1,linear
Surface_4,Surface_548,MP_SEL_SUR_033516.jpg,1,dot
Surface_4,Surface_548,MP_SEL_SUR_033526.jpg,1,linear
Surface_4,Surface_548,MP_SEL_SUR_033532.jpg,1,dot
Surface_4,Surface_548,MP_SEL_SUR_033534.jpg,1,dot
Surface_4,Surface_548,MP_SEL_SUR_033541.jpg,1,linear
Surface_4,Surface_548,MP_SEL_SUR_033560.jpg,1,linear
Surface_4,Surface_549,MP_SEL_SUR_033563.jpg,1,dot
Surface_4,Surface_549,MP_SEL_SUR_033568.jpg,1,linear
Surface_4,Surface_549,MP_SEL_SUR_033585.jpg,1,dot
Surface_4,Surface_549,MP_SEL_SUR_033626.jpg,1,linear
Surface_4,Surface_549,MP_SEL_SUR_033629.jpg,1,dot
Surface_4,Surface_550,MP_SEL_SUR_033660.jpg,1,dot
Surface_4,Surface_550,MP_SEL_SUR_033662.jpg,1,linear
Surface_4,Surface_550,MP_SEL_SUR_033677.jpg,1,dot
Surface_4,Surface_550,MP_SEL_SUR_033698.jpg,1,dot
Surface_4,Surface_550,MP_SEL_SUR_033705.jpg,1,dot
Surface_4,Surface_550,MP_SEL_SUR_033716.jpg,1,dot
Surface_4,Surface_550,MP_SEL_SUR_033717.jpg,1,dot
Surface_4,Surface_551,MP_SEL_SUR_033751.jpg,1,linear
Surface_4,Surface_551,MP_SEL_SUR_033781.jpg,1,linear
Surface_4,Surface_551,MP_SEL_SUR_033794.jpg,1,linear
Surface_4,Surface_552,MP_SEL_SUR_033817.jpg,1,dot
Surface_4,Surface_552,MP_SEL_SUR_033829.jpg,1,dot
Surface_4,Surface_552,MP_SEL_SUR_033845.jpg,1,dot
Surface_4,Surface_552,MP_SEL_SUR_033846.jpg,1,dot
Surface_4,Surface_552,MP_SEL_SUR_033857.jpg,1,linear
Surface_4,Surface_552,MP_SEL_SUR_033870.jpg,1,dot
Surface_4,Surface_552,MP_SEL_SUR_033873.jpg,1,dot
Surface_4,Surface_553,MP_SEL_SUR_033890.jpg,1,dot
Surface_4,Surface_553,MP_SEL_SUR_033897.jpg,1,dot
Surface_4,Surface_553,MP_SEL_SUR_033908.jpg,1,linear
Surface_4,Surface_553,MP_SEL_SUR_033912.jpg,1,dot
Surface_4,Surface_553,MP_SEL_SUR_033927.jpg,1,dot
Surface_4,Surface_553,MP_SEL_SUR_033941.jpg,1,dot
Surface_4,Surface_553,MP_SEL_SUR_033943.jpg,1,linear
Surface_4,Surface_553,MP_SEL_SUR_033948.jpg,1,dot
Surface_4,Surface_554,MP_SEL_SUR_036379.jpg,1,dot
Surface_4,Surface_554,MP_SEL_SUR_036381.jpg,1,dot
Surface_4,Surface_554,MP_SEL_SUR_036390.jpg,1,dot
Surface_4,Surface_554,MP_SEL_SUR_036404.jpg,1,dot
Surface_4,Surface_555,MP_SEL_SUR_036425.jpg,1,dot
Surface_4,Surface_555,MP_SEL_SUR_036436.jpg,1,dot
Surface_4,Surface_555,MP_SEL_SUR_036440.jpg,1,dot
Surface_4,Surface_555,MP_SEL_SUR_036449.jpg,1,dot
Surface_4,Surface_555,MP_SEL_SUR_036457.jpg,1,linear
Surface_4,Surface_556,MP_SEL_SUR_036472.jpg,1,linear
Surface_4,Surface_556,MP_SEL_SUR_036474.jpg,1,dot
Surface_4,Surface_556,MP_SEL_SUR_036484.jpg,1,dot
Surface_4,Surface_557,MP_SEL_SUR_036525.jpg,1,dot
Surface_4,Surface_557,MP_SEL_SUR_036529.jpg,1,dot
Surface_4,Surface_557,MP_SEL_SUR_036532.jpg,1,dot
Surface_4,Surface_558,MP_SEL_SUR_036576.jpg,1,linear
Surface_4,Surface_558,MP_SEL_SUR_036579.jpg,1,dot
Surface_4,Surface_558,MP_SEL_SUR_036580.jpg,1,linear
Surface_4,Surface_558,MP_SEL_SUR_036584.jpg,1,dot
Surface_4,Surface_558,MP_SEL_SUR_036599.jpg,1,dot
Surface_4,Surface_558,MP_SEL_SUR_036607.jpg,1,dot
Surface_4,Surface_558,MP_SEL_SUR_036608.jpg,1,dot
Surface_4,Surface_558,MP_SEL_SUR_036610.jpg,1,dot
Surface_4,Surface_559,MP_SEL_SUR_036616.jpg,1,linear
Surface_4,Surface_559,MP_SEL_SUR_036643.jpg,1,dot
Surface_4,Surface_559,MP_SEL_SUR_036652.jpg,1,dot
Surface_4,Surface_559,MP_SEL_SUR_036653.jpg,1,dot
Surface_4,Surface_559,MP_SEL_SUR_036658.jpg,1,dot
Surface_4,Surface_560,MP_SEL_SUR_036675.jpg,1,dot
Surface_4,Surface_561,MP_SEL_SUR_036720.jpg,1,linear
Surface_4,Surface_562,MP_SEL_SUR_036770.jpg,1,dot
Surface_4,Surface_562,MP_SEL_SUR_036771.jpg,1,dot
Surface_4,Surface_562,MP_SEL_SUR_036776.jpg,1,dot
Surface_4,Surface_562,MP_SEL_SUR_036795.jpg,1,dot
Surface_4,Surface_562,MP_SEL_SUR_036799.jpg,1,linear
Surface_4,Surface_562,MP_SEL_SUR_036810.jpg,1,dot
Surface_4,Surface_563,MP_SEL_SUR_036861.jpg,1,linear
Surface_4,Surface_564,MP_SEL_SUR_036904.jpg,1,dot
Surface_4,Surface_565,MP_SEL_SUR_036954.jpg,1,dot
Surface_4,Surface_566,MP_SEL_SUR_036981.jpg,1,dot
Surface_4,Surface_566,MP_SEL_SUR_036990.jpg,1,linear
Surface_4,Surface_566,MP_SEL_SUR_036999.jpg,1,linear
Surface_4,Surface_566,MP_SEL_SUR_037000.jpg,1,dot
Surface_4,Surface_566,MP_SEL_SUR_037005.jpg,1,linear
Surface_4,Surface_567,MP_SEL_SUR_037029.jpg,1,linear
Surface_4,Surface_567,MP_SEL_SUR_037052.jpg,1,linear
Surface_4,Surface_568,MP_SEL_SUR_037068.jpg,2,both
Surface_4,Surface_568,MP_SEL_SUR_037070.jpg,2,dot
Surface_4,Surface_568,MP_SEL_SUR_037073.jpg,1,dot
Surface_4,Surface_568,MP_SEL_SUR_037074.jpg,1,dot
Surface_4,Surface_569,MP_SEL_SUR_037117.jpg,1,dot
Surface_4,Surface_569,MP_SEL_SUR_037123.jpg,1,dot
Surface_4,Surface_569,MP_SEL_SUR_037125.jpg,1,linear
Surface_4,Surface_569,MP_SEL_SUR_037144.jpg,2,dot
Surface_4,Surface_569,MP_SEL_SUR_037147.jpg,1,linear
Surface_4,Surface_570,MP_SEL_SUR_037165.jpg,1,dot
Surface_4,Surface_570,MP_SEL_SUR_037187.jpg,1,linear
Surface_4,Surface_570,MP_SEL_SUR_037210.jpg,1,linear
Surface_4,Surface_571,MP_SEL_SUR_037235.jpg,1,dot
Surface_4,Surface_571,MP_SEL_SUR_037243.jpg,1,dot
Surface_4,Surface_571,MP_SEL_SUR_037255.jpg,1,dot
Surface_4,Surface_571,MP_SEL_SUR_037261.jpg,1,dot
Surface_4,Surface_572,MP_SEL_SUR_037268.jpg,1,dot
Surface_4,Surface_573,MP_SEL_SUR_037353.jpg,2,both
Surface_4,Surface_574,MP_SEL_SUR_033970.jpg,1,dot
Surface_4,Surface_574,MP_SEL_SUR_033987.jpg,1,linear
Surface_4,Surface_574,MP_SEL_SUR_034025.jpg,1,linear
Surface_4,Surface_574,MP_SEL_SUR_034033.jpg,1,dot
Surface_4,Surface_575,MP_SEL_SUR_034053.jpg,1,linear
Surface_4,Surface_575,MP_SEL_SUR_034057.jpg,1,linear
Surface_4,Surface_575,MP_SEL_SUR_034058.jpg,1,linear
Surface_4,Surface_575,MP_SEL_SUR_034082.jpg,1,dot
Surface_4,Surface_575,MP_SEL_SUR_034087.jpg,1,linear
Surface_4,Surface_575,MP_SEL_SUR_034098.jpg,1,linear
Surface_4,Surface_575,MP_SEL_SUR_034099.jpg,1,dot
Surface_4,Surface_575,MP_SEL_SUR_034111.jpg,1,dot
Surface_4,Surface_575,MP_SEL_SUR_034121.jpg,1,linear
Surface_4,Surface_576,MP_SEL_SUR_034136.jpg,1,dot
Surface_4,Surface_576,MP_SEL_SUR_034157.jpg,2,dot
Surface_4,Surface_576,MP_SEL_SUR_034161.jpg,1,dot
Surface_4,Surface_576,MP_SEL_SUR_034166.jpg,1,dot
Surface_4,Surface_576,MP_SEL_SUR_034168.jpg,2,dot
Surface_4,Surface_576,MP_SEL_SUR_034190.jpg,1,dot
Surface_4,Surface_576,MP_SEL_SUR_034195.jpg,1,dot
Surface_4,Surface_577,MP_SEL_SUR_034204.jpg,1,dot
Surface_4,Surface_577,MP_SEL_SUR_034205.jpg,1,dot
Surface_4,Surface_577,MP_SEL_SUR_034207.jpg,1,dot
Surface_4,Surface_577,MP_SEL_SUR_034211.jpg,1,linear
Surface_4,Surface_577,MP_SEL_SUR_034217.jpg,1,dot
Surface_4,Surface_577,MP_SEL_SUR_034219.jpg,1,dot
Surface_4,Surface_577,MP_SEL_SUR_034225.jpg,1,dot
Surface_4,Surface_577,MP_SEL_SUR_034228.jpg,1,dot
Surface_4,Surface_577,MP_SEL_SUR_034247.jpg,1,dot
Surface_4,Surface_577,MP_SEL_SUR_034276.jpg,1,dot
Surface_4,Surface_577,MP_SEL_SUR_034277.jpg,1,linear
Surface_4,Surface_578,MP_SEL_SUR_034297.jpg,1,dot
Surface_4,Surface_578,MP_SEL_SUR_034309.jpg,1,dot
Surface_4,Surface_578,MP_SEL_SUR_034313.jpg,1,linear
Surface_4,Surface_578,MP_SEL_SUR_034320.jpg,1,dot
Surface_4,Surface_578,MP_SEL_SUR_034347.jpg,1,linear
Surface_4,Surface_579,MP_SEL_SUR_034373.jpg,1,linear
Surface_4,Surface_579,MP_SEL_SUR_034389.jpg,1,dot
Surface_4,Surface_579,MP_SEL_SUR_034401.jpg,1,dot
Surface_4,Surface_579,MP_SEL_SUR_034416.jpg,1,dot
Surface_4,Surface_579,MP_SEL_SUR_034419.jpg,1,dot
Surface_4,Surface_579,MP_SEL_SUR_034435.jpg,1,dot
Surface_4,Surface_580,MP_SEL_SUR_037366.jpg,1,dot
Surface_4,Surface_580,MP_SEL_SUR_037367.jpg,1,dot
Surface_4,Surface_580,MP_SEL_SUR_037380.jpg,1,dot
Surface_4,Surface_580,MP_SEL_SUR_037392.jpg,1,dot
Surface_4,Surface_580,MP_SEL_SUR_037399.jpg,1,dot
Surface_4,Surface_580,MP_SEL_SUR_037404.jpg,1,linear
Surface_4,Surface_581,MP_SEL_SUR_037417.jpg,1,dot
Surface_4,Surface_581,MP_SEL_SUR_037425.jpg,1,dot
Surface_4,Surface_581,MP_SEL_SUR_037449.jpg,2,dot
Surface_4,Surface_582,MP_SEL_SUR_037469.jpg,1,dot
Surface_4,Surface_582,MP_SEL_SUR_037470.jpg,1,linear
Surface_4,Surface_582,MP_SEL_SUR_037496.jpg,1,dot
Surface_4,Surface_582,MP_SEL_SUR_037510.jpg,1,dot
Surface_4,Surface_583,MP_SEL_SUR_037515.jpg,1,dot
Surface_4,Surface_583,MP_SEL_SUR_037527.jpg,1,linear
Surface_4,Surface_583,MP_SEL_SUR_037544.jpg,1,linear
Surface_4,Surface_583,MP_SEL_SUR_037551.jpg,1,dot
Surface_4,Surface_583,MP_SEL_SUR_037554.jpg,1,linear
Surface_4,Surface_584,MP_SEL_SUR_037578.jpg,1,linear
Surface_4,Surface_584,MP_SEL_SUR_037593.jpg,1,linear
Surface_4,Surface_584,MP_SEL_SUR_037597.jpg,1,dot
Surface_4,Surface_584,MP_SEL_SUR_037602.jpg,1,dot
Surface_4,Surface_584,MP_SEL_SUR_037609.jpg,1,dot
Surface_4,Surface_585,MP_SEL_SUR_037624.jpg,1,dot
Surface_4,Surface_585,MP_SEL_SUR_037627.jpg,1,linear
Surface_4,Surface_585,MP_SEL_SUR_037628.jpg,1,dot
Surface_4,Surface_585,MP_SEL_SUR_037650.jpg,1,dot
Surface_4,Surface_586,MP_SEL_SUR_037666.jpg,1,linear
Surface_4,Surface_586,MP_SEL_SUR_037696.jpg,1,dot
Surface_4,Surface_586,MP_SEL_SUR_037708.jpg,1,dot
Surface_4,Surface_587,MP_SEL_SUR_037738.jpg,1,linear
Surface_4,Surface_587,MP_SEL_SUR_037741.jpg,1,linear
Surface_4,Surface_587,MP_SEL_SUR_037743.jpg,1,linear
Surface_4,Surface_587,MP_SEL_SUR_037754.jpg,1,dot
Surface_4,Surface_589,MP_SEL_SUR_037824.jpg,1,dot
Surface_4,Surface_590,MP_SEL_SUR_037865.jpg,1,linear
Surface_4,Surface_590,MP_SEL_SUR_037869.jpg,1,linear
Surface_4,Surface_590,MP_SEL_SUR_037878.jpg,1,linear
Surface_4,Surface_590,MP_SEL_SUR_037887.jpg,1,dot
Surface_4,Surface_590,MP_SEL_SUR_037906.jpg,1,dot
Surface_4,Surface_591,MP_SEL_SUR_037941.jpg,1,linear
Surface_4,Surface_591,MP_SEL_SUR_037966.jpg,1,dot
Surface_4,Surface_592,MP_SEL_SUR_038001.jpg,1,dot
Surface_4,Surface_592,MP_SEL_SUR_038004.jpg,1,dot
Surface_4,Surface_592,MP_SEL_SUR_038006.jpg,1,dot
Surface_4,Surface_592,MP_SEL_SUR_038012.jpg,1,dot
Surface_4,Surface_592,MP_SEL_SUR_038015.jpg,1,linear
Surface_4,Surface_593,MP_SEL_SUR_038032.jpg,1,dot
Surface_4,Surface_593,MP_SEL_SUR_038052.jpg,1,dot
Surface_4,Surface_593,MP_SEL_SUR_038072.jpg,1,dot
Surface_4,Surface_593,MP_SEL_SUR_038079.jpg,2,dot
Surface_4,Surface_594,MP_SEL_SUR_038087.jpg,3,dot
Surface_4,Surface_594,MP_SEL_SUR_038108.jpg,1,linear
Surface_4,Surface_594,MP_SEL_SUR_038128.jpg,1,linear
Surface_4,Surface_595,MP_SEL_SUR_038136.jpg,1,linear
Surface_4,Surface_595,MP_SEL_SUR_038138.jpg,1,linear
Surface_4,Surface_595,MP_SEL_SUR_038169.jpg,1,dot
Surface_4,Surface_595,MP_SEL_SUR_038176.jpg,1,dot
Surface_4,Surface_596,MP_SEL_SUR_038188.jpg,1,linear
Surface_4,Surface_596,MP_SEL_SUR_038199.jpg,1,linear
Surface_4,Surface_596,MP_SEL_SUR_038201.jpg,1,linear
Surface_4,Surface_596,MP_SEL_SUR_038205.jpg,2,both
Surface_4,Surface_596,MP_SEL_SUR_038212.jpg,1,dot
Surface_4,Surface_596,MP_SEL_SUR_038228.jpg,1,linear
Surface_4,Surface_597,MP_SEL_SUR_038236.jpg,1,dot
Surface_4,Surface_597,MP_SEL_SUR_038259.jpg,1,linear
Surface_4,Surface_597,MP_SEL_SUR_038264.jpg,1,linear
Surface_4,Surface_598,MP_SEL_SUR_038297.jpg,1,dot
Surface_4,Surface_598,MP_SEL_SUR_038300.jpg,1,linear
Surface_4,Surface_598,MP_SEL_SUR_038311.jpg,1,dot
Surface_4,Surface_599,MP_SEL_SUR_038338.jpg,1,dot
Surface_4,Surface_599,MP_SEL_SUR_038341.jpg,1,dot
Surface_4,Surface_599,MP_SEL_SUR_038372.jpg,1,linear
Surface_4,Surface_600,MP_SEL_SUR_034454.jpg,1,dot
Surface_4,Surface_600,MP_SEL_SUR_034466.jpg,1,linear
Surface_4,Surface_600,MP_SEL_SUR_034475.jpg,1,dot
Surface_4,Surface_600,MP_SEL_SUR_034492.jpg,1,linear
Surface_4,Surface_600,MP_SEL_SUR_034499.jpg,1,linear
Surface_4,Surface_600,MP_SEL_SUR_034501.jpg,1,dot
Surface_4,Surface_601,MP_SEL_SUR_034524.jpg,1,dot
Surface_4,Surface_601,MP_SEL_SUR_034544.jpg,1,linear
Surface_4,Surface_601,MP_SEL_SUR_034552.jpg,1,dot
Surface_4,Surface_601,MP_SEL_SUR_034568.jpg,1,linear
Surface_4,Surface_601,MP_SEL_SUR_034575.jpg,1,dot
Surface_4,Surface_601,MP_SEL_SUR_034588.jpg,1,dot
Surface_4,Surface_602,MP_SEL_SUR_034621.jpg,1,dot
Surface_4,Surface_602,MP_SEL_SUR_034636.jpg,1,dot
Surface_4,Surface_602,MP_SEL_SUR_034642.jpg,1,dot
Surface_4,Surface_602,MP_SEL_SUR_034674.jpg,1,linear
Surface_4,Surface_603,MP_SEL_SUR_034691.jpg,1,linear
Surface_4,Surface_603,MP_SEL_SUR_034708.jpg,1,dot
Surface_4,Surface_603,MP_SEL_SUR_034713.jpg,1,dot
Surface_4,Surface_603,MP_SEL_SUR_034740.jpg,1,dot
Surface_4,Surface_604,MP_SEL_SUR_034787.jpg,1,dot
Surface_4,Surface_604,MP_SEL_SUR_034798.jpg,1,dot
Surface_4,Surface_604,MP_SEL_SUR_034829.jpg,2,dot
Surface_4,Surface_605,MP_SEL_SUR_034845.jpg,1,linear
Surface_4,Surface_605,MP_SEL_SUR_034855.jpg,1,linear
Surface_4,Surface_605,MP_SEL_SUR_034858.jpg,1,dot
Surface_4,Surface_605,MP_SEL_SUR_034870.jpg,1,dot
Surface_4,Surface_605,MP_SEL_SUR_034879.jpg,1,dot
Surface_4,Surface_605,MP_SEL_SUR_034880.jpg,1,dot
Surface_4,Surface_605,MP_SEL_SUR_034918.jpg,1,dot
Surface_4,Surface_606,MP_SEL_SUR_038390.jpg,1,linear
Surface_4,Surface_606,MP_SEL_SUR_038400.jpg,1,linear
Surface_4,Surface_606,MP_SEL_SUR_038402.jpg,1,linear
Surface_4,Surface_606,MP_SEL_SUR_038419.jpg,1,dot
Surface_4,Surface_606,MP_SEL_SUR_038426.jpg,1,dot
Surface_4,Surface_606,MP_SEL_SUR_038428.jpg,1,linear
Surface_4,Surface_607,MP_SEL_SUR_038472.jpg,0,none
Surface_4,Surface_608,MP_SEL_SUR_038490.jpg,1,dot
Surface_4,Surface_608,MP_SEL_SUR_038502.jpg,1,linear
Surface_4,Surface_608,MP_SEL_SUR_038519.jpg,1,dot
Surface_4,Surface_609,MP_SEL_SUR_038533.jpg,1,dot
Surface_4,Surface_609,MP_SEL_SUR_038542.jpg,1,dot
Surface_4,Surface_609,MP_SEL_SUR_038544.jpg,1,dot
Surface_4,Surface_609,MP_SEL_SUR_038551.jpg,1,dot
Surface_4,Surface_610,MP_SEL_SUR_038594.jpg,1,dot
Surface_4,Surface_610,MP_SEL_SUR_038596.jpg,1,dot
Surface_4,Surface_610,MP_SEL_SUR_038601.jpg,1,dot
Surface_4,Surface_610,MP_SEL_SUR_038611.jpg,1,linear
Surface_4,Surface_610,MP_SEL_SUR_038612.jpg,1,linear
Surface_4,Surface_610,MP_SEL_SUR_038617.jpg,1,dot
Surface_4,Surface_611,MP_SEL_SUR_038638.jpg,1,linear
Surface_4,Surface_611,MP_SEL_SUR_038655.jpg,1,dot
Surface_4,Surface_611,MP_SEL_SUR_038657.jpg,1,dot
Surface_4,Surface_612,MP_SEL_SUR_038688.jpg,1,linear
Surface_4,Surface_613,MP_SEL_SUR_038765.jpg,1,dot
Surface_4,Surface_613,MP_SEL_SUR_038773.jpg,1,dot
Surface_4,Surface_614,MP_SEL_SUR_038782.jpg,1,linear
Surface_4,Surface_614,MP_SEL_SUR_038787.jpg,1,dot
Surface_4,Surface_614,MP_SEL_SUR_038808.jpg,2,dot
Surface_4,Surface_614,MP_SEL_SUR_038809.jpg,1,dot
Surface_4,Surface_615,MP_SEL_SUR_038834.jpg,1,linear
Surface_4,Surface_615,MP_SEL_SUR_038847.jpg,1,dot
Surface_4,Surface_616,MP_SEL_SUR_038882.jpg,1,dot
Surface_4,Surface_616,MP_SEL_SUR_038916.jpg,1,dot
Surface_4,Surface_616,MP_SEL_SUR_038928.jpg,1,dot
Surface_4,Surface_617,MP_SEL_SUR_038954.jpg,1,dot
Surface_4,Surface_617,MP_SEL_SUR_038970.jpg,1,dot
Surface_4,Surface_617,MP_SEL_SUR_038973.jpg,1,linear
Surface_4,Surface_617,MP_SEL_SUR_038976.jpg,1,dot
Surface_4,Surface_618,MP_SEL_SUR_039016.jpg,1,dot
Surface_4,Surface_619,MP_SEL_SUR_039058.jpg,1,linear
Surface_4,Surface_619,MP_SEL_SUR_039059.jpg,1,dot
Surface_4,Surface_620,MP_SEL_SUR_039125.jpg,1,linear
Surface_4,Surface_620,MP_SEL_SUR_039131.jpg,1,dot
Surface_4,Surface_621,MP_SEL_SUR_039135.jpg,1,dot
Surface_4,Surface_621,MP_SEL_SUR_039138.jpg,1,dot
Surface_4,Surface_621,MP_SEL_SUR_039150.jpg,1,dot
Surface_4,Surface_621,MP_SEL_SUR_039151.jpg,1,dot
Surface_4,Surface_621,MP_SEL_SUR_039162.jpg,1,dot
Surface_4,Surface_621,MP_SEL_SUR_039164.jpg,1,dot
Surface_4,Surface_621,MP_SEL_SUR_039171.jpg,1,dot
Surface_4,Surface_622,MP_SEL_SUR_039182.jpg,1,dot
Surface_4,Surface_622,MP_SEL_SUR_039185.jpg,1,linear
Surface_4,Surface_623,MP_SEL_SUR_039271.jpg,1,dot
Surface_4,Surface_623,MP_SEL_SUR_039281.jpg,1,dot
Surface_4,Surface_624,MP_SEL_SUR_039291.jpg,1,dot
Surface_4,Surface_624,MP_SEL_SUR_039320.jpg,1,dot
Surface_4,Surface_624,MP_SEL_SUR_039331.jpg,1,linear
Surface_4,Surface_625,MP_SEL_SUR_039335.jpg,1,linear
Surface_4,Surface_625,MP_SEL_SUR_039341.jpg,1,dot
Surface_4,Surface_625,MP_SEL_SUR_039343.jpg,1,linear
Surface_4,Surface_625,MP_SEL_SUR_039346.jpg,1,linear
Surface_4,Surface_625,MP_SEL_SUR_039353.jpg,1,dot
Surface_4,Surface_625,MP_SEL_SUR_039360.jpg,1,dot
Surface_4,Surface_625,MP_SEL_SUR_039379.jpg,1,dot
Surface_4,Surface_626,MP_SEL_SUR_034940.jpg,1,linear
Surface_4,Surface_626,MP_SEL_SUR_034962.jpg,1,dot
Surface_4,Surface_626,MP_SEL_SUR_034976.jpg,1,dot
Surface_4,Surface_626,MP_SEL_SUR_034988.jpg,1,dot
Surface_4,Surface_627,MP_SEL_SUR_035007.jpg,1,dot
Surface_4,Surface_627,MP_SEL_SUR_035037.jpg,1,linear
Surface_4,Surface_627,MP_SEL_SUR_035044.jpg,1,linear
Surface_4,Surface_627,MP_SEL_SUR_035052.jpg,1,dot
Surface_4,Surface_627,MP_SEL_SUR_035056.jpg,2,dot
Surface_4,Surface_627,MP_SEL_SUR_035057.jpg,1,dot
Surface_4,Surface_628,MP_SEL_SUR_035083.jpg,1,dot
Surface_4,Surface_628,MP_SEL_SUR_035090.jpg,1,linear
Surface_4,Surface_628,MP_SEL_SUR_035105.jpg,1,linear
Surface_4,Surface_628,MP_SEL_SUR_035117.jpg,1,linear
Surface_4,Surface_628,MP_SEL_SUR_035138.jpg,1,dot
Surface_4,Surface_628,MP_SEL_SUR_035148.jpg,1,dot
Surface_4,Surface_628,MP_SEL_SUR_035156.jpg,1,linear
Surface_4,Surface_629,MP_SEL_SUR_035173.jpg,1,dot
Surface_4,Surface_630,MP_SEL_SUR_035266.jpg,1,dot
Surface_4,Surface_630,MP_SEL_SUR_035274.jpg,1,dot
Surface_4,Surface_630,MP_SEL_SUR_035275.jpg,1,linear
Surface_4,Surface_630,MP_SEL_SUR_035298.jpg,1,dot
Surface_4,Surface_630,MP_SEL_SUR_035299.jpg,1,linear
Surface_4,Surface_630,MP_SEL_SUR_035303.jpg,1,dot
Surface_4,Surface_630,MP_SEL_SUR_035312.jpg,1,dot
Surface_4,Surface_630,MP_SEL_SUR_035316.jpg,1,dot
Surface_4,Surface_630,MP_SEL_SUR_035318.jpg,1,linear
Surface_4,Surface_630,MP_SEL_SUR_035320.jpg,1,dot
Surface_5,Surface_631,MP_SEL_SUR_035331.jpg,1,dot
Surface_5,Surface_631,MP_SEL_SUR_035354.jpg,1,dot
Surface_5,Surface_631,MP_SEL_SUR_035361.jpg,1,linear
Surface_5,Surface_631,MP_SEL_SUR_035368.jpg,1,linear
Surface_5,Surface_631,MP_SEL_SUR_035385.jpg,1,dot
Surface_5,Surface_631,MP_SEL_SUR_035399.jpg,1,linear
Surface_5,Surface_632,MP_SEL_SUR_039418.jpg,1,dot
Surface_5,Surface_633,MP_SEL_SUR_039435.jpg,1,dot
Surface_5,Surface_633,MP_SEL_SUR_039445.jpg,1,dot
Surface_5,Surface_633,MP_SEL_SUR_039448.jpg,1,linear
Surface_5,Surface_634,MP_SEL_SUR_039506.jpg,1,linear
Surface_5,Surface_635,MP_SEL_SUR_039544.jpg,1,dot
Surface_5,Surface_635,MP_SEL_SUR_039552.jpg,1,dot
Surface_5,Surface_635,MP_SEL_SUR_039557.jpg,1,linear
Surface_5,Surface_635,MP_SEL_SUR_039569.jpg,1,dot
Surface_5,Surface_636,MP_SEL_SUR_039589.jpg,1,linear
Surface_5,Surface_636,MP_SEL_SUR_039596.jpg,1,dot
Surface_5,Surface_636,MP_SEL_SUR_039612.jpg,1,linear
Surface_5,Surface_636,MP_SEL_SUR_039629.jpg,1,dot
Surface_5,Surface_637,MP_SEL_SUR_039632.jpg,1,dot
Surface_5,Surface_637,MP_SEL_SUR_039634.jpg,1,linear
Surface_5,Surface_637,MP_SEL_SUR_039647.jpg,1,dot
Surface_5,Surface_637,MP_SEL_SUR_039653.jpg,1,linear
Surface_5,Surface_637,MP_SEL_SUR_039654.jpg,1,dot
Surface_5,Surface_638,MP_SEL_SUR_039682.jpg,1,dot
Surface_5,Surface_638,MP_SEL_SUR_039687.jpg,1,dot
Surface_5,Surface_638,MP_SEL_SUR_039706.jpg,1,linear
Surface_5,Surface_638,MP_SEL_SUR_039725.jpg,1,dot
Surface_5,Surface_639,MP_SEL_SUR_039733.jpg,1,dot
Surface_5,Surface_639,MP_SEL_SUR_039760.jpg,1,dot
Surface_5,Surface_639,MP_SEL_SUR_039766.jpg,1,linear
Surface_5,Surface_640,MP_SEL_SUR_039805.jpg,1,dot
Surface_5,Surface_641,MP_SEL_SUR_039838.jpg,1,dot
Surface_5,Surface_641,MP_SEL_SUR_039840.jpg,1,dot
Surface_5,Surface_641,MP_SEL_SUR_039845.jpg,1,linear
Surface_5,Surface_641,MP_SEL_SUR_039852.jpg,1,dot
Surface_5,Surface_641,MP_SEL_SUR_039853.jpg,1,dot
Surface_5,Surface_641,MP_SEL_SUR_039872.jpg,1,linear
Surface_5,Surface_641,MP_SEL_SUR_039881.jpg,1,linear
Surface_5,Surface_642,MP_SEL_SUR_039885.jpg,1,linear
Surface_5,Surface_642,MP_SEL_SUR_039892.jpg,1,dot
Surface_5,Surface_642,MP_SEL_SUR_039908.jpg,1,dot
Surface_5,Surface_643,MP_SEL_SUR_039932.jpg,1,dot
Surface_5,Surface_643,MP_SEL_SUR_039944.jpg,1,dot
Surface_5,Surface_645,MP_SEL_SUR_040043.jpg,1,linear
Surface_5,Surface_645,MP_SEL_SUR_040045.jpg,1,linear
Surface_5,Surface_645,MP_SEL_SUR_040057.jpg,1,linear
Surface_5,Surface_645,MP_SEL_SUR_040072.jpg,1,dot
Surface_5,Surface_645,MP_SEL_SUR_040074.jpg,1,linear
Surface_5,Surface_645,MP_SEL_SUR_040078.jpg,2,dot
Surface_5,Surface_646,MP_SEL_SUR_040095.jpg,1,dot
Surface_5,Surface_646,MP_SEL_SUR_040098.jpg,1,dot
Surface_5,Surface_646,MP_SEL_SUR_040121.jpg,1,linear
Surface_5,Surface_647,MP_SEL_SUR_040142.jpg,1,dot
Surface_5,Surface_647,MP_SEL_SUR_040151.jpg,1,dot
Surface_5,Surface_647,MP_SEL_SUR_040164.jpg,1,linear
Surface_5,Surface_647,MP_SEL_SUR_040181.jpg,1,dot
Surface_5,Surface_648,MP_SEL_SUR_040200.jpg,1,dot
Surface_5,Surface_648,MP_SEL_SUR_040212.jpg,1,dot
Surface_5,Surface_649,MP_SEL_SUR_040235.jpg,1,dot
Surface_5,Surface_649,MP_SEL_SUR_040239.jpg,1,dot
Surface_5,Surface_649,MP_SEL_SUR_040263.jpg,1,linear
Surface_5,Surface_649,MP_SEL_SUR_040271.jpg,1,linear
Surface_5,Surface_649,MP_SEL_SUR_040274.jpg,1,dot
Surface_5,Surface_649,MP_SEL_SUR_040281.jpg,1,dot
Surface_5,Surface_650,MP_SEL_SUR_040292.jpg,1,dot
Surface_5,Surface_651,MP_SEL_SUR_040339.jpg,1,dot
Surface_5,Surface_651,MP_SEL_SUR_040357.jpg,1,dot
Surface_5,Surface_651,MP_SEL_SUR_040381.jpg,1,dot
Surface_5,Surface_652,MP_SEL_SUR_035431.jpg,1,dot
Surface_5,Surface_652,MP_SEL_SUR_035432.jpg,1,linear
Surface_5,Surface_652,MP_SEL_SUR_035462.jpg,1,dot
Surface_5,Surface_653,MP_SEL_SUR_035483.jpg,1,dot
Surface_5,Surface_653,MP_SEL_SUR_035487.jpg,1,dot
Surface_5,Surface_653,MP_SEL_SUR_035521.jpg,1,dot
Surface_5,Surface_653,MP_SEL_SUR_035524.jpg,1,dot
Surface_5,Surface_653,MP_SEL_SUR_035534.jpg,1,dot
Surface_5,Surface_653,MP_SEL_SUR_035547.jpg,1,dot
Surface_5,Surface_653,MP_SEL_SUR_035549.jpg,1,dot
Surface_5,Surface_653,MP_SEL_SUR_035554.jpg,1,linear
Surface_5,Surface_654,MP_SEL_SUR_035586.jpg,1,linear
Surface_5,Surface_654,MP_SEL_SUR_035593.jpg,2,dot
Surface_5,Surface_654,MP_SEL_SUR_035598.jpg,1,dot
Surface_5,Surface_654,MP_SEL_SUR_035605.jpg,1,linear
Surface_5,Surface_655,MP_SEL_SUR_035655.jpg,1,dot
Surface_5,Surface_655,MP_SEL_SUR_035675.jpg,1,linear
Surface_5,Surface_655,MP_SEL_SUR_035679.jpg,1,dot
Surface_5,Surface_655,MP_SEL_SUR_035690.jpg,1,dot
Surface_5,Surface_655,MP_SEL_SUR_035692.jpg,1,dot
Surface_5,Surface_655,MP_SEL_SUR_035695.jpg,1,dot
Surface_5,Surface_655,MP_SEL_SUR_035697.jpg,1,linear
Surface_5,Surface_656,MP_SEL_SUR_035723.jpg,1,linear
Surface_5,Surface_656,MP_SEL_SUR_035750.jpg,1,dot
Surface_5,Surface_656,MP_SEL_SUR_035753.jpg,1,linear
Surface_5,Surface_656,MP_SEL_SUR_035755.jpg,1,dot
Surface_5,Surface_656,MP_SEL_SUR_035760.jpg,2,dot
Surface_5,Surface_656,MP_SEL_SUR_035784.jpg,1,linear
Surface_5,Surface_656,MP_SEL_SUR_035788.jpg,1,linear
Surface_5,Surface_656,MP_SEL_SUR_035789.jpg,2,linear
Surface_5,Surface_656,MP_SEL_SUR_035799.jpg,1,dot
Surface_5,Surface_657,MP_SEL_SUR_035820.jpg,1,dot
Surface_5,Surface_657,MP_SEL_SUR_035821.jpg,1,linear
Surface_5,Surface_658,MP_SEL_SUR_040393.jpg,1,dot
Surface_5,Surface_658,MP_SEL_SUR_040404.jpg,1,dot
Surface_5,Surface_658,MP_SEL_SUR_040411.jpg,1,dot
Surface_5,Surface_658,MP_SEL_SUR_040422.jpg,1,dot
Surface_5,Surface_659,MP_SEL_SUR_040447.jpg,1,linear
Surface_5,Surface_659,MP_SEL_SUR_040449.jpg,1,dot
Surface_5,Surface_659,MP_SEL_SUR_040451.jpg,1,dot
Surface_5,Surface_659,MP_SEL_SUR_040463.jpg,2,dot
Surface_5,Surface_659,MP_SEL_SUR_040480.jpg,1,dot
Surface_5,Surface_660,MP_SEL_SUR_040488.jpg,1,linear
Surface_5,Surface_660,MP_SEL_SUR_040504.jpg,1,linear
Surface_5,Surface_660,MP_SEL_SUR_040514.jpg,1,linear
Surface_5,Surface_660,MP_SEL_SUR_040525.jpg,1,dot
Surface_5,Surface_661,MP_SEL_SUR_040560.jpg,1,linear
Surface_5,Surface_662,MP_SEL_SUR_040591.jpg,1,dot
Surface_5,Surface_662,MP_SEL_SUR_040600.jpg,1,linear
Surface_5,Surface_662,MP_SEL_SUR_040601.jpg,1,dot
Surface_5,Surface_662,MP_SEL_SUR_040606.jpg,1,linear
Surface_5,Surface_662,MP_SEL_SUR_040618.jpg,1,dot
Surface_5,Surface_662,MP_SEL_SUR_040619.jpg,1,linear
Surface_5,Surface_662,MP_SEL_SUR_040628.jpg,1,linear
Surface_5,Surface_663,MP_SEL_SUR_040642.jpg,1,linear
Surface_5,Surface_663,MP_SEL_SUR_040646.jpg,1,dot
Surface_5,Surface_663,MP_SEL_SUR_040654.jpg,1,linear
Surface_5,Surface_663,MP_SEL_SUR_040657.jpg,1,linear
Surface_5,Surface_664,MP_SEL_SUR_040686.jpg,1,linear
Surface_5,Surface_664,MP_SEL_SUR_040696.jpg,1,dot
Surface_5,Surface_664,MP_SEL_SUR_040726.jpg,1,dot
Surface_5,Surface_666,MP_SEL_SUR_040786.jpg,1,linear
Surface_5,Surface_666,MP_SEL_SUR_040803.jpg,1,linear
Surface_5,Surface_667,MP_SEL_SUR_040845.jpg,1,dot
Surface_5,Surface_667,MP_SEL_SUR_040851.jpg,1,linear
Surface_5,Surface_667,MP_SEL_SUR_040859.jpg,1,linear
Surface_5,Surface_667,MP_SEL_SUR_040872.jpg,1,dot
Surface_5,Surface_667,MP_SEL_SUR_040881.jpg,1,dot
Surface_5,Surface_668,MP_SEL_SUR_040911.jpg,1,dot
Surface_5,Surface_668,MP_SEL_SUR_040918.jpg,1,dot
Surface_5,Surface_668,MP_SEL_SUR_040928.jpg,1,dot
Surface_5,Surface_669,MP_SEL_SUR_040973.jpg,1,dot
Surface_5,Surface_670,MP_SEL_SUR_040987.jpg,1,dot
Surface_5,Surface_670,MP_SEL_SUR_040997.jpg,1,linear
Surface_5,Surface_671,MP_SEL_SUR_041033.jpg,1,dot
Surface_5,Surface_671,MP_SEL_SUR_041040.jpg,1,linear
Surface_5,Surface_671,MP_SEL_SUR_041054.jpg,1,linear
Surface_5,Surface_671,MP_SEL_SUR_041070.jpg,1,dot
Surface_5,Surface_671,MP_SEL_SUR_041078.jpg,1,dot
Surface_5,Surface_672,MP_SEL_SUR_041105.jpg,1,linear
Surface_5,Surface_672,MP_SEL_SUR_041113.jpg,1,linear
Surface_5,Surface_672,MP_SEL_SUR_041128.jpg,1,linear
Surface_5,Surface_672,MP_SEL_SUR_041129.jpg,2,dot
Surface_5,Surface_672,MP_SEL_SUR_041131.jpg,1,dot
Surface_5,Surface_673,MP_SEL_SUR_041134.jpg,1,dot
Surface_5,Surface_673,MP_SEL_SUR_041137.jpg,1,dot
Surface_5,Surface_673,MP_SEL_SUR_041162.jpg,1,linear
Surface_5,Surface_673,MP_SEL_SUR_041167.jpg,1,linear
Surface_5,Surface_673,MP_SEL_SUR_041168.jpg,1,dot
Surface_5,Surface_674,MP_SEL_SUR_041197.jpg,1,dot
Surface_5,Surface_674,MP_SEL_SUR_041200.jpg,1,linear
Surface_5,Surface_674,MP_SEL_SUR_041203.jpg,2,dot
Surface_5,Surface_676,MP_SEL_SUR_041331.jpg,1,dot
Surface_5,Surface_677,MP_SEL_SUR_041336.jpg,1,linear
Surface_5,Surface_677,MP_SEL_SUR_041339.jpg,1,linear
Surface_5,Surface_677,MP_SEL_SUR_041342.jpg,1,dot
Surface_5,Surface_677,MP_SEL_SUR_041350.jpg,1,linear
Surface_5,Surface_677,MP_SEL_SUR_041356.jpg,1,dot
Surface_5,Surface_677,MP_SEL_SUR_041377.jpg,1,dot
Surface_5,Surface_678,MP_SEL_SUR_041394.jpg,1,dot
Surface_5,Surface_678,MP_SEL_SUR_041425.jpg,1,linear
Surface_5,Surface_679,MP_SEL_SUR_041442.jpg,1,dot
Surface_5,Surface_679,MP_SEL_SUR_041455.jpg,1,dot
Surface_5,Surface_679,MP_SEL_SUR_041458.jpg,1,dot
Surface_5,Surface_679,MP_SEL_SUR_041459.jpg,1,dot
Surface_5,Surface_679,MP_SEL_SUR_041467.jpg,1,dot
Surface_5,Surface_679,MP_SEL_SUR_041470.jpg,1,dot
Surface_5,Surface_680,MP_SEL_SUR_041488.jpg,1,dot
Surface_5,Surface_681,MP_SEL_SUR_041543.jpg,1,linear
Surface_5,Surface_681,MP_SEL_SUR_041557.jpg,2,both
Surface_5,Surface_681,MP_SEL_SUR_041580.jpg,2,both
Surface_5,Surface_682,MP_SEL_SUR_041584.jpg,1,dot
Surface_5,Surface_683,MP_SEL_SUR_041635.jpg,1,dot
Surface_5,Surface_683,MP_SEL_SUR_041638.jpg,1,dot
Surface_5,Surface_683,MP_SEL_SUR_041662.jpg,1,dot
Surface_5,Surface_683,MP_SEL_SUR_041667.jpg,1,dot
Surface_5,Surface_684,MP_SEL_SUR_041692.jpg,1,linear
Surface_5,Surface_684,MP_SEL_SUR_041695.jpg,1,linear
Surface_5,Surface_684,MP_SEL_SUR_041705.jpg,1,linear
Surface_5,Surface_684,MP_SEL_SUR_041709.jpg,1,linear
Surface_5,Surface_684,MP_SEL_SUR_041723.jpg,1,linear
Surface_5,Surface_685,MP_SEL_SUR_041738.jpg,1,linear
Surface_5,Surface_685,MP_SEL_SUR_041743.jpg,2,dot
Surface_5,Surface_685,MP_SEL_SUR_041772.jpg,1,linear
Surface_5,Surface_685,MP_SEL_SUR_041777.jpg,1,linear
Surface_5,Surface_686,MP_SEL_SUR_041785.jpg,1,dot
Surface_5,Surface_686,MP_SEL_SUR_041786.jpg,1,dot
Surface_5,Surface_686,MP_SEL_SUR_041803.jpg,1,dot
Surface_5,Surface_687,MP_SEL_SUR_041856.jpg,1,linear
Surface_5,Surface_687,MP_SEL_SUR_041865.jpg,1,linear
Surface_5,Surface_688,MP_SEL_SUR_041894.jpg,1,linear
Surface_5,Surface_688,MP_SEL_SUR_041896.jpg,1,dot
Surface_5,Surface_688,MP_SEL_SUR_041909.jpg,1,linear
Surface_5,Surface_689,MP_SEL_SUR_041938.jpg,1,linear
Surface_5,Surface_689,MP_SEL_SUR_041958.jpg,1,linear
Surface_5,Surface_689,MP_SEL_SUR_041978.jpg,1,dot
Surface_5,Surface_690,MP_SEL_SUR_042007.jpg,1,linear
Surface_5,Surface_690,MP_SEL_SUR_042019.jpg,1,linear
Surface_5,Surface_690,MP_SEL_SUR_042025.jpg,1,linear
Surface_5,Surface_691,MP_SEL_SUR_042034.jpg,1,dot
Surface_5,Surface_691,MP_SEL_SUR_042054.jpg,1,dot
Surface_5,Surface_691,MP_SEL_SUR_042056.jpg,1,linear
Surface_5,Surface_691,MP_SEL_SUR_042074.jpg,1,linear
Surface_5,Surface_692,MP_SEL_SUR_042082.jpg,1,dot
Surface_5,Surface_692,MP_SEL_SUR_042096.jpg,1,dot
Surface_5,Surface_692,MP_SEL_SUR_042100.jpg,1,linear
Surface_5,Surface_692,MP_SEL_SUR_042125.jpg,1,dot
Surface_5,Surface_693,MP_SEL_SUR_042140.jpg,1,linear
Surface_5,Surface_693,MP_SEL_SUR_042158.jpg,1,dot
Surface_5,Surface_693,MP_SEL_SUR_042168.jpg,1,dot
Surface_5,Surface_693,MP_SEL_SUR_042174.jpg,1,dot
Surface_5,Surface_693,MP_SEL_SUR_042176.jpg,1,dot
Surface_5,Surface_693,MP_SEL_SUR_042178.jpg,1,dot
Surface_5,Surface_694,MP_SEL_SUR_042201.jpg,1,linear
Surface_5,Surface_694,MP_SEL_SUR_042222.jpg,1,dot
Surface_5,Surface_695,MP_SEL_SUR_042241.jpg,1,linear
Surface_5,Surface_695,MP_SEL_SUR_042257.jpg,1,dot
Surface_5,Surface_695,MP_SEL_SUR_042265.jpg,1,dot
Surface_5,Surface_695,MP_SEL_SUR_042266.jpg,1,dot
Surface_5,Surface_696,MP_SEL_SUR_042303.jpg,1,dot
Surface_5,Surface_697,MP_SEL_SUR_042344.jpg,1,linear
Surface_5,Surface_697,MP_SEL_SUR_042350.jpg,1,linear
Surface_5,Surface_697,MP_SEL_SUR_042375.jpg,1,dot
Surface_5,Surface_698,MP_SEL_SUR_035901.jpg,1,dot
Surface_5,Surface_698,MP_SEL_SUR_035906.jpg,1,linear
Surface_5,Surface_698,MP_SEL_SUR_035919.jpg,1,dot
Surface_5,Surface_698,MP_SEL_SUR_035933.jpg,1,dot
Surface_5,Surface_698,MP_SEL_SUR_035935.jpg,1,dot
Surface_5,Surface_698,MP_SEL_SUR_035942.jpg,1,dot
Surface_5,Surface_698,MP_SEL_SUR_035957.jpg,1,dot
Surface_5,Surface_699,MP_SEL_SUR_035967.jpg,1,dot
Surface_5,Surface_699,MP_SEL_SUR_035977.jpg,1,dot
Surface_5,Surface_699,MP_SEL_SUR_035998.jpg,1,dot
Surface_5,Surface_699,MP_SEL_SUR_036001.jpg,1,dot
Surface_5,Surface_699,MP_SEL_SUR_036017.jpg,1,dot
Surface_5,Surface_699,MP_SEL_SUR_036019.jpg,1,linear
Surface_5,Surface_700,MP_SEL_SUR_036045.jpg,1,dot
Surface_5,Surface_700,MP_SEL_SUR_036048.jpg,1,dot
Surface_5,Surface_700,MP_SEL_SUR_036049.jpg,1,dot
Surface_5,Surface_700,MP_SEL_SUR_036082.jpg,1,linear
Surface_5,Surface_700,MP_SEL_SUR_036087.jpg,1,dot
Surface_5,Surface_700,MP_SEL_SUR_036114.jpg,1,dot
Surface_5,Surface_701,MP_SEL_SUR_036123.jpg,1,dot
Surface_5,Surface_701,MP_SEL_SUR_036124.jpg,1,linear
Surface_5,Surface_701,MP_SEL_SUR_036132.jpg,1,dot
Surface_5,Surface_701,MP_SEL_SUR_036197.jpg,1,dot
Surface_5,Surface_701,MP_SEL_SUR_036200.jpg,1,dot
Surface_5,Surface_702,MP_SEL_SUR_036221.jpg,1,linear
Surface_5,Surface_702,MP_SEL_SUR_036229.jpg,1,dot
Surface_5,Surface_702,MP_SEL_SUR_036230.jpg,1,linear
Surface_5,Surface_702,MP_SEL_SUR_036246.jpg,1,linear
Surface_5,Surface_702,MP_SEL_SUR_036267.jpg,1,linear
Surface_5,Surface_702,MP_SEL_SUR_036276.jpg,1,linear
Surface_5,Surface_703,MP_SEL_SUR_036286.jpg,1,dot
Surface_5,Surface_703,MP_SEL_SUR_036314.jpg,1,linear
Surface_5,Surface_703,MP_SEL_SUR_036325.jpg,1,dot
Surface_5,Surface_703,MP_SEL_SUR_036340.jpg,1,dot
Surface_5,Surface_704,MP_SEL_SUR_042385.jpg,1,dot
Surface_5,Surface_704,MP_SEL_SUR_042401.jpg,1,dot
Surface_5,Surface_704,MP_SEL_SUR_042426.jpg,1,linear
Surface_5,Surface_705,MP_SEL_SUR_042434.jpg,1,linear
Surface_5,Surface_705,MP_SEL_SUR_042435.jpg,1,dot
Surface_5,Surface_705,MP_SEL_SUR_042445.jpg,1,dot
Surface_5,Surface_705,MP_SEL_SUR_042447.jpg,1,dot
Surface_5,Surface_705,MP_SEL_SUR_042454.jpg,1,dot
Surface_5,Surface_705,MP_SEL_SUR_042455.jpg,1,dot
Surface_5,Surface_705,MP_SEL_SUR_042469.jpg,2,dot
Surface_5,Surface_705,MP_SEL_SUR_042473.jpg,1,linear
Surface_5,Surface_705,MP_SEL_SUR_042475.jpg,1,linear
Surface_5,Surface_705,MP_SEL_SUR_042477.jpg,1,dot
Surface_5,Surface_706,MP_SEL_SUR_042487.jpg,1,dot
Surface_5,Surface_706,MP_SEL_SUR_042492.jpg,1,linear
Surface_5,Surface_706,MP_SEL_SUR_042508.jpg,1,dot
Surface_5,Surface_706,MP_SEL_SUR_042513.jpg,1,dot
Surface_5,Surface_706,MP_SEL_SUR_042515.jpg,1,linear
Surface_5,Surface_706,MP_SEL_SUR_042518.jpg,1,dot
Surface_5,Surface_706,MP_SEL_SUR_042527.jpg,1,dot
Surface_5,Surface_707,MP_SEL_SUR_042539.jpg,1,dot
Surface_5,Surface_707,MP_SEL_SUR_042567.jpg,1,linear
Surface_5,Surface_707,MP_SEL_SUR_042575.jpg,1,dot
Surface_5,Surface_708,MP_SEL_SUR_042604.jpg,1,linear
Surface_5,Surface_708,MP_SEL_SUR_042611.jpg,1,dot
Surface_5,Surface_708,MP_SEL_SUR_042625.jpg,1,dot
Surface_5,Surface_709,MP_SEL_SUR_042633.jpg,1,dot
Surface_5,Surface_709,MP_SEL_SUR_042647.jpg,2,dot
Surface_5,Surface_710,MP_SEL_SUR_042692.jpg,1,linear
Surface_5,Surface_710,MP_SEL_SUR_042694.jpg,1,linear
Surface_5,Surface_710,MP_SEL_SUR_042700.jpg,1,dot
Surface_5,Surface_710,MP_SEL_SUR_042713.jpg,1,dot
Surface_5,Surface_710,MP_SEL_SUR_042717.jpg,1,dot
Surface_5,Surface_710,MP_SEL_SUR_042723.jpg,1,linear
Surface_5,Surface_710,MP_SEL_SUR_042724.jpg,1,linear
Surface_5,Surface_710,MP_SEL_SUR_042727.jpg,1,linear
Surface_5,Surface_711,MP_SEL_SUR_042753.jpg,1,dot
Surface_5,Surface_711,MP_SEL_SUR_042758.jpg,1,dot
Surface_5,Surface_711,MP_SEL_SUR_042764.jpg,1,linear
Surface_5,Surface_712,MP_SEL_SUR_042789.jpg,1,dot
Surface_5,Surface_712,MP_SEL_SUR_042821.jpg,1,dot
Surface_5,Surface_712,MP_SEL_SUR_042823.jpg,1,dot
Surface_5,Surface_713,MP_SEL_SUR_042836.jpg,1,linear
Surface_5,Surface_713,MP_SEL_SUR_042837.jpg,1,dot
Surface_5,Surface_713,MP_SEL_SUR_042838.jpg,1,dot
Surface_5,Surface_713,MP_SEL_SUR_042864.jpg,1,dot
Surface_5,Surface_713,MP_SEL_SUR_042879.jpg,1,linear
Surface_5,Surface_714,MP_SEL_SUR_042898.jpg,1,linear
Surface_5,Surface_714,MP_SEL_SUR_042913.jpg,1,dot
Surface_5,Surface_714,MP_SEL_SUR_042930.jpg,1,linear
Surface_5,Surface_715,MP_SEL_SUR_042951.jpg,1,linear
Surface_5,Surface_715,MP_SEL_SUR_042961.jpg,1,dot
Surface_5,Surface_715,MP_SEL_SUR_042965.jpg,1,dot
Surface_5,Surface_716,MP_SEL_SUR_042985.jpg,1,linear
Surface_5,Surface_717,MP_SEL_SUR_043063.jpg,1,linear
Surface_5,Surface_717,MP_SEL_SUR_043069.jpg,1,dot
Surface_5,Surface_717,MP_SEL_SUR_043073.jpg,1,linear
Surface_5,Surface_717,MP_SEL_SUR_043074.jpg,1,dot
Surface_5,Surface_717,MP_SEL_SUR_043075.jpg,1,dot
Surface_5,Surface_718,MP_SEL_SUR_043083.jpg,1,dot
Surface_5,Surface_718,MP_SEL_SUR_043091.jpg,1,dot
Surface_5,Surface_718,MP_SEL_SUR_043092.jpg,1,dot
Surface_5,Surface_718,MP_SEL_SUR_043103.jpg,1,dot
Surface_5,Surface_718,MP_SEL_SUR_043130.jpg,2,both
Surface_5,Surface_719,MP_SEL_SUR_043152.jpg,1,linear
Surface_5,Surface_719,MP_SEL_SUR_043162.jpg,1,dot
Surface_5,Surface_720,MP_SEL_SUR_043182.jpg,1,dot
Surface_5,Surface_720,MP_SEL_SUR_043207.jpg,1,dot
Surface_5,Surface_720,MP_SEL_SUR_043231.jpg,1,linear
Surface_5,Surface_721,MP_SEL_SUR_043249.jpg,1,linear
Surface_5,Surface_721,MP_SEL_SUR_043273.jpg,1,dot
Surface_5,Surface_721,MP_SEL_SUR_043281.jpg,1,dot
Surface_5,Surface_722,MP_SEL_SUR_043287.jpg,1,dot
Surface_5,Surface_722,MP_SEL_SUR_043331.jpg,2,dot
Surface_5,Surface_723,MP_SEL_SUR_043337.jpg,1,dot
Surface_5,Surface_723,MP_SEL_SUR_043348.jpg,1,dot
Surface_5,Surface_724,MP_SEL_SUR_043395.jpg,1,dot
Surface_5,Surface_724,MP_SEL_SUR_043397.jpg,1,linear
Surface_5,Surface_724,MP_SEL_SUR_043431.jpg,1,dot
Surface_5,Surface_726,MP_SEL_SUR_043487.jpg,1,dot
Surface_5,Surface_726,MP_SEL_SUR_043492.jpg,1,dot
Surface_5,Surface_726,MP_SEL_SUR_043497.jpg,1,dot
Surface_5,Surface_726,MP_SEL_SUR_043498.jpg,1,linear
Surface_5,Surface_726,MP_SEL_SUR_043515.jpg,1,dot
Surface_5,Surface_727,MP_SEL_SUR_043539.jpg,1,dot
Surface_5,Surface_727,MP_SEL_SUR_043565.jpg,1,dot
Surface_5,Surface_727,MP_SEL_SUR_043571.jpg,1,dot
Surface_5,Surface_727,MP_SEL_SUR_043574.jpg,1,linear
Surface_5,Surface_728,MP_SEL_SUR_043594.jpg,1,linear
Surface_5,Surface_728,MP_SEL_SUR_043604.jpg,1,linear
Surface_5,Surface_729,MP_SEL_SUR_043645.jpg,1,linear
Surface_5,Surface_730,MP_SEL_SUR_043684.jpg,1,linear
Surface_5,Surface_730,MP_SEL_SUR_043690.jpg,1,dot
Surface_5,Surface_730,MP_SEL_SUR_043691.jpg,1,linear
Surface_5,Surface_730,MP_SEL_SUR_043703.jpg,1,linear
Surface_5,Surface_730,MP_SEL_SUR_043719.jpg,1,dot
Surface_5,Surface_730,MP_SEL_SUR_043722.jpg,1,dot
Surface_5,Surface_731,MP_SEL_SUR_043732.jpg,1,dot
Surface_5,Surface_731,MP_SEL_SUR_043737.jpg,1,linear
Surface_5,Surface_731,MP_SEL_SUR_043741.jpg,1,dot
Surface_5,Surface_731,MP_SEL_SUR_043745.jpg,1,dot
Surface_5,Surface_731,MP_SEL_SUR_043747.jpg,1,linear
Surface_5,Surface_731,MP_SEL_SUR_043761.jpg,1,dot
Surface_5,Surface_732,MP_SEL_SUR_043816.jpg,1,dot
Surface_5,Surface_733,MP_SEL_SUR_043835.jpg,1,dot
Surface_5,Surface_733,MP_SEL_SUR_043838.jpg,1,dot
Surface_5,Surface_733,MP_SEL_SUR_043841.jpg,1,linear
Surface_5,Surface_733,MP_SEL_SUR_043847.jpg,1,linear
Surface_5,Surface_733,MP_SEL_SUR_043852.jpg,1,linear
Surface_5,Surface_733,MP_SEL_SUR_043853.jpg,1,dot
Surface_5,Surface_734,MP_SEL_SUR_043888.jpg,2,dot
Surface_5,Surface_734,MP_SEL_SUR_043894.jpg,1,dot
Surface_5,Surface_734,MP_SEL_SUR_043901.jpg,1,dot
Surface_5,Surface_734,MP_SEL_SUR_043908.jpg,1,dot
Surface_5,Surface_734,MP_SEL_SUR_043913.jpg,1,dot
Surface_5,Surface_734,MP_SEL_SUR_043918.jpg,1,linear
Surface_5,Surface_734,MP_SEL_SUR_043925.jpg,1,linear
Surface_5,Surface_735,MP_SEL_SUR_043963.jpg,1,dot
Surface_5,Surface_736,MP_SEL_SUR_043989.jpg,1,dot
Surface_5,Surface_736,MP_SEL_SUR_043995.jpg,1,dot
Surface_5,Surface_737,MP_SEL_SUR_044039.jpg,1,dot
Surface_5,Surface_737,MP_SEL_SUR_044044.jpg,1,dot
Surface_5,Surface_737,MP_SEL_SUR_044052.jpg,1,linear
Surface_5,Surface_737,MP_SEL_SUR_044057.jpg,1,dot
Surface_5,Surface_737,MP_SEL_SUR_044060.jpg,1,dot
Surface_5,Surface_737,MP_SEL_SUR_044066.jpg,1,linear
Surface_5,Surface_737,MP_SEL_SUR_044073.jpg,1,linear
Surface_5,Surface_737,MP_SEL_SUR_044077.jpg,2,both
Surface_5,Surface_738,MP_SEL_SUR_044091.jpg,1,linear
Surface_5,Surface_738,MP_SEL_SUR_044099.jpg,1,linear
Surface_5,Surface_738,MP_SEL_SUR_044130.jpg,1,dot
Surface_5,Surface_739,MP_SEL_SUR_044144.jpg,1,linear
Surface_5,Surface_739,MP_SEL_SUR_044162.jpg,1,linear
Surface_5,Surface_740,MP_SEL_SUR_044202.jpg,1,dot
Surface_5,Surface_740,MP_SEL_SUR_044219.jpg,1,linear
Surface_5,Surface_740,MP_SEL_SUR_044226.jpg,1,linear
Surface_5,Surface_741,MP_SEL_SUR_044238.jpg,1,dot
Surface_5,Surface_741,MP_SEL_SUR_044239.jpg,1,dot
Surface_5,Surface_741,MP_SEL_SUR_044240.jpg,1,linear
Surface_5,Surface_741,MP_SEL_SUR_044241.jpg,1,dot
Surface_5,Surface_741,MP_SEL_SUR_044246.jpg,2,dot
Surface_5,Surface_741,MP_SEL_SUR_044248.jpg,1,dot
Surface_5,Surface_741,MP_SEL_SUR_044254.jpg,1,dot
Surface_5,Surface_741,MP_SEL_SUR_044263.jpg,1,linear
Surface_5,Surface_741,MP_SEL_SUR_044266.jpg,1,dot
Surface_5,Surface_741,MP_SEL_SUR_044274.jpg,1,linear
Surface_5,Surface_742,MP_SEL_SUR_044303.jpg,1,dot
Surface_5,Surface_742,MP_SEL_SUR_044314.jpg,1,dot
Surface_5,Surface_742,MP_SEL_SUR_044322.jpg,1,linear
Surface_5,Surface_742,MP_SEL_SUR_044329.jpg,1,dot
Surface_5,Surface_743,MP_SEL_SUR_044341.jpg,1,dot
Surface_5,Surface_743,MP_SEL_SUR_044376.jpg,1,dot
Surface_5,Surface_744,MP_SEL_SUR_044393.jpg,1,dot
Surface_5,Surface_744,MP_SEL_SUR_044397.jpg,1,linear
Surface_5,Surface_744,MP_SEL_SUR_044400.jpg,1,dot
Surface_5,Surface_744,MP_SEL_SUR_044416.jpg,1,dot
Surface_5,Surface_744,MP_SEL_SUR_044417.jpg,1,dot
Surface_5,Surface_744,MP_SEL_SUR_044423.jpg,1,dot
Surface_5,Surface_744,MP_SEL_SUR_044425.jpg,1,linear
Surface_5,Surface_744,MP_SEL_SUR_044427.jpg,1,dot
Surface_5,Surface_744,MP_SEL_SUR_044431.jpg,1,dot
Surface_5,Surface_745,MP_SEL_SUR_044442.jpg,1,linear
Surface_5,Surface_745,MP_SEL_SUR_044448.jpg,1,linear
Surface_5,Surface_745,MP_SEL_SUR_044452.jpg,0,none
Surface_5,Surface_745,MP_SEL_SUR_044474.jpg,1,dot
Surface_5,Surface_746,MP_SEL_SUR_044495.jpg,1,dot
Surface_5,Surface_746,MP_SEL_SUR_044529.jpg,1,linear
Surface_5,Surface_747,MP_SEL_SUR_044544.jpg,1,linear
Surface_5,Surface_747,MP_SEL_SUR_044574.jpg,1,dot
Surface_5,Surface_748,MP_SEL_SUR_044600.jpg,1,linear
Surface_5,Surface_748,MP_SEL_SUR_044603.jpg,1,linear
Surface_5,Surface_748,MP_SEL_SUR_044618.jpg,1,linear
Surface_5,Surface_748,MP_SEL_SUR_044627.jpg,1,linear
Surface_5,Surface_749,MP_SEL_SUR_044636.jpg,1,linear
Surface_5,Surface_749,MP_SEL_SUR_044638.jpg,2,dot
Surface_5,Surface_749,MP_SEL_SUR_044639.jpg,1,linear
Surface_5,Surface_749,MP_SEL_SUR_044641.jpg,1,linear
Surface_5,Surface_749,MP_SEL_SUR_044646.jpg,1,dot
Surface_5,Surface_749,MP_SEL_SUR_044649.jpg,1,linear
Surface_5,Surface_749,MP_SEL_SUR_044660.jpg,1,linear
Surface_5,Surface_749,MP_SEL_SUR_044661.jpg,1,dot
Surface_5,Surface_749,MP_SEL_SUR_044668.jpg,1,dot
Surface_5,Surface_750,MP_SEL_SUR_044714.jpg,1,linear
Surface_5,Surface_750,MP_SEL_SUR_044725.jpg,1,dot
Surface_5,Surface_751,MP_SEL_SUR_044753.jpg,1,dot
Surface_5,Surface_751,MP_SEL_SUR_044761.jpg,1,dot
Surface_5,Surface_751,MP_SEL_SUR_044764.jpg,1,dot
Surface_5,Surface_751,MP_SEL_SUR_044769.jpg,1,dot
Surface_5,Surface_752,MP_SEL_SUR_044782.jpg,1,dot
Surface_5,Surface_752,MP_SEL_SUR_044788.jpg,1,dot
Surface_5,Surface_752,MP_SEL_SUR_044794.jpg,1,linear
Surface_5,Surface_753,MP_SEL_SUR_044864.jpg,1,dot
Surface_5,Surface_753,MP_SEL_SUR_044867.jpg,1,linear
Surface_5,Surface_753,MP_SEL_SUR_044873.jpg,1,dot
Surface_5,Surface_754,MP_SEL_SUR_044885.jpg,1,linear
Surface_5,Surface_754,MP_SEL_SUR_044888.jpg,1,dot
Surface_5,Surface_754,MP_SEL_SUR_044889.jpg,1,linear
Surface_5,Surface_754,MP_SEL_SUR_044905.jpg,1,linear
Surface_5,Surface_754,MP_SEL_SUR_044926.jpg,1,dot
Surface_5,Surface_754,MP_SEL_SUR_044930.jpg,1,dot
Surface_5,Surface_754,MP_SEL_SUR_044931.jpg,1,linear
Surface_5,Surface_755,MP_SEL_SUR_044945.jpg,1,linear
Surface_5,Surface_755,MP_SEL_SUR_044957.jpg,1,linear
Surface_5,Surface_755,MP_SEL_SUR_044964.jpg,1,dot
Surface_5,Surface_755,MP_SEL_SUR_044970.jpg,1,dot
Surface_5,Surface_755,MP_SEL_SUR_044972.jpg,1,dot
Surface_5,Surface_755,MP_SEL_SUR_044977.jpg,1,dot
Surface_5,Surface_755,MP_SEL_SUR_044980.jpg,2,both
Surface_5,Surface_756,MP_SEL_SUR_044990.jpg,1,dot
Surface_5,Surface_756,MP_SEL_SUR_045005.jpg,1,dot
Surface_5,Surface_756,MP_SEL_SUR_045016.jpg,1,linear
Surface_5,Surface_756,MP_SEL_SUR_045017.jpg,1,dot
Surface_5,Surface_756,MP_SEL_SUR_045018.jpg,1,linear
Surface_5,Surface_757,MP_SEL_SUR_045037.jpg,1,dot
Surface_5,Surface_757,MP_SEL_SUR_045042.jpg,1,dot
Surface_5,Surface_757,MP_SEL_SUR_045048.jpg,1,dot
Surface_5,Surface_757,MP_SEL_SUR_045054.jpg,1,dot
Surface_5,Surface_757,MP_SEL_SUR_045058.jpg,1,linear
Surface_5,Surface_757,MP_SEL_SUR_045066.jpg,1,dot
Surface_5,Surface_757,MP_SEL_SUR_045081.jpg,1,linear
Surface_5,Surface_758,MP_SEL_SUR_045126.jpg,1,linear
Surface_5,Surface_759,MP_SEL_SUR_045138.jpg,1,dot
Surface_5,Surface_759,MP_SEL_SUR_045143.jpg,1,dot
Surface_5,Surface_759,MP_SEL_SUR_045163.jpg,1,linear
Surface_5,Surface_759,MP_SEL_SUR_045180.jpg,1,dot
Surface_5,Surface_760,MP_SEL_SUR_045229.jpg,1,linear
Surface_5,Surface_761,MP_SEL_SUR_045246.jpg,1,dot
Surface_5,Surface_762,MP_SEL_SUR_045290.jpg,1,linear
Surface_5,Surface_762,MP_SEL_SUR_045305.jpg,1,dot
Surface_5,Surface_762,MP_SEL_SUR_045324.jpg,1,linear
Surface_5,Surface_762,MP_SEL_SUR_045325.jpg,1,linear
Surface_5,Surface_762,MP_SEL_SUR_045329.jpg,1,linear
Surface_5,Surface_763,MP_SEL_SUR_045370.jpg,1,dot
Surface_5,Surface_763,MP_SEL_SUR_045379.jpg,1,dot
Surface_5,Surface_764,MP_SEL_SUR_045392.jpg,1,linear
Surface_5,Surface_764,MP_SEL_SUR_045407.jpg,1,dot
Surface_5,Surface_764,MP_SEL_SUR_045412.jpg,1,linear
Surface_5,Surface_764,MP_SEL_SUR_045429.jpg,1,linear
Surface_5,Surface_765,MP_SEL_SUR_045440.jpg,1,dot
Surface_5,Surface_765,MP_SEL_SUR_045461.jpg,1,linear
Surface_5,Surface_766,MP_SEL_SUR_045496.jpg,1,dot
Surface_5,Surface_766,MP_SEL_SUR_045527.jpg,1,linear
Surface_5,Surface_767,MP_SEL_SUR_045533.jpg,1,dot
Surface_5,Surface_767,MP_SEL_SUR_045534.jpg,1,dot
Surface_5,Surface_767,MP_SEL_SUR_045554.jpg,1,dot
Surface_5,Surface_767,MP_SEL_SUR_045576.jpg,1,dot
Surface_5,Surface_768,MP_SEL_SUR_045585.jpg,1,dot
Surface_5,Surface_768,MP_SEL_SUR_045603.jpg,1,dot
Surface_5,Surface_768,MP_SEL_SUR_045620.jpg,1,dot
Surface_5,Surface_768,MP_SEL_SUR_045624.jpg,1,dot
Surface_5,Surface_769,MP_SEL_SUR_045632.jpg,1,linear
Surface_5,Surface_769,MP_SEL_SUR_045637.jpg,1,linear
Surface_5,Surface_769,MP_SEL_SUR_045642.jpg,1,dot
Surface_5,Surface_769,MP_SEL_SUR_045649.jpg,1,dot
Surface_5,Surface_769,MP_SEL_SUR_045655.jpg,1,dot
Surface_5,Surface_769,MP_SEL_SUR_045662.jpg,1,dot
Surface_5,Surface_769,MP_SEL_SUR_045663.jpg,1,dot
Surface_5,Surface_770,MP_SEL_SUR_045722.jpg,1,dot
Surface_5,Surface_770,MP_SEL_SUR_045728.jpg,1,dot
Surface_5,Surface_772,MP_SEL_SUR_045785.jpg,1,dot
Surface_5,Surface_772,MP_SEL_SUR_045797.jpg,1,dot
Surface_5,Surface_772,MP_SEL_SUR_045803.jpg,1,dot
Surface_5,Surface_772,MP_SEL_SUR_045818.jpg,1,linear
Surface_5,Surface_772,MP_SEL_SUR_045824.jpg,1,linear
Surface_5,Surface_772,MP_SEL_SUR_045831.jpg,1,dot
Surface_5,Surface_773,MP_SEL_SUR_045835.jpg,1,dot
Surface_5,Surface_773,MP_SEL_SUR_045854.jpg,1,dot
Surface_5,Surface_773,MP_SEL_SUR_045871.jpg,1,dot
Surface_5,Surface_774,MP_SEL_SUR_045892.jpg,2,linear
Surface_5,Surface_774,MP_SEL_SUR_045894.jpg,1,dot
Surface_5,Surface_774,MP_SEL_SUR_045895.jpg,2,dot
Surface_5,Surface_774,MP_SEL_SUR_045898.jpg,1,dot
Surface_5,Surface_774,MP_SEL_SUR_045912.jpg,1,linear
Surface_5,Surface_775,MP_SEL_SUR_045951.jpg,1,dot
Surface_5,Surface_775,MP_SEL_SUR_045960.jpg,1,linear
Surface_5,Surface_775,MP_SEL_SUR_045966.jpg,1,dot
Surface_5,Surface_775,MP_SEL_SUR_045967.jpg,1,dot
Surface_5,Surface_775,MP_SEL_SUR_045970.jpg,1,dot
Surface_5,Surface_775,MP_SEL_SUR_045979.jpg,1,linear
Surface_5,Surface_776,MP_SEL_SUR_045996.jpg,1,linear
Surface_5,Surface_776,MP_SEL_SUR_046012.jpg,1,dot
Surface_5,Surface_776,MP_SEL_SUR_046018.jpg,1,linear
Surface_5,Surface_776,MP_SEL_SUR_046023.jpg,1,dot
Surface_5,Surface_777,MP_SEL_SUR_046037.jpg,1,dot
Surface_5,Surface_778,MP_SEL_SUR_046085.jpg,1,dot
Surface_5,Surface_778,MP_SEL_SUR_046091.jpg,1,linear
Surface_5,Surface_778,MP_SEL_SUR_046098.jpg,1,linear
Surface_5,Surface_778,MP_SEL_SUR_046103.jpg,1,dot
Surface_5,Surface_778,MP_SEL_SUR_046105.jpg,1,dot
Surface_5,Surface_778,MP_SEL_SUR_046125.jpg,1,dot
Surface_5,Surface_779,MP_SEL_SUR_046132.jpg,1,dot
Surface_5,Surface_779,MP_SEL_SUR_046151.jpg,1,dot
Surface_5,Surface_779,MP_SEL_SUR_046154.jpg,1,dot
Surface_5,Surface_779,MP_SEL_SUR_046170.jpg,1,dot
Surface_5,Surface_779,MP_SEL_SUR_046179.jpg,1,dot
Surface_5,Surface_779,MP_SEL_SUR_046180.jpg,1,dot
Surface_5,Surface_780,MP_SEL_SUR_046184.jpg,1,dot
Surface_5,Surface_780,MP_SEL_SUR_046186.jpg,2,dot
Surface_5,Surface_780,MP_SEL_SUR_046199.jpg,1,dot
Surface_5,Surface_780,MP_SEL_SUR_046210.jpg,1,dot
Surface_5,Surface_780,MP_SEL_SUR_046215.jpg,1,dot
Surface_5,Surface_780,MP_SEL_SUR_046221.jpg,1,dot
Surface_5,Surface_781,MP_SEL_SUR_046235.jpg,1,dot
Surface_5,Surface_781,MP_SEL_SUR_046239.jpg,1,dot
Surface_5,Surface_781,MP_SEL_SUR_046253.jpg,1,dot
Surface_5,Surface_781,MP_SEL_SUR_046255.jpg,1,dot
Surface_5,Surface_781,MP_SEL_SUR_046277.jpg,1,linear
Surface_5,Surface_782,MP_SEL_SUR_046290.jpg,1,linear
Surface_5,Surface_782,MP_SEL_SUR_046296.jpg,1,linear
Surface_5,Surface_782,MP_SEL_SUR_046324.jpg,1,dot
Surface_5,Surface_784,MP_SEL_SUR_046384.jpg,1,dot
Surface_5,Surface_784,MP_SEL_SUR_046394.jpg,1,dot
Surface_5,Surface_784,MP_SEL_SUR_046427.jpg,1,linear
Surface_5,Surface_785,MP_SEL_SUR_046458.jpg,1,linear
Surface_5,Surface_786,MP_SEL_SUR_046510.jpg,1,dot
Surface_5,Surface_787,MP_SEL_SUR_046534.jpg,1,linear
Surface_5,Surface_787,MP_SEL_SUR_046550.jpg,1,dot
Surface_5,Surface_787,MP_SEL_SUR_046568.jpg,4,dot
Surface_5,Surface_788,MP_SEL_SUR_046584.jpg,1,linear
Surface_5,Surface_788,MP_SEL_SUR_046594.jpg,1,dot
Surface_5,Surface_788,MP_SEL_SUR_046596.jpg,1,linear
Surface_5,Surface_788,MP_SEL_SUR_046600.jpg,1,dot
Surface_5,Surface_788,MP_SEL_SUR_046624.jpg,1,linear
Surface_5,Surface_788,MP_SEL_SUR_046626.jpg,1,dot
Surface_5,Surface_789,MP_SEL_SUR_046633.jpg,1,linear
Surface_5,Surface_789,MP_SEL_SUR_046654.jpg,1,dot
Surface_5,Surface_789,MP_SEL_SUR_046655.jpg,1,dot
Surface_5,Surface_789,MP_SEL_SUR_046661.jpg,1,linear
Surface_5,Surface_789,MP_SEL_SUR_046669.jpg,1,dot
Surface_5,Surface_789,MP_SEL_SUR_046670.jpg,1,linear
Surface_5,Surface_789,MP_SEL_SUR_046679.jpg,1,dot
Surface_5,Surface_790,MP_SEL_SUR_046707.jpg,1,dot
Surface_5,Surface_790,MP_SEL_SUR_046708.jpg,1,dot
Surface_5,Surface_790,MP_SEL_SUR_046730.jpg,1,dot
Surface_5,Surface_791,MP_SEL_SUR_046752.jpg,1,dot
Surface_5,Surface_791,MP_SEL_SUR_046760.jpg,1,dot
Surface_5,Surface_791,MP_SEL_SUR_046767.jpg,1,dot
Surface_5,Surface_792,MP_SEL_SUR_046812.jpg,1,dot
Surface_5,Surface_792,MP_SEL_SUR_046816.jpg,1,linear
Surface_5,Surface_793,MP_SEL_SUR_046837.jpg,1,dot
Surface_5,Surface_793,MP_SEL_SUR_046855.jpg,1,linear
Surface_5,Surface_793,MP_SEL_SUR_046856.jpg,1,linear
Surface_5,Surface_793,MP_SEL_SUR_046879.jpg,1,dot
Surface_5,Surface_794,MP_SEL_SUR_046887.jpg,1,dot
Surface_5,Surface_794,MP_SEL_SUR_046889.jpg,1,dot
Surface_5,Surface_794,MP_SEL_SUR_046890.jpg,1,linear
Surface_5,Surface_794,MP_SEL_SUR_046892.jpg,3,dot
Surface_5,Surface_794,MP_SEL_SUR_046923.jpg,1,linear
Surface_5,Surface_794,MP_SEL_SUR_046925.jpg,1,dot
Surface_5,Surface_794,MP_SEL_SUR_046928.jpg,1,dot
Surface_5,Surface_795,MP_SEL_SUR_046949.jpg,1,dot
Surface_5,Surface_795,MP_SEL_SUR_046962.jpg,2,dot
Surface_5,Surface_795,MP_SEL_SUR_046971.jpg,1,dot
Surface_5,Surface_796,MP_SEL_SUR_046985.jpg,1,dot
Surface_5,Surface_796,MP_SEL_SUR_046994.jpg,1,linear
Surface_5,Surface_796,MP_SEL_SUR_046997.jpg,1,linear
Surface_5,Surface_796,MP_SEL_SUR_047000.jpg,1,linear
Surface_5,Surface_796,MP_SEL_SUR_047001.jpg,1,linear
Surface_5,Surface_797,MP_SEL_SUR_047035.jpg,1,dot
Surface_5,Surface_797,MP_SEL_SUR_047050.jpg,1,dot
Surface_5,Surface_798,MP_SEL_SUR_047083.jpg,1,linear
Surface_5,Surface_798,MP_SEL_SUR_047089.jpg,1,dot
Surface_5,Surface_798,MP_SEL_SUR_047094.jpg,1,dot
Surface_5,Surface_798,MP_SEL_SUR_047107.jpg,1,dot
Surface_5,Surface_798,MP_SEL_SUR_047115.jpg,1,dot
Surface_5,Surface_798,MP_SEL_SUR_047131.jpg,1,dot
Surface_5,Surface_800,MP_SEL_SUR_047183.jpg,2,dot
Surface_5,Surface_800,MP_SEL_SUR_047187.jpg,1,dot
Surface_5,Surface_800,MP_SEL_SUR_047230.jpg,1,dot
