file,zone,cw_area,y_top,y_bot,sidewalk_area
aihub_raw/surface/Surface_1/Surface_001/MP_SEL_SUR_000001.jpg,none,0.0,,,0.0
aihub_raw/surface/Surface_1/Surface_001/MP_SEL_SUR_000002.jpg,none,0.0,,,0.2559
aihub_raw/surface/Surface_1/Surface_001/MP_SEL_SUR_000003.jpg,none,0.0,,,0.9013
aihub_raw/surface/Surface_1/Surface_001/MP_SEL_SUR_000004.jpg,none,0.0,,,0.7891
aihub_raw/surface/Surface_1/Surface_001/MP_SEL_SUR_000005.jpg,none,0.0,,,0.0
aihub_raw/surface/Surface_1/Surface_001/MP_SEL_SUR_000006.jpg,none,0.0,,,0.9828
aihub_raw/surface/Surface_1/Surface_001/MP_SEL_SUR_000007.jpg,none,0.0,,,0.0139
aihub_raw/surface/Surface_1/Surface_001/MP_SEL_SUR_000008.jpg,none,0.0,,,0.9178
aihub_raw/surface/Surface_1/Surface_001/MP_SEL_SUR_000009.jpg,none,0.0,,,0.9743
aihub_raw/surface/Surface_1/Surface_001/MP_SEL_SUR_000010.jpg,none,0.0,,,0.9681
aihub_raw/surface/Surface_1/Surface_001/MP_SEL_SUR_000011.jpg,none,0.0,,,0.0
aihub_raw/surface/Surface_1/Surface_001/MP_SEL_SUR_000012.jpg,none,0.0,,,0.89
aihub_raw/surface/Surface_1/Surface_001/MP_SEL_SUR_000013.jpg,none,0.0,,,0.9303
aihub_raw/surface/Surface_1/Surface_001/MP_SEL_SUR_000014.jpg,none,0.0,,,0.9368
aihub_raw/surface/Surface_1/Surface_001/MP_SEL_SUR_000015.jpg,none,0.0,,,1.0
aihub_raw/surface/Surface_1/Surface_001/MP_SEL_SUR_000016.jpg,none,0.0,,,0.3847
aihub_raw/surface/Surface_1/Surface_001/MP_SEL_SUR_000017.jpg,none,0.0,,,0.9472
aihub_raw/surface/Surface_1/Surface_001/MP_SEL_SUR_000018.jpg,none,0.0,,,0.0
aihub_raw/surface/Surface_1/Surface_001/MP_SEL_SUR_000019.jpg,none,0.0,,,0.0
aihub_raw/surface/Surface_1/Surface_001/MP_SEL_SUR_000020.jpg,none,0.0,,,0.9901
aihub_raw/surface/Surface_1/Surface_001/MP_SEL_SUR_000021.jpg,none,0.0,,,0.7395
aihub_raw/surface/Surface_1/Surface_001/MP_SEL_SUR_000022.jpg,none,0.0,,,0.793
aihub_raw/surface/Surface_1/Surface_001/MP_SEL_SUR_000023.jpg,none,0.0,,,0.1454
aihub_raw/surface/Surface_1/Surface_001/MP_SEL_SUR_000024.jpg,none,0.0,,,0.0
aihub_raw/surface/Surface_1/Surface_001/MP_SEL_SUR_000025.jpg,none,0.0,,,0.0105
aihub_raw/surface/Surface_1/Surface_001/MP_SEL_SUR_000026.jpg,none,0.0,,,0.8579
aihub_raw/surface/Surface_1/Surface_001/MP_SEL_SUR_000027.jpg,none,0.0,,,0.9316
aihub_raw/surface/Surface_1/Surface_001/MP_SEL_SUR_000028.jpg,none,0.0,,,0.0579
aihub_raw/surface/Surface_1/Surface_001/MP_SEL_SUR_000029.jpg,none,0.0,,,0.941
aihub_raw/surface/Surface_1/Surface_001/MP_SEL_SUR_000030.jpg,none,0.0,,,0.9985
aihub_raw/surface/Surface_1/Surface_001/MP_SEL_SUR_000031.jpg,none,0.0,,,0.0
aihub_raw/surface/Surface_1/Surface_001/MP_SEL_SUR_000032.jpg,none,0.0,,,0.9524
aihub_raw/surface/Surface_1/Surface_001/MP_SEL_SUR_000033.jpg,on,0.7501,0.015,0.926,0.1633
aihub_raw/surface/Surface_1/Surface_001/MP_SEL_SUR_000034.jpg,none,0.0,,,0.0
aihub_raw/surface/Surface_1/Surface_001/MP_SEL_SUR_000035.jpg,none,0.0,,,0.9184
aihub_raw/surface/Surface_1/Surface_001/MP_SEL_SUR_000036.jpg,on,0.9951,0.0,1.0,0.0
aihub_raw/surface/Surface_1/Surface_001/MP_SEL_SUR_000037.jpg,none,0.0,,,0.0
aihub_raw/surface/Surface_1/Surface_001/MP_SEL_SUR_000038.jpg,none,0.0,,,0.9747
aihub_raw/surface/Surface_1/Surface_001/MP_SEL_SUR_000039.jpg,approach,0.4313,0.0,0.637,0.3732
aihub_raw/surface/Surface_1/Surface_001/MP_SEL_SUR_000040.jpg,none,0.0,,,0.9939
aihub_raw/surface/Surface_1/Surface_001/MP_SEL_SUR_000041.jpg,none,0.0,,,0.9008
aihub_raw/surface/Surface_1/Surface_001/MP_SEL_SUR_000042.jpg,none,0.0,,,0.0
aihub_raw/surface/Surface_1/Surface_001/MP_SEL_SUR_000043.jpg,none,0.0,,,0.0
aihub_raw/surface/Surface_1/Surface_001/MP_SEL_SUR_000044.jpg,none,0.0,,,1.0
aihub_raw/surface/Surface_1/Surface_001/MP_SEL_SUR_000045.jpg,none,0.0,,,0.9249
aihub_raw/surface/Surface_1/Surface_001/MP_SEL_SUR_000046.jpg,none,0.0,,,0.9999
aihub_raw/surface/Surface_1/Surface_001/MP_SEL_SUR_000047.jpg,none,0.0,,,0.0
aihub_raw/surface/Surface_1/Surface_001/MP_SEL_SUR_000048.jpg,none,0.0,,,0.6612
aihub_raw/surface/Surface_1/Surface_001/MP_SEL_SUR_000049.jpg,none,0.0,,,0.9472
aihub_raw/surface/Surface_1/Surface_001/MP_SEL_SUR_000050.jpg,none,0.0,,,0.6042
aihub_raw/surface/Surface_1/Surface_001/MP_SEL_SUR_000051.jpg,none,0.0,,,0.6919
aihub_raw/surface/Surface_1/Surface_001/MP_SEL_SUR_000052.jpg,none,0.0,,,0.6801
aihub_raw/surface/Surface_1/Surface_001/MP_SEL_SUR_000053.jpg,none,0.0,,,0.705
aihub_raw/surface/Surface_1/Surface_001/MP_SEL_SUR_000054.jpg,none,0.0,,,0.0
aihub_raw/surface/Surface_1/Surface_001/MP_SEL_SUR_000055.jpg,none,0.0,,,0.8433
aihub_raw/surface/Surface_1/Surface_001/MP_SEL_SUR_000056.jpg,none,0.0,,,0.93
aihub_raw/surface/Surface_1/Surface_001/MP_SEL_SUR_000057.jpg,none,0.0,,,0.0
aihub_raw/surface/Surface_1/Surface_001/MP_SEL_SUR_000058.jpg,none,0.0,,,0.6467
aihub_raw/surface/Surface_1/Surface_001/MP_SEL_SUR_000059.jpg,none,0.0,,,0.9355
aihub_raw/surface/Surface_1/Surface_001/MP_SEL_SUR_000060.jpg,none,0.0,,,0.0
aihub_raw/surface/Surface_1/Surface_001/MP_SEL_SUR_000061.jpg,none,0.0,,,0.0094
aihub_raw/surface/Surface_1/Surface_001/MP_SEL_SUR_000062.jpg,none,0.0,,,0.8348
aihub_raw/surface/Surface_1/Surface_001/MP_SEL_SUR_000063.jpg,none,0.0,,,0.863
aihub_raw/surface/Surface_1/Surface_001/MP_SEL_SUR_000064.jpg,none,0.0,,,0.9468
aihub_raw/surface/Surface_1/Surface_001/MP_SEL_SUR_000065.jpg,none,0.0,,,0.8874
aihub_raw/surface/Surface_1/Surface_001/MP_SEL_SUR_000066.jpg,approach,0.7661,0.0,0.8,0.2329
aihub_raw/surface/Surface_1/Surface_001/MP_SEL_SUR_000067.jpg,none,0.0,,,0.8546
aihub_raw/surface/Surface_1/Surface_001/MP_SEL_SUR_000068.jpg,none,0.0,,,0.0
aihub_raw/surface/Surface_1/Surface_001/MP_SEL_SUR_000069.jpg,none,0.0,,,0.7734
aihub_raw/surface/Surface_1/Surface_001/MP_SEL_SUR_000070.jpg,none,0.0,,,0.0
aihub_raw/surface/Surface_1/Surface_001/MP_SEL_SUR_000071.jpg,none,0.0,,,0.0
aihub_raw/surface/Surface_1/Surface_001/MP_SEL_SUR_000072.jpg,none,0.0,,,0.925
aihub_raw/surface/Surface_1/Surface_001/MP_SEL_SUR_000073.jpg,none,0.0,,,0.9829
aihub_raw/surface/Surface_1/Surface_001/MP_SEL_SUR_000074.jpg,none,0.0,,,0.7441
aihub_raw/surface/Surface_1/Surface_001/MP_SEL_SUR_000075.jpg,none,0.0,,,0.8818
aihub_raw/surface/Surface_1/Surface_001/MP_SEL_SUR_000076.jpg,none,0.0,,,0.0103
aihub_raw/surface/Surface_1/Surface_001/MP_SEL_SUR_000077.jpg,none,0.0,,,0.0
aihub_raw/surface/Surface_1/Surface_001/MP_SEL_SUR_000078.jpg,none,0.0,,,0.0
aihub_raw/surface/Surface_1/Surface_001/MP_SEL_SUR_000079.jpg,none,0.0,,,0.927
aihub_raw/surface/Surface_1/Surface_001/MP_SEL_SUR_000080.jpg,none,0.0,,,0.8342
aihub_raw/surface/Surface_1/Surface_001/MP_SEL_SUR_000081.jpg,none,0.0,,,0.4094
aihub_raw/surface/Surface_1/Surface_001/MP_SEL_SUR_000082.jpg,none,0.0,,,0.9937
aihub_raw/surface/Surface_1/Surface_001/MP_SEL_SUR_000083.jpg,none,0.0,,,0.9913
aihub_raw/surface/Surface_1/Surface_001/MP_SEL_SUR_000084.jpg,on,0.575,0.0,1.0,0.2544
aihub_raw/surface/Surface_1/Surface_001/MP_SEL_SUR_000085.jpg,none,0.0,,,0.8394
aihub_raw/surface/Surface_1/Surface_001/MP_SEL_SUR_000086.jpg,none,0.0,,,0.6948
aihub_raw/surface/Surface_1/Surface_001/MP_SEL_SUR_000087.jpg,none,0.0,,,0.9902
aihub_raw/surface/Surface_1/Surface_001/MP_SEL_SUR_000088.jpg,none,0.0,,,0.0
aihub_raw/surface/Surface_1/Surface_001/MP_SEL_SUR_000089.jpg,none,0.0,,,0.8334
aihub_raw/surface/Surface_1/Surface_001/MP_SEL_SUR_000090.jpg,none,0.0,,,1.0
aihub_raw/surface/Surface_1/Surface_001/MP_SEL_SUR_000091.jpg,none,0.0,,,0.0
aihub_raw/surface/Surface_1/Surface_001/MP_SEL_SUR_000092.jpg,none,0.0,,,0.7832
aihub_raw/surface/Surface_1/Surface_001/MP_SEL_SUR_000093.jpg,none,0.0,,,1.0
aihub_raw/surface/Surface_1/Surface_001/MP_SEL_SUR_000094.jpg,none,0.0,,,0.0
aihub_raw/surface/Surface_1/Surface_001/MP_SEL_SUR_000095.jpg,none,0.0,,,0.9973
aihub_raw/surface/Surface_1/Surface_001/MP_SEL_SUR_000096.jpg,none,0.0,,,0.8664
aihub_raw/surface/Surface_1/Surface_001/MP_SEL_SUR_000097.jpg,none,0.0,,,0.9133
aihub_raw/surface/Surface_1/Surface_001/MP_SEL_SUR_000098.jpg,none,0.0,,,0.971
aihub_raw/surface/Surface_1/Surface_001/MP_SEL_SUR_000099.jpg,none,0.0,,,0.0
aihub_raw/surface/Surface_1/Surface_001/MP_SEL_SUR_000100.jpg,none,0.0,,,0.83
aihub_raw/surface/Surface_1/Surface_001/MP_SEL_SUR_000101.jpg,none,0.0,,,0.9253
aihub_raw/surface/Surface_1/Surface_001/MP_SEL_SUR_000102.jpg,none,0.0,,,0.0
aihub_raw/surface/Surface_1/Surface_001/MP_SEL_SUR_000103.jpg,none,0.0,,,0.8645
aihub_raw/surface/Surface_1/Surface_001/MP_SEL_SUR_000104.jpg,none,0.0,,,0.9666
aihub_raw/surface/Surface_1/Surface_001/MP_SEL_SUR_000105.jpg,none,0.0,,,0.9206
aihub_raw/surface/Surface_1/Surface_001/MP_SEL_SUR_000106.jpg,none,0.0,,,0.0
aihub_raw/surface/Surface_1/Surface_001/MP_SEL_SUR_000107.jpg,none,0.0,,,0.9203
aihub_raw/surface/Surface_1/Surface_001/MP_SEL_SUR_000108.jpg,none,0.0,,,0.9169
aihub_raw/surface/Surface_1/Surface_001/MP_SEL_SUR_000109.jpg,none,0.0,,,0.7565
aihub_raw/surface/Surface_1/Surface_001/MP_SEL_SUR_000110.jpg,none_far,0.4107,0.007,0.578,0.5281
aihub_raw/surface/Surface_1/Surface_001/MP_SEL_SUR_000111.jpg,none,0.0,,,0.9627
aihub_raw/surface/Surface_1/Surface_001/MP_SEL_SUR_000112.jpg,none,0.0,,,0.9998
aihub_raw/surface/Surface_1/Surface_001/MP_SEL_SUR_000114.jpg,none,0.0,,,0.0
aihub_raw/surface/Surface_1/Surface_001/MP_SEL_SUR_000115.jpg,none,0.0,,,0.971
aihub_raw/surface/Surface_1/Surface_001/MP_SEL_SUR_000116.jpg,none,0.0,,,0.919
aihub_raw/surface/Surface_1/Surface_001/MP_SEL_SUR_000117.jpg,none,0.0,,,0.8142
aihub_raw/surface/Surface_1/Surface_001/MP_SEL_SUR_000118.jpg,none,0.0,,,0.8805
aihub_raw/surface/Surface_1/Surface_001/MP_SEL_SUR_000119.jpg,none_far,0.022,0.0,0.022,0.0003
aihub_raw/surface/Surface_1/Surface_001/MP_SEL_SUR_000120.jpg,none,0.0,,,0.0081
aihub_raw/surface/Surface_1/Surface_002/MP_SEL_SUR_000121.jpg,none,0.0,,,0.8856
aihub_raw/surface/Surface_1/Surface_002/MP_SEL_SUR_000122.jpg,none,0.0,,,0.9963
aihub_raw/surface/Surface_1/Surface_002/MP_SEL_SUR_000123.jpg,none,0.0,,,0.7823
aihub_raw/surface/Surface_1/Surface_002/MP_SEL_SUR_000124.jpg,none,0.0,,,0.0216
aihub_raw/surface/Surface_1/Surface_002/MP_SEL_SUR_000125.jpg,none,0.0,,,0.9962
aihub_raw/surface/Surface_1/Surface_002/MP_SEL_SUR_000126.jpg,none,0.0,,,0.8333
aihub_raw/surface/Surface_1/Surface_002/MP_SEL_SUR_000127.jpg,none,0.0,,,0.0
aihub_raw/surface/Surface_1/Surface_002/MP_SEL_SUR_000128.jpg,none,0.0,,,0.0
aihub_raw/surface/Surface_1/Surface_002/MP_SEL_SUR_000129.jpg,none,0.0,,,0.0
aihub_raw/surface/Surface_1/Surface_002/MP_SEL_SUR_000130.jpg,none,0.0,,,0.9804
aihub_raw/surface/Surface_1/Surface_002/MP_SEL_SUR_000131.jpg,none,0.0,,,0.9142
aihub_raw/surface/Surface_1/Surface_002/MP_SEL_SUR_000132.jpg,none,0.0,,,0.9836
aihub_raw/surface/Surface_1/Surface_002/MP_SEL_SUR_000133.jpg,none,0.0,,,0.6971
aihub_raw/surface/Surface_1/Surface_002/MP_SEL_SUR_000135.jpg,none,0.0,,,0.819
aihub_raw/surface/Surface_1/Surface_002/MP_SEL_SUR_000136.jpg,none,0.0,,,0.9911
aihub_raw/surface/Surface_1/Surface_002/MP_SEL_SUR_000137.jpg,none,0.0,,,0.9589
aihub_raw/surface/Surface_1/Surface_002/MP_SEL_SUR_000138.jpg,none,0.0,,,0.0
aihub_raw/surface/Surface_1/Surface_002/MP_SEL_SUR_000139.jpg,none,0.0,,,0.8484
aihub_raw/surface/Surface_1/Surface_002/MP_SEL_SUR_000140.jpg,none,0.0,,,0.9671
aihub_raw/surface/Surface_1/Surface_002/MP_SEL_SUR_000141.jpg,none,0.0,,,0.0
aihub_raw/surface/Surface_1/Surface_002/MP_SEL_SUR_000142.jpg,none,0.0,,,0.0
aihub_raw/surface/Surface_1/Surface_002/MP_SEL_SUR_000143.jpg,none,0.0,,,0.9304
aihub_raw/surface/Surface_1/Surface_002/MP_SEL_SUR_000144.jpg,on,0.8787,0.0,0.889,0.1196
aihub_raw/surface/Surface_1/Surface_002/MP_SEL_SUR_000145.jpg,none,0.0,,,0.0
aihub_raw/surface/Surface_1/Surface_002/MP_SEL_SUR_000146.jpg,none,0.0,,,0.0018
aihub_raw/surface/Surface_1/Surface_002/MP_SEL_SUR_000147.jpg,none,0.0,,,0.9883
aihub_raw/surface/Surface_1/Surface_002/MP_SEL_SUR_000148.jpg,none,0.0,,,0.9155
aihub_raw/surface/Surface_1/Surface_002/MP_SEL_SUR_000149.jpg,none,0.0,,,0.8335
aihub_raw/surface/Surface_1/Surface_002/MP_SEL_SUR_000150.jpg,none,0.0,,,0.0
aihub_raw/surface/Surface_1/Surface_002/MP_SEL_SUR_000151.jpg,none,0.0,,,1.0
aihub_raw/surface/Surface_1/Surface_002/MP_SEL_SUR_000152.jpg,none,0.0,,,0.9304
aihub_raw/surface/Surface_1/Surface_002/MP_SEL_SUR_000153.jpg,none,0.0,,,0.9129
aihub_raw/surface/Surface_1/Surface_002/MP_SEL_SUR_000154.jpg,none,0.0,,,0.9768
aihub_raw/surface/Surface_1/Surface_002/MP_SEL_SUR_000155.jpg,none,0.0,,,0.794
aihub_raw/surface/Surface_1/Surface_002/MP_SEL_SUR_000156.jpg,none,0.0,,,0.7703
aihub_raw/surface/Surface_1/Surface_002/MP_SEL_SUR_000157.jpg,none,0.0,,,0.8582
aihub_raw/surface/Surface_1/Surface_002/MP_SEL_SUR_000158.jpg,none,0.0,,,0.4625
aihub_raw/surface/Surface_1/Surface_002/MP_SEL_SUR_000160.jpg,none,0.0,,,0.8681
aihub_raw/surface/Surface_1/Surface_002/MP_SEL_SUR_000161.jpg,approach,0.7114,0.0,0.752,0.2869
aihub_raw/surface/Surface_1/Surface_002/MP_SEL_SUR_000162.jpg,none,0.0,,,0.9702
aihub_raw/surface/Surface_1/Surface_002/MP_SEL_SUR_000163.jpg,none,0.0,,,0.0
aihub_raw/surface/Surface_1/Surface_002/MP_SEL_SUR_000164.jpg,on,0.6102,0.363,1.0,0.0
aihub_raw/surface/Surface_1/Surface_002/MP_SEL_SUR_000165.jpg,none,0.0,,,0.8684
aihub_raw/surface/Surface_1/Surface_002/MP_SEL_SUR_000166.jpg,none,0.0,,,0.0045
aihub_raw/surface/Surface_1/Surface_002/MP_SEL_SUR_000167.jpg,none,0.0,,,0.8608
aihub_raw/surface/Surface_1/Surface_002/MP_SEL_SUR_000168.jpg,none,0.0,,,1.0
aihub_raw/surface/Surface_1/Surface_002/MP_SEL_SUR_000169.jpg,none,0.0,,,0.957
aihub_raw/surface/Surface_1/Surface_002/MP_SEL_SUR_000170.jpg,none,0.0,,,0.8014
aihub_raw/surface/Surface_1/Surface_002/MP_SEL_SUR_000172.jpg,none,0.0,,,0.9708
aihub_raw/surface/Surface_1/Surface_002/MP_SEL_SUR_000173.jpg,none,0.0,,,0.0
aihub_raw/surface/Surface_1/Surface_002/MP_SEL_SUR_000174.jpg,none,0.0,,,0.977
aihub_raw/surface/Surface_1/Surface_002/MP_SEL_SUR_000175.jpg,none,0.0,,,0.7936
aihub_raw/surface/Surface_1/Surface_002/MP_SEL_SUR_000176.jpg,none,0.0,,,0.0
aihub_raw/surface/Surface_1/Surface_002/MP_SEL_SUR_000177.jpg,none,0.0,,,0.9279
aihub_raw/surface/Surface_1/Surface_002/MP_SEL_SUR_000178.jpg,none,0.0,,,1.0
aihub_raw/surface/Surface_1/Surface_002/MP_SEL_SUR_000179.jpg,approach,0.1449,0.1,1.0,0.7665
aihub_raw/surface/Surface_1/Surface_002/MP_SEL_SUR_000180.jpg,none,0.0,,,0.0
aihub_raw/surface/Surface_1/Surface_002/MP_SEL_SUR_000181.jpg,none,0.0,,,0.9833
aihub_raw/surface/Surface_1/Surface_002/MP_SEL_SUR_000182.jpg,none,0.0,,,0.8913
aihub_raw/surface/Surface_1/Surface_002/MP_SEL_SUR_000183.jpg,none,0.0,,,0.0
aihub_raw/surface/Surface_1/Surface_002/MP_SEL_SUR_000184.jpg,none,0.0,,,0.0
aihub_raw/surface/Surface_1/Surface_002/MP_SEL_SUR_000185.jpg,none,0.0,,,0.9007
aihub_raw/surface/Surface_1/Surface_002/MP_SEL_SUR_000187.jpg,none,0.0,,,0.8035
aihub_raw/surface/Surface_1/Surface_002/MP_SEL_SUR_000188.jpg,none,0.0,,,1.0
aihub_raw/surface/Surface_1/Surface_002/MP_SEL_SUR_000189.jpg,none,0.0,,,0.6567
aihub_raw/surface/Surface_1/Surface_002/MP_SEL_SUR_000190.jpg,none,0.0,,,0.1204
aihub_raw/surface/Surface_1/Surface_002/MP_SEL_SUR_000191.jpg,none,0.0,,,0.8904
aihub_raw/surface/Surface_1/Surface_002/MP_SEL_SUR_000192.jpg,none,0.0,,,0.8727
aihub_raw/surface/Surface_1/Surface_002/MP_SEL_SUR_000193.jpg,none,0.0,,,0.0
aihub_raw/surface/Surface_1/Surface_002/MP_SEL_SUR_000194.jpg,none,0.0,,,0.0
aihub_raw/surface/Surface_1/Surface_002/MP_SEL_SUR_000195.jpg,none,0.0,,,1.0
aihub_raw/surface/Surface_1/Surface_002/MP_SEL_SUR_000196.jpg,none,0.0,,,0.9059
aihub_raw/surface/Surface_1/Surface_002/MP_SEL_SUR_000197.jpg,none,0.0,,,0.0
aihub_raw/surface/Surface_1/Surface_002/MP_SEL_SUR_000198.jpg,none,0.0,,,0.0
aihub_raw/surface/Surface_1/Surface_002/MP_SEL_SUR_000199.jpg,none,0.0,,,0.0
aihub_raw/surface/Surface_1/Surface_002/MP_SEL_SUR_000200.jpg,none,0.0,,,0.9428
aihub_raw/surface/Surface_1/Surface_002/MP_SEL_SUR_000201.jpg,none,0.0,,,0.107
aihub_raw/surface/Surface_1/Surface_002/MP_SEL_SUR_000202.jpg,none,0.0,,,0.7854
aihub_raw/surface/Surface_1/Surface_002/MP_SEL_SUR_000203.jpg,none,0.0,,,0.8168
aihub_raw/surface/Surface_1/Surface_002/MP_SEL_SUR_000204.jpg,none,0.0,,,0.9812
aihub_raw/surface/Surface_1/Surface_002/MP_SEL_SUR_000205.jpg,none,0.0,,,0.0
aihub_raw/surface/Surface_1/Surface_002/MP_SEL_SUR_000206.jpg,none,0.0,,,0.0
aihub_raw/surface/Surface_1/Surface_002/MP_SEL_SUR_000207.jpg,none,0.0,,,0.8304
aihub_raw/surface/Surface_1/Surface_002/MP_SEL_SUR_000208.jpg,none,0.0,,,0.7483
aihub_raw/surface/Surface_1/Surface_002/MP_SEL_SUR_000209.jpg,none,0.0,,,0.967
aihub_raw/surface/Surface_1/Surface_002/MP_SEL_SUR_000210.jpg,none,0.0,,,0.0
aihub_raw/surface/Surface_1/Surface_002/MP_SEL_SUR_000211.jpg,none,0.0,,,0.0403
aihub_raw/surface/Surface_1/Surface_002/MP_SEL_SUR_000212.jpg,none,0.0,,,0.9116
aihub_raw/surface/Surface_1/Surface_002/MP_SEL_SUR_000213.jpg,none,0.0,,,0.7674
aihub_raw/surface/Surface_1/Surface_002/MP_SEL_SUR_000214.jpg,none,0.0,,,0.8962
aihub_raw/surface/Surface_1/Surface_002/MP_SEL_SUR_000215.jpg,none,0.0,,,0.0
aihub_raw/surface/Surface_1/Surface_002/MP_SEL_SUR_000217.jpg,none,0.0,,,0.8695
aihub_raw/surface/Surface_1/Surface_002/MP_SEL_SUR_000218.jpg,none,0.0,,,0.9175
aihub_raw/surface/Surface_1/Surface_002/MP_SEL_SUR_000219.jpg,none,0.0,,,0.7422
aihub_raw/surface/Surface_1/Surface_002/MP_SEL_SUR_000221.jpg,none,0.0,,,0.9461
aihub_raw/surface/Surface_1/Surface_002/MP_SEL_SUR_000222.jpg,none,0.0,,,0.9405
aihub_raw/surface/Surface_1/Surface_002/MP_SEL_SUR_000223.jpg,none,0.0,,,0.0
aihub_raw/surface/Surface_1/Surface_002/MP_SEL_SUR_000224.jpg,none,0.0,,,0.7914
aihub_raw/surface/Surface_1/Surface_002/MP_SEL_SUR_000225.jpg,none,0.0,,,0.8703
aihub_raw/surface/Surface_1/Surface_002/MP_SEL_SUR_000226.jpg,none,0.0,,,0.9377
aihub_raw/surface/Surface_1/Surface_002/MP_SEL_SUR_000227.jpg,none,0.0,,,0.0
aihub_raw/surface/Surface_1/Surface_002/MP_SEL_SUR_000228.jpg,none,0.0,,,0.7343
aihub_raw/surface/Surface_1/Surface_002/MP_SEL_SUR_000229.jpg,none,0.0,,,0.0
aihub_raw/surface/Surface_1/Surface_002/MP_SEL_SUR_000230.jpg,none,0.0,,,0.9311
aihub_raw/surface/Surface_1/Surface_002/MP_SEL_SUR_000231.jpg,none,0.0,,,0.842
aihub_raw/surface/Surface_1/Surface_002/MP_SEL_SUR_000232.jpg,none,0.0,,,0.8575
aihub_raw/surface/Surface_1/Surface_002/MP_SEL_SUR_000233.jpg,none,0.0,,,0.6554
aihub_raw/surface/Surface_1/Surface_002/MP_SEL_SUR_000234.jpg,none,0.0,,,0.9954
aihub_raw/surface/Surface_1/Surface_002/MP_SEL_SUR_000235.jpg,none,0.0,,,0.0
aihub_raw/surface/Surface_1/Surface_002/MP_SEL_SUR_000236.jpg,none,0.0,,,0.017
aihub_raw/surface/Surface_1/Surface_002/MP_SEL_SUR_000237.jpg,none,0.0,,,0.0
aihub_raw/surface/Surface_1/Surface_002/MP_SEL_SUR_000238.jpg,none,0.0,,,1.0
aihub_raw/surface/Surface_1/Surface_002/MP_SEL_SUR_000240.jpg,none,0.0,,,0.0
aihub_raw/surface/Surface_1/Surface_003/MP_SEL_SUR_000241.jpg,none,0.0,,,0.9726
aihub_raw/surface/Surface_1/Surface_003/MP_SEL_SUR_000242.jpg,none,0.0,,,0.8312
aihub_raw/surface/Surface_1/Surface_003/MP_SEL_SUR_000244.jpg,none,0.0,,,0.0175
aihub_raw/surface/Surface_1/Surface_003/MP_SEL_SUR_000245.jpg,none,0.0,,,0.7463
aihub_raw/surface/Surface_1/Surface_003/MP_SEL_SUR_000246.jpg,none,0.0,,,0.9553
aihub_raw/surface/Surface_1/Surface_003/MP_SEL_SUR_000247.jpg,none,0.0,,,0.8486
aihub_raw/surface/Surface_1/Surface_003/MP_SEL_SUR_000248.jpg,none,0.0,,,0.8126
aihub_raw/surface/Surface_1/Surface_003/MP_SEL_SUR_000249.jpg,none,0.0,,,0.9382
aihub_raw/surface/Surface_1/Surface_003/MP_SEL_SUR_000250.jpg,none,0.0,,,0.0
aihub_raw/surface/Surface_1/Surface_003/MP_SEL_SUR_000251.jpg,none,0.0,,,0.0
aihub_raw/surface/Surface_1/Surface_003/MP_SEL_SUR_000252.jpg,none,0.0,,,0.9789
aihub_raw/surface/Surface_1/Surface_003/MP_SEL_SUR_000253.jpg,none,0.0,,,0.0
aihub_raw/surface/Surface_1/Surface_003/MP_SEL_SUR_000254.jpg,none,0.0,,,0.0
aihub_raw/surface/Surface_1/Surface_003/MP_SEL_SUR_000255.jpg,none,0.0,,,0.0141
aihub_raw/surface/Surface_1/Surface_003/MP_SEL_SUR_000256.jpg,none,0.0,,,0.9434
aihub_raw/surface/Surface_1/Surface_003/MP_SEL_SUR_000257.jpg,none,0.0,,,1.0
aihub_raw/surface/Surface_1/Surface_003/MP_SEL_SUR_000258.jpg,none,0.0,,,0.7227
aihub_raw/surface/Surface_1/Surface_003/MP_SEL_SUR_000260.jpg,none,0.0,,,0.7146
aihub_raw/surface/Surface_1/Surface_003/MP_SEL_SUR_000261.jpg,none,0.0,,,0.0
aihub_raw/surface/Surface_1/Surface_003/MP_SEL_SUR_000262.jpg,none,0.0,,,1.0
aihub_raw/surface/Surface_1/Surface_003/MP_SEL_SUR_000263.jpg,none_far,0.0406,0.0,0.23,0.8088
aihub_raw/surface/Surface_1/Surface_003/MP_SEL_SUR_000264.jpg,none,0.0,,,0.9204
aihub_raw/surface/Surface_1/Surface_003/MP_SEL_SUR_000265.jpg,none,0.0,,,0.9104
aihub_raw/surface/Surface_1/Surface_003/MP_SEL_SUR_000266.jpg,none,0.0,,,0.897
aihub_raw/surface/Surface_1/Surface_003/MP_SEL_SUR_000267.jpg,none,0.0,,,0.0
aihub_raw/surface/Surface_1/Surface_003/MP_SEL_SUR_000268.jpg,none,0.0,,,0.0
aihub_raw/surface/Surface_1/Surface_003/MP_SEL_SUR_000269.jpg,none,0.0,,,0.8699
aihub_raw/surface/Surface_1/Surface_003/MP_SEL_SUR_000270.jpg,none,0.0,,,0.0
aihub_raw/surface/Surface_1/Surface_003/MP_SEL_SUR_000271.jpg,none,0.0,,,1.0
aihub_raw/surface/Surface_1/Surface_003/MP_SEL_SUR_000272.jpg,none,0.0,,,0.0
aihub_raw/surface/Surface_1/Surface_003/MP_SEL_SUR_000273.jpg,none,0.0,,,0.9977
aihub_raw/surface/Surface_1/Surface_003/MP_SEL_SUR_000274.jpg,none,0.0,,,0.0
aihub_raw/surface/Surface_1/Surface_003/MP_SEL_SUR_000275.jpg,none,0.0,,,0.0
aihub_raw/surface/Surface_1/Surface_003/MP_SEL_SUR_000276.jpg,none,0.0,,,0.0
aihub_raw/surface/Surface_1/Surface_003/MP_SEL_SUR_000277.jpg,none,0.0,,,0.4731
aihub_raw/surface/Surface_1/Surface_003/MP_SEL_SUR_000278.jpg,none_far,0.0203,0.0,0.074,0.8374
aihub_raw/surface/Surface_1/Surface_003/MP_SEL_SUR_000279.jpg,none,0.0,,,0.9301
aihub_raw/surface/Surface_1/Surface_003/MP_SEL_SUR_000280.jpg,none,0.0,,,0.0
aihub_raw/surface/Surface_1/Surface_003/MP_SEL_SUR_000281.jpg,none,0.0,,,0.747
aihub_raw/surface/Surface_1/Surface_003/MP_SEL_SUR_000282.jpg,none,0.0,,,0.997
aihub_raw/surface/Surface_1/Surface_003/MP_SEL_SUR_000283.jpg,none,0.0,,,0.7314
aihub_raw/surface/Surface_1/Surface_003/MP_SEL_SUR_000284.jpg,none,0.0,,,0.8525
aihub_raw/surface/Surface_1/Surface_003/MP_SEL_SUR_000285.jpg,none,0.0,,,0.9658
aihub_raw/surface/Surface_1/Surface_003/MP_SEL_SUR_000287.jpg,none,0.0,,,0.9849
aihub_raw/surface/Surface_1/Surface_003/MP_SEL_SUR_000288.jpg,none,0.0,,,0.7536
aihub_raw/surface/Surface_1/Surface_003/MP_SEL_SUR_000289.jpg,none,0.0,,,0.9313
aihub_raw/surface/Surface_1/Surface_003/MP_SEL_SUR_000291.jpg,none,0.0,,,0.0
aihub_raw/surface/Surface_1/Surface_003/MP_SEL_SUR_000292.jpg,none,0.0,,,0.0
aihub_raw/surface/Surface_1/Surface_003/MP_SEL_SUR_000293.jpg,none,0.0,,,0.9756
aihub_raw/surface/Surface_1/Surface_003/MP_SEL_SUR_000294.jpg,none,0.0,,,0.9729
aihub_raw/surface/Surface_1/Surface_003/MP_SEL_SUR_000295.jpg,none,0.0,,,0.9021
aihub_raw/surface/Surface_1/Surface_003/MP_SEL_SUR_000296.jpg,none,0.0,,,0.4669
aihub_raw/surface/Surface_1/Surface_003/MP_SEL_SUR_000297.jpg,none,0.0,,,0.0
aihub_raw/surface/Surface_1/Surface_003/MP_SEL_SUR_000298.jpg,none,0.0,,,0.2737
aihub_raw/surface/Surface_1/Surface_003/MP_SEL_SUR_000299.jpg,none,0.0,,,0.0
aihub_raw/surface/Surface_1/Surface_003/MP_SEL_SUR_000300.jpg,none,0.0,,,0.8977
aihub_raw/surface/Surface_1/Surface_003/MP_SEL_SUR_000301.jpg,none,0.0,,,0.9752
aihub_raw/surface/Surface_1/Surface_003/MP_SEL_SUR_000303.jpg,none,0.0,,,0.9669
aihub_raw/surface/Surface_1/Surface_003/MP_SEL_SUR_000304.jpg,none,0.0,,,0.9522
aihub_raw/surface/Surface_1/Surface_003/MP_SEL_SUR_000305.jpg,none,0.0,,,0.0
aihub_raw/surface/Surface_1/Surface_003/MP_SEL_SUR_000306.jpg,none,0.0,,,0.7836
aihub_raw/surface/Surface_1/Surface_003/MP_SEL_SUR_000307.jpg,none,0.0,,,0.7207
aihub_raw/surface/Surface_1/Surface_003/MP_SEL_SUR_000308.jpg,none,0.0,,,0.0
aihub_raw/surface/Surface_1/Surface_003/MP_SEL_SUR_000309.jpg,none,0.0,,,0.867
aihub_raw/surface/Surface_1/Surface_003/MP_SEL_SUR_000310.jpg,none,0.0,,,0.799
aihub_raw/surface/Surface_1/Surface_003/MP_SEL_SUR_000311.jpg,none,0.0,,,0.0
aihub_raw/surface/Surface_1/Surface_003/MP_SEL_SUR_000312.jpg,on,0.8815,0.0,0.885,0.1204
aihub_raw/surface/Surface_1/Surface_003/MP_SEL_SUR_000313.jpg,none,0.0,,,0.0
aihub_raw/surface/Surface_1/Surface_003/MP_SEL_SUR_000314.jpg,none,0.0,,,0.0
aihub_raw/surface/Surface_1/Surface_003/MP_SEL_SUR_000315.jpg,none,0.0,,,0.9645
aihub_raw/surface/Surface_1/Surface_003/MP_SEL_SUR_000316.jpg,none,0.0,,,0.9721
aihub_raw/surface/Surface_1/Surface_003/MP_SEL_SUR_000317.jpg,none,0.0,,,0.0
aihub_raw/surface/Surface_1/Surface_003/MP_SEL_SUR_000318.jpg,none,0.0,,,0.2074
aihub_raw/surface/Surface_1/Surface_003/MP_SEL_SUR_000319.jpg,none,0.0,,,0.9309
aihub_raw/surface/Surface_1/Surface_003/MP_SEL_SUR_000320.jpg,none,0.0,,,0.0
aihub_raw/surface/Surface_1/Surface_003/MP_SEL_SUR_000321.jpg,none,0.0,,,0.9547
aihub_raw/surface/Surface_1/Surface_003/MP_SEL_SUR_000323.jpg,none,0.0,,,0.6919
aihub_raw/surface/Surface_1/Surface_003/MP_SEL_SUR_000324.jpg,none,0.0,,,0.9806
aihub_raw/surface/Surface_1/Surface_003/MP_SEL_SUR_000325.jpg,none,0.0,,,0.8974
aihub_raw/surface/Surface_1/Surface_003/MP_SEL_SUR_000326.jpg,none,0.0,,,0.1698
aihub_raw/surface/Surface_1/Surface_003/MP_SEL_SUR_000327.jpg,none,0.0,,,0.8957
aihub_raw/surface/Surface_1/Surface_003/MP_SEL_SUR_000328.jpg,none,0.0,,,0.5993
aihub_raw/surface/Surface_1/Surface_003/MP_SEL_SUR_000329.jpg,none,0.0,,,0.0
aihub_raw/surface/Surface_1/Surface_003/MP_SEL_SUR_000330.jpg,none,0.0,,,0.9903
aihub_raw/surface/Surface_1/Surface_003/MP_SEL_SUR_000331.jpg,none,0.0,,,0.5686
aihub_raw/surface/Surface_1/Surface_003/MP_SEL_SUR_000332.jpg,none,0.0,,,0.9742
aihub_raw/surface/Surface_1/Surface_003/MP_SEL_SUR_000333.jpg,none,0.0,,,0.0
aihub_raw/surface/Surface_1/Surface_003/MP_SEL_SUR_000334.jpg,none,0.0,,,0.0025
aihub_raw/surface/Surface_1/Surface_003/MP_SEL_SUR_000335.jpg,none,0.0,,,0.9011
aihub_raw/surface/Surface_1/Surface_003/MP_SEL_SUR_000336.jpg,none,0.0,,,0.8503
aihub_raw/surface/Surface_1/Surface_003/MP_SEL_SUR_000337.jpg,none,0.0,,,0.0
aihub_raw/surface/Surface_1/Surface_003/MP_SEL_SUR_000338.jpg,none,0.0,,,0.9953
aihub_raw/surface/Surface_1/Surface_003/MP_SEL_SUR_000339.jpg,none,0.0,,,0.8342
aihub_raw/surface/Surface_1/Surface_003/MP_SEL_SUR_000340.jpg,none,0.0,,,0.0
aihub_raw/surface/Surface_1/Surface_003/MP_SEL_SUR_000341.jpg,none,0.0,,,0.9822
aihub_raw/surface/Surface_1/Surface_003/MP_SEL_SUR_000342.jpg,none,0.0,,,0.0
aihub_raw/surface/Surface_1/Surface_003/MP_SEL_SUR_000343.jpg,none_far,0.0235,0.0,0.067,0.9497
aihub_raw/surface/Surface_1/Surface_003/MP_SEL_SUR_000344.jpg,none,0.0,,,0.0
aihub_raw/surface/Surface_1/Surface_003/MP_SEL_SUR_000345.jpg,none,0.0,,,0.0
aihub_raw/surface/Surface_1/Surface_003/MP_SEL_SUR_000346.jpg,none,0.0,,,0.0
aihub_raw/surface/Surface_1/Surface_003/MP_SEL_SUR_000347.jpg,none,0.0,,,0.0008
aihub_raw/surface/Surface_1/Surface_003/MP_SEL_SUR_000348.jpg,none,0.0,,,0.3924
aihub_raw/surface/Surface_1/Surface_003/MP_SEL_SUR_000349.jpg,none,0.0,,,0.8556
aihub_raw/surface/Surface_1/Surface_003/MP_SEL_SUR_000350.jpg,none,0.0,,,0.0
aihub_raw/surface/Surface_1/Surface_003/MP_SEL_SUR_000351.jpg,none,0.0,,,0.939
aihub_raw/surface/Surface_1/Surface_003/MP_SEL_SUR_000352.jpg,none,0.0,,,0.6443
aihub_raw/surface/Surface_1/Surface_003/MP_SEL_SUR_000353.jpg,none,0.0,,,0.8033
aihub_raw/surface/Surface_1/Surface_003/MP_SEL_SUR_000354.jpg,none,0.0,,,0.0
aihub_raw/surface/Surface_1/Surface_003/MP_SEL_SUR_000355.jpg,none,0.0,,,0.0
aihub_raw/surface/Surface_1/Surface_003/MP_SEL_SUR_000356.jpg,none,0.0,,,0.0
aihub_raw/surface/Surface_1/Surface_003/MP_SEL_SUR_000357.jpg,none,0.0,,,0.0
aihub_raw/surface/Surface_1/Surface_003/MP_SEL_SUR_000358.jpg,none,0.0,,,0.0
aihub_raw/surface/Surface_1/Surface_003/MP_SEL_SUR_000359.jpg,none,0.0,,,0.9076
aihub_raw/surface/Surface_1/Surface_003/MP_SEL_SUR_000360.jpg,none,0.0,,,0.6819
aihub_raw/surface/Surface_1/Surface_004/MP_SEL_SUR_000361.jpg,none,0.0,,,0.0
aihub_raw/surface/Surface_1/Surface_004/MP_SEL_SUR_000362.jpg,none,0.0,,,1.0
aihub_raw/surface/Surface_1/Surface_004/MP_SEL_SUR_000363.jpg,none,0.0,,,0.6062
aihub_raw/surface/Surface_1/Surface_004/MP_SEL_SUR_000364.jpg,none,0.0,,,0.0574
aihub_raw/surface/Surface_1/Surface_004/MP_SEL_SUR_000365.jpg,none,0.0,,,0.0
aihub_raw/surface/Surface_1/Surface_004/MP_SEL_SUR_000367.jpg,none,0.0,,,0.9752
aihub_raw/surface/Surface_1/Surface_004/MP_SEL_SUR_000368.jpg,none,0.0,,,0.0
aihub_raw/surface/Surface_1/Surface_004/MP_SEL_SUR_000369.jpg,none,0.0,,,0.0
aihub_raw/surface/Surface_1/Surface_004/MP_SEL_SUR_000370.jpg,none,0.0,,,0.0
aihub_raw/surface/Surface_1/Surface_004/MP_SEL_SUR_000371.jpg,none,0.0,,,0.9067
aihub_raw/surface/Surface_1/Surface_004/MP_SEL_SUR_000372.jpg,none,0.0,,,0.0
aihub_raw/surface/Surface_1/Surface_004/MP_SEL_SUR_000373.jpg,none,0.0,,,0.0
aihub_raw/surface/Surface_1/Surface_004/MP_SEL_SUR_000374.jpg,none,0.0,,,0.959
aihub_raw/surface/Surface_1/Surface_004/MP_SEL_SUR_000375.jpg,none,0.0,,,0.2366
aihub_raw/surface/Surface_1/Surface_004/MP_SEL_SUR_000376.jpg,none,0.0,,,0.0
aihub_raw/surface/Surface_1/Surface_004/MP_SEL_SUR_000377.jpg,none,0.0,,,0.0
aihub_raw/surface/Surface_1/Surface_004/MP_SEL_SUR_000378.jpg,none,0.0,,,0.9776
aihub_raw/surface/Surface_1/Surface_004/MP_SEL_SUR_000379.jpg,none,0.0,,,1.0
aihub_raw/surface/Surface_1/Surface_004/MP_SEL_SUR_000380.jpg,none,0.0,,,0.9626
aihub_raw/surface/Surface_1/Surface_004/MP_SEL_SUR_000381.jpg,none,0.0,,,1.0
aihub_raw/surface/Surface_1/Surface_004/MP_SEL_SUR_000382.jpg,none,0.0,,,0.0
aihub_raw/surface/Surface_1/Surface_004/MP_SEL_SUR_000383.jpg,none,0.0,,,0.0
aihub_raw/surface/Surface_1/Surface_004/MP_SEL_SUR_000384.jpg,none,0.0,,,0.9823
aihub_raw/surface/Surface_1/Surface_004/MP_SEL_SUR_000385.jpg,none,0.0,,,0.7457
aihub_raw/surface/Surface_1/Surface_004/MP_SEL_SUR_000386.jpg,none,0.0,,,0.4089
aihub_raw/surface/Surface_1/Surface_004/MP_SEL_SUR_000387.jpg,none,0.0,,,0.0
aihub_raw/surface/Surface_1/Surface_004/MP_SEL_SUR_000388.jpg,none,0.0,,,0.4102
aihub_raw/surface/Surface_1/Surface_004/MP_SEL_SUR_000389.jpg,none,0.0,,,0.969
aihub_raw/surface/Surface_1/Surface_004/MP_SEL_SUR_000390.jpg,on,0.8018,0.185,1.0,0.0124
aihub_raw/surface/Surface_1/Surface_004/MP_SEL_SUR_000391.jpg,none,0.0,,,0.0
aihub_raw/surface/Surface_1/Surface_004/MP_SEL_SUR_000392.jpg,none,0.0,,,0.0
aihub_raw/surface/Surface_1/Surface_004/MP_SEL_SUR_000393.jpg,none,0.0,,,0.6985
aihub_raw/surface/Surface_1/Surface_004/MP_SEL_SUR_000394.jpg,none,0.0,,,0.86
aihub_raw/surface/Surface_1/Surface_004/MP_SEL_SUR_000395.jpg,none,0.0,,,0.9713
aihub_raw/surface/Surface_1/Surface_004/MP_SEL_SUR_000396.jpg,on,0.9576,0.0,1.0,0.0416
aihub_raw/surface/Surface_1/Surface_004/MP_SEL_SUR_000397.jpg,none,0.0,,,0.0
aihub_raw/surface/Surface_1/Surface_004/MP_SEL_SUR_000398.jpg,none,0.0,,,0.9149
aihub_raw/surface/Surface_1/Surface_004/MP_SEL_SUR_000399.jpg,none,0.0,,,0.7354
aihub_raw/surface/Surface_1/Surface_004/MP_SEL_SUR_000400.jpg,none,0.0,,,0.7978
aihub_raw/surface/Surface_1/Surface_004/MP_SEL_SUR_000401.jpg,none,0.0,,,1.0
aihub_raw/surface/Surface_1/Surface_004/MP_SEL_SUR_000402.jpg,none,0.0,,,0.0012
aihub_raw/surface/Surface_1/Surface_004/MP_SEL_SUR_000403.jpg,none,0.0,,,0.9422
aihub_raw/surface/Surface_1/Surface_004/MP_SEL_SUR_000404.jpg,none,0.0,,,0.5697
aihub_raw/surface/Surface_1/Surface_004/MP_SEL_SUR_000405.jpg,none,0.0,,,0.9702
aihub_raw/surface/Surface_1/Surface_004/MP_SEL_SUR_000406.jpg,none,0.0,,,0.0
aihub_raw/surface/Surface_1/Surface_004/MP_SEL_SUR_000407.jpg,none,0.0,,,0.795
aihub_raw/surface/Surface_1/Surface_004/MP_SEL_SUR_000408.jpg,none,0.0,,,0.9963
aihub_raw/surface/Surface_1/Surface_004/MP_SEL_SUR_000409.jpg,none_far,0.0173,0.0,0.104,0.9243
aihub_raw/surface/Surface_1/Surface_004/MP_SEL_SUR_000410.jpg,none,0.0,,,0.8684
aihub_raw/surface/Surface_1/Surface_004/MP_SEL_SUR_000411.jpg,none,0.0,,,0.0
aihub_raw/surface/Surface_1/Surface_004/MP_SEL_SUR_000412.jpg,none,0.0,,,0.8639
aihub_raw/surface/Surface_1/Surface_004/MP_SEL_SUR_000413.jpg,none,0.0,,,0.8951
aihub_raw/surface/Surface_1/Surface_004/MP_SEL_SUR_000414.jpg,none,0.0,,,1.0
aihub_raw/surface/Surface_1/Surface_004/MP_SEL_SUR_000415.jpg,none,0.0,,,0.0
aihub_raw/surface/Surface_1/Surface_004/MP_SEL_SUR_000416.jpg,none,0.0,,,0.0
aihub_raw/surface/Surface_1/Surface_004/MP_SEL_SUR_000417.jpg,none,0.0,,,0.7454
aihub_raw/surface/Surface_1/Surface_004/MP_SEL_SUR_000418.jpg,none_far,0.004,0.048,0.13,0.9107
aihub_raw/surface/Surface_1/Surface_004/MP_SEL_SUR_000419.jpg,none,0.0,,,1.0
aihub_raw/surface/Surface_1/Surface_004/MP_SEL_SUR_000420.jpg,none,0.0,,,0.3294
aihub_raw/surface/Surface_1/Surface_004/MP_SEL_SUR_000421.jpg,none,0.0,,,0.9195
aihub_raw/surface/Surface_1/Surface_004/MP_SEL_SUR_000422.jpg,none,0.0,,,0.9848
aihub_raw/surface/Surface_1/Surface_004/MP_SEL_SUR_000423.jpg,none,0.0,,,0.0
aihub_raw/surface/Surface_1/Surface_004/MP_SEL_SUR_000424.jpg,none,0.0,,,0.0
aihub_raw/surface/Surface_1/Surface_004/MP_SEL_SUR_000425.jpg,none,0.0,,,0.9607
aihub_raw/surface/Surface_1/Surface_004/MP_SEL_SUR_000426.jpg,none,0.0,,,0.8494
aihub_raw/surface/Surface_1/Surface_004/MP_SEL_SUR_000427.jpg,none,0.0,,,0.0
aihub_raw/surface/Surface_1/Surface_004/MP_SEL_SUR_000428.jpg,none,0.0,,,0.9578
aihub_raw/surface/Surface_1/Surface_004/MP_SEL_SUR_000429.jpg,none,0.0,,,0.9896
aihub_raw/surface/Surface_1/Surface_004/MP_SEL_SUR_000430.jpg,none,0.0,,,0.0
aihub_raw/surface/Surface_1/Surface_004/MP_SEL_SUR_000431.jpg,none,0.0,,,1.0
aihub_raw/surface/Surface_1/Surface_004/MP_SEL_SUR_000432.jpg,none,0.0,,,0.9771
aihub_raw/surface/Surface_1/Surface_004/MP_SEL_SUR_000433.jpg,none_far,0.0414,0.044,0.219,0.8561
aihub_raw/surface/Surface_1/Surface_004/MP_SEL_SUR_000434.jpg,none,0.0,,,0.8203
aihub_raw/surface/Surface_1/Surface_004/MP_SEL_SUR_000435.jpg,none,0.0,,,0.9128
aihub_raw/surface/Surface_1/Surface_004/MP_SEL_SUR_000436.jpg,none,0.0,,,0.9162
aihub_raw/surface/Surface_1/Surface_004/MP_SEL_SUR_000437.jpg,none,0.0,,,0.9446
aihub_raw/surface/Surface_1/Surface_004/MP_SEL_SUR_000438.jpg,none,0.0,,,1.0
aihub_raw/surface/Surface_1/Surface_004/MP_SEL_SUR_000439.jpg,none,0.0,,,0.967
aihub_raw/surface/Surface_1/Surface_004/MP_SEL_SUR_000440.jpg,none,0.0,,,0.7137
aihub_raw/surface/Surface_1/Surface_004/MP_SEL_SUR_000441.jpg,none,0.0,,,1.0
aihub_raw/surface/Surface_1/Surface_004/MP_SEL_SUR_000442.jpg,none,0.0,,,0.9469
aihub_raw/surface/Surface_1/Surface_004/MP_SEL_SUR_000443.jpg,none,0.0,,,0.4274
aihub_raw/surface/Surface_1/Surface_004/MP_SEL_SUR_000444.jpg,none,0.0,,,0.0
aihub_raw/surface/Surface_1/Surface_004/MP_SEL_SUR_000445.jpg,none,0.0,,,0.3428
aihub_raw/surface/Surface_1/Surface_004/MP_SEL_SUR_000446.jpg,none,0.0,,,0.6081
aihub_raw/surface/Surface_1/Surface_004/MP_SEL_SUR_000447.jpg,none,0.0,,,0.8281
aihub_raw/surface/Surface_1/Surface_004/MP_SEL_SUR_000448.jpg,none,0.0,,,0.6743
aihub_raw/surface/Surface_1/Surface_004/MP_SEL_SUR_000449.jpg,none,0.0,,,0.0
aihub_raw/surface/Surface_1/Surface_004/MP_SEL_SUR_000450.jpg,none,0.0,,,0.6734
aihub_raw/surface/Surface_1/Surface_004/MP_SEL_SUR_000451.jpg,none,0.0,,,0.0
aihub_raw/surface/Surface_1/Surface_004/MP_SEL_SUR_000452.jpg,none,0.0,,,0.7139
aihub_raw/surface/Surface_1/Surface_004/MP_SEL_SUR_000453.jpg,none,0.0,,,0.9893
aihub_raw/surface/Surface_1/Surface_004/MP_SEL_SUR_000454.jpg,none,0.0,,,0.3517
aihub_raw/surface/Surface_1/Surface_004/MP_SEL_SUR_000455.jpg,none,0.0,,,0.0
aihub_raw/surface/Surface_1/Surface_004/MP_SEL_SUR_000456.jpg,none,0.0,,,0.7869
aihub_raw/surface/Surface_1/Surface_004/MP_SEL_SUR_000457.jpg,none,0.0,,,0.8223
aihub_raw/surface/Surface_1/Surface_004/MP_SEL_SUR_000458.jpg,none,0.0,,,0.0
aihub_raw/surface/Surface_1/Surface_004/MP_SEL_SUR_000459.jpg,none,0.0,,,0.0446
aihub_raw/surface/Surface_1/Surface_004/MP_SEL_SUR_000460.jpg,none,0.0,,,0.993
aihub_raw/surface/Surface_1/Surface_004/MP_SEL_SUR_000461.jpg,none_far,0.0031,0.015,0.056,0.2902
aihub_raw/surface/Surface_1/Surface_004/MP_SEL_SUR_000462.jpg,none,0.0,,,0.856
aihub_raw/surface/Surface_1/Surface_004/MP_SEL_SUR_000463.jpg,none,0.0,,,0.9776
aihub_raw/surface/Surface_1/Surface_004/MP_SEL_SUR_000464.jpg,none,0.0,,,0.7573
aihub_raw/surface/Surface_1/Surface_004/MP_SEL_SUR_000465.jpg,none,0.0,,,0.6836
aihub_raw/surface/Surface_1/Surface_004/MP_SEL_SUR_000466.jpg,none,0.0,,,0.0004
aihub_raw/surface/Surface_1/Surface_004/MP_SEL_SUR_000467.jpg,none,0.0,,,0.0
aihub_raw/surface/Surface_1/Surface_004/MP_SEL_SUR_000468.jpg,none,0.0,,,0.0
aihub_raw/surface/Surface_1/Surface_004/MP_SEL_SUR_000469.jpg,none,0.0,,,0.9945
aihub_raw/surface/Surface_1/Surface_004/MP_SEL_SUR_000470.jpg,none,0.0,,,0.9916
aihub_raw/surface/Surface_1/Surface_004/MP_SEL_SUR_000471.jpg,none,0.0,,,0.6927
aihub_raw/surface/Surface_1/Surface_004/MP_SEL_SUR_000472.jpg,none,0.0,,,0.9031
aihub_raw/surface/Surface_1/Surface_004/MP_SEL_SUR_000473.jpg,none_far,0.0111,0.0,0.056,0.9695
aihub_raw/surface/Surface_1/Surface_004/MP_SEL_SUR_000474.jpg,none,0.0,,,0.0246
aihub_raw/surface/Surface_1/Surface_004/MP_SEL_SUR_000475.jpg,none,0.0,,,0.0643
aihub_raw/surface/Surface_1/Surface_004/MP_SEL_SUR_000476.jpg,none,0.0,,,0.0
aihub_raw/surface/Surface_1/Surface_004/MP_SEL_SUR_000477.jpg,none,0.0,,,0.8798
aihub_raw/surface/Surface_1/Surface_004/MP_SEL_SUR_000478.jpg,none,0.0,,,0.8213
aihub_raw/surface/Surface_1/Surface_004/MP_SEL_SUR_000479.jpg,none,0.0,,,1.0
aihub_raw/surface/Surface_1/Surface_004/MP_SEL_SUR_000480.jpg,none,0.0,,,0.0
aihub_raw/surface/Surface_1/Surface_005/MP_SEL_SUR_000481.jpg,none,0.0,,,0.0
aihub_raw/surface/Surface_1/Surface_005/MP_SEL_SUR_000482.jpg,none,0.0,,,0.9372
aihub_raw/surface/Surface_1/Surface_005/MP_SEL_SUR_000483.jpg,none,0.0,,,0.8792
aihub_raw/surface/Surface_1/Surface_005/MP_SEL_SUR_000484.jpg,none,0.0,,,0.9214
aihub_raw/surface/Surface_1/Surface_005/MP_SEL_SUR_000485.jpg,none,0.0,,,0.965
aihub_raw/surface/Surface_1/Surface_005/MP_SEL_SUR_000487.jpg,none,0.0,,,0.0
aihub_raw/surface/Surface_1/Surface_005/MP_SEL_SUR_000488.jpg,none,0.0,,,0.9456
aihub_raw/surface/Surface_1/Surface_005/MP_SEL_SUR_000489.jpg,none_far,0.0343,0.03,0.281,0.8032
aihub_raw/surface/Surface_1/Surface_005/MP_SEL_SUR_000490.jpg,none,0.0,,,0.6481
aihub_raw/surface/Surface_1/Surface_005/MP_SEL_SUR_000491.jpg,none,0.0,,,0.6387
aihub_raw/surface/Surface_1/Surface_005/MP_SEL_SUR_000492.jpg,none,0.0,,,0.2349
aihub_raw/surface/Surface_1/Surface_005/MP_SEL_SUR_000493.jpg,on,0.908,0.0,1.0,0.0
aihub_raw/surface/Surface_1/Surface_005/MP_SEL_SUR_000494.jpg,on,0.7053,0.281,1.0,0.1073
aihub_raw/surface/Surface_1/Surface_005/MP_SEL_SUR_000495.jpg,none,0.0,,,0.0
aihub_raw/surface/Surface_1/Surface_005/MP_SEL_SUR_000496.jpg,none,0.0,,,0.845
aihub_raw/surface/Surface_1/Surface_005/MP_SEL_SUR_000497.jpg,none,0.0,,,0.8263
aihub_raw/surface/Surface_1/Surface_005/MP_SEL_SUR_000498.jpg,none,0.0,,,0.5668
aihub_raw/surface/Surface_1/Surface_005/MP_SEL_SUR_000499.jpg,none,0.0,,,0.9221
aihub_raw/surface/Surface_1/Surface_005/MP_SEL_SUR_000501.jpg,none,0.0,,,0.0
aihub_raw/surface/Surface_1/Surface_005/MP_SEL_SUR_000502.jpg,none,0.0,,,0.9473
aihub_raw/surface/Surface_1/Surface_005/MP_SEL_SUR_000503.jpg,none,0.0,,,0.0
aihub_raw/surface/Surface_1/Surface_005/MP_SEL_SUR_000504.jpg,none,0.0,,,0.8294
aihub_raw/surface/Surface_1/Surface_005/MP_SEL_SUR_000505.jpg,none,0.0,,,0.8811
aihub_raw/surface/Surface_1/Surface_005/MP_SEL_SUR_000506.jpg,none,0.0,,,0.8142
aihub_raw/surface/Surface_1/Surface_005/MP_SEL_SUR_000507.jpg,none,0.0,,,0.0
aihub_raw/surface/Surface_1/Surface_005/MP_SEL_SUR_000508.jpg,none,0.0,,,0.2465
aihub_raw/surface/Surface_1/Surface_005/MP_SEL_SUR_000509.jpg,none,0.0,,,0.655
aihub_raw/surface/Surface_1/Surface_005/MP_SEL_SUR_000510.jpg,none,0.0,,,0.6643
aihub_raw/surface/Surface_1/Surface_005/MP_SEL_SUR_000511.jpg,none,0.0,,,0.7726
aihub_raw/surface/Surface_1/Surface_005/MP_SEL_SUR_000512.jpg,none,0.0,,,0.0
aihub_raw/surface/Surface_1/Surface_005/MP_SEL_SUR_000513.jpg,none,0.0,,,0.0
aihub_raw/surface/Surface_1/Surface_005/MP_SEL_SUR_000514.jpg,none,0.0,,,0.1186
aihub_raw/surface/Surface_1/Surface_005/MP_SEL_SUR_000515.jpg,none,0.0,,,0.9168
aihub_raw/surface/Surface_1/Surface_005/MP_SEL_SUR_000516.jpg,none,0.0,,,0.0
aihub_raw/surface/Surface_1/Surface_005/MP_SEL_SUR_000517.jpg,none,0.0,,,0.9507
aihub_raw/surface/Surface_1/Surface_005/MP_SEL_SUR_000518.jpg,none,0.0,,,0.865
aihub_raw/surface/Surface_1/Surface_005/MP_SEL_SUR_000519.jpg,approach,0.7285,0.0,0.73,0.2722
aihub_raw/surface/Surface_1/Surface_005/MP_SEL_SUR_000520.jpg,none,0.0,,,0.0
aihub_raw/surface/Surface_1/Surface_005/MP_SEL_SUR_000521.jpg,none,0.0,,,0.6293
aihub_raw/surface/Surface_1/Surface_005/MP_SEL_SUR_000522.jpg,none,0.0,,,1.0
aihub_raw/surface/Surface_1/Surface_005/MP_SEL_SUR_000523.jpg,approach,0.5819,0.111,0.7,0.0
aihub_raw/surface/Surface_1/Surface_005/MP_SEL_SUR_000524.jpg,none,0.0,,,0.9428
aihub_raw/surface/Surface_1/Surface_005/MP_SEL_SUR_000525.jpg,none,0.0,,,0.865
aihub_raw/surface/Surface_1/Surface_005/MP_SEL_SUR_000526.jpg,none,0.0,,,0.9493
aihub_raw/surface/Surface_1/Surface_005/MP_SEL_SUR_000527.jpg,none,0.0,,,0.8886
aihub_raw/surface/Surface_1/Surface_005/MP_SEL_SUR_000528.jpg,none,0.0,,,0.0
aihub_raw/surface/Surface_1/Surface_005/MP_SEL_SUR_000529.jpg,none,0.0,,,1.0
aihub_raw/surface/Surface_1/Surface_005/MP_SEL_SUR_000530.jpg,none,0.0,,,0.0072
aihub_raw/surface/Surface_1/Surface_005/MP_SEL_SUR_000531.jpg,approach,0.6969,0.0,0.704,0.2975
aihub_raw/surface/Surface_1/Surface_005/MP_SEL_SUR_000532.jpg,none,0.0,,,0.9345
aihub_raw/surface/Surface_1/Surface_005/MP_SEL_SUR_000533.jpg,none,0.0,,,0.927
aihub_raw/surface/Surface_1/Surface_005/MP_SEL_SUR_000534.jpg,none,0.0,,,0.7403
aihub_raw/surface/Surface_1/Surface_005/MP_SEL_SUR_000535.jpg,none,0.0,,,0.954
aihub_raw/surface/Surface_1/Surface_005/MP_SEL_SUR_000536.jpg,none,0.0,,,0.0
aihub_raw/surface/Surface_1/Surface_005/MP_SEL_SUR_000537.jpg,none,0.0,,,0.0433
aihub_raw/surface/Surface_1/Surface_005/MP_SEL_SUR_000538.jpg,none,0.0,,,0.9681
aihub_raw/surface/Surface_1/Surface_005/MP_SEL_SUR_000539.jpg,none,0.0,,,0.8636
aihub_raw/surface/Surface_1/Surface_005/MP_SEL_SUR_000540.jpg,none,0.0,,,0.9765
aihub_raw/surface/Surface_1/Surface_005/MP_SEL_SUR_000541.jpg,none,0.0,,,0.9882
aihub_raw/surface/Surface_1/Surface_005/MP_SEL_SUR_000542.jpg,none,0.0,,,0.9995
aihub_raw/surface/Surface_1/Surface_005/MP_SEL_SUR_000543.jpg,none,0.0,,,0.9633
aihub_raw/surface/Surface_1/Surface_005/MP_SEL_SUR_000544.jpg,none,0.0,,,0.0
aihub_raw/surface/Surface_1/Surface_005/MP_SEL_SUR_000545.jpg,on,0.6753,0.133,1.0,0.0278
aihub_raw/surface/Surface_1/Surface_005/MP_SEL_SUR_000546.jpg,none,0.0,,,0.94
aihub_raw/surface/Surface_1/Surface_005/MP_SEL_SUR_000547.jpg,none,0.0,,,0.2488
aihub_raw/surface/Surface_1/Surface_005/MP_SEL_SUR_000548.jpg,none,0.0,,,0.0
aihub_raw/surface/Surface_1/Surface_005/MP_SEL_SUR_000549.jpg,none,0.0,,,0.9938
aihub_raw/surface/Surface_1/Surface_005/MP_SEL_SUR_000550.jpg,none,0.0,,,0.8386
aihub_raw/surface/Surface_1/Surface_005/MP_SEL_SUR_000552.jpg,none,0.0,,,0.9266
aihub_raw/surface/Surface_1/Surface_005/MP_SEL_SUR_000553.jpg,none,0.0,,,0.9963
aihub_raw/surface/Surface_1/Surface_005/MP_SEL_SUR_000554.jpg,none,0.0,,,0.0438
aihub_raw/surface/Surface_1/Surface_005/MP_SEL_SUR_000555.jpg,none,0.0,,,0.787
aihub_raw/surface/Surface_1/Surface_005/MP_SEL_SUR_000556.jpg,none,0.0,,,0.1142
aihub_raw/surface/Surface_1/Surface_005/MP_SEL_SUR_000557.jpg,none,0.0,,,0.0
aihub_raw/surface/Surface_1/Surface_005/MP_SEL_SUR_000558.jpg,none,0.0,,,0.1588
aihub_raw/surface/Surface_1/Surface_005/MP_SEL_SUR_000559.jpg,none,0.0,,,0.0
aihub_raw/surface/Surface_1/Surface_005/MP_SEL_SUR_000560.jpg,none,0.0,,,0.0034
aihub_raw/surface/Surface_1/Surface_005/MP_SEL_SUR_000561.jpg,none,0.0,,,0.4138
aihub_raw/surface/Surface_1/Surface_005/MP_SEL_SUR_000562.jpg,none,0.0,,,1.0
aihub_raw/surface/Surface_1/Surface_005/MP_SEL_SUR_000563.jpg,none,0.0,,,0.8867
aihub_raw/surface/Surface_1/Surface_005/MP_SEL_SUR_000564.jpg,none,0.0,,,0.9037
aihub_raw/surface/Surface_1/Surface_005/MP_SEL_SUR_000565.jpg,none,0.0,,,1.0
aihub_raw/surface/Surface_1/Surface_005/MP_SEL_SUR_000566.jpg,none,0.0,,,0.5581
aihub_raw/surface/Surface_1/Surface_005/MP_SEL_SUR_000567.jpg,on,0.7206,0.189,1.0,0.0287
aihub_raw/surface/Surface_1/Surface_005/MP_SEL_SUR_000568.jpg,none,0.0,,,0.0
aihub_raw/surface/Surface_1/Surface_005/MP_SEL_SUR_000569.jpg,approach,0.7952,0.0,0.807,0.2012
aihub_raw/surface/Surface_1/Surface_005/MP_SEL_SUR_000570.jpg,none_far,0.041,0.193,0.37,0.7404
aihub_raw/surface/Surface_1/Surface_005/MP_SEL_SUR_000571.jpg,on,0.8566,0.052,1.0,0.0506
aihub_raw/surface/Surface_1/Surface_005/MP_SEL_SUR_000572.jpg,none,0.0,,,0.0
aihub_raw/surface/Surface_1/Surface_005/MP_SEL_SUR_000573.jpg,none,0.0,,,0.7136
aihub_raw/surface/Surface_1/Surface_005/MP_SEL_SUR_000574.jpg,on,0.9979,0.0,1.0,0.0
aihub_raw/surface/Surface_1/Surface_005/MP_SEL_SUR_000575.jpg,none,0.0,,,0.0
aihub_raw/surface/Surface_1/Surface_005/MP_SEL_SUR_000576.jpg,none,0.0,,,0.0
aihub_raw/surface/Surface_1/Surface_005/MP_SEL_SUR_000577.jpg,none,0.0,,,0.0
aihub_raw/surface/Surface_1/Surface_005/MP_SEL_SUR_000578.jpg,none,0.0,,,0.7554
aihub_raw/surface/Surface_1/Surface_005/MP_SEL_SUR_000579.jpg,none,0.0,,,0.7698
aihub_raw/surface/Surface_1/Surface_005/MP_SEL_SUR_000580.jpg,none,0.0,,,0.0006
aihub_raw/surface/Surface_1/Surface_005/MP_SEL_SUR_000581.jpg,none,0.0,,,0.8186
aihub_raw/surface/Surface_1/Surface_005/MP_SEL_SUR_000582.jpg,none,0.0,,,0.7981
aihub_raw/surface/Surface_1/Surface_005/MP_SEL_SUR_000583.jpg,none_far,0.0021,0.033,0.056,0.6512
aihub_raw/surface/Surface_1/Surface_005/MP_SEL_SUR_000584.jpg,none,0.0,,,0.0
aihub_raw/surface/Surface_1/Surface_005/MP_SEL_SUR_000585.jpg,none,0.0,,,0.0
aihub_raw/surface/Surface_1/Surface_005/MP_SEL_SUR_000586.jpg,none,0.0,,,0.0
aihub_raw/surface/Surface_1/Surface_005/MP_SEL_SUR_000587.jpg,none,0.0,,,0.0
aihub_raw/surface/Surface_1/Surface_005/MP_SEL_SUR_000588.jpg,none,0.0,,,0.9127
aihub_raw/surface/Surface_1/Surface_005/MP_SEL_SUR_000589.jpg,none,0.0,,,0.8113
aihub_raw/surface/Surface_1/Surface_005/MP_SEL_SUR_000590.jpg,none,0.0,,,0.801
aihub_raw/surface/Surface_1/Surface_005/MP_SEL_SUR_000591.jpg,none,0.0,,,0.9936
aihub_raw/surface/Surface_1/Surface_005/MP_SEL_SUR_000592.jpg,none,0.0,,,0.7871
aihub_raw/surface/Surface_1/Surface_005/MP_SEL_SUR_000593.jpg,none,0.0,,,0.9287
aihub_raw/surface/Surface_1/Surface_005/MP_SEL_SUR_000594.jpg,none,0.0,,,0.8685
aihub_raw/surface/Surface_1/Surface_005/MP_SEL_SUR_000595.jpg,none,0.0,,,0.8168
aihub_raw/surface/Surface_1/Surface_005/MP_SEL_SUR_000596.jpg,none,0.0,,,0.8232
aihub_raw/surface/Surface_1/Surface_005/MP_SEL_SUR_000597.jpg,none,0.0,,,0.0
aihub_raw/surface/Surface_1/Surface_005/MP_SEL_SUR_000598.jpg,none,0.0,,,0.021
aihub_raw/surface/Surface_1/Surface_005/MP_SEL_SUR_000599.jpg,none,0.0,,,0.8579
aihub_raw/surface/Surface_1/Surface_005/MP_SEL_SUR_000600.jpg,none,0.0,,,0.6501
aihub_raw/surface/Surface_1/Surface_006/MP_SEL_SUR_000601.jpg,none,0.0,,,0.9024
aihub_raw/surface/Surface_1/Surface_006/MP_SEL_SUR_000602.jpg,none,0.0,,,0.8925
aihub_raw/surface/Surface_1/Surface_006/MP_SEL_SUR_000603.jpg,none,0.0,,,1.0
aihub_raw/surface/Surface_1/Surface_006/MP_SEL_SUR_000604.jpg,none,0.0,,,0.2452
aihub_raw/surface/Surface_1/Surface_006/MP_SEL_SUR_000605.jpg,none_far,0.0192,0.044,0.137,0.9021
aihub_raw/surface/Surface_1/Surface_006/MP_SEL_SUR_000606.jpg,none,0.0,,,0.7963
aihub_raw/surface/Surface_1/Surface_006/MP_SEL_SUR_000607.jpg,none,0.0,,,0.8263
aihub_raw/surface/Surface_1/Surface_006/MP_SEL_SUR_000608.jpg,none,0.0,,,0.0
aihub_raw/surface/Surface_1/Surface_006/MP_SEL_SUR_000609.jpg,none,0.0,,,0.9548
aihub_raw/surface/Surface_1/Surface_006/MP_SEL_SUR_000610.jpg,none,0.0,,,0.9775
aihub_raw/surface/Surface_1/Surface_006/MP_SEL_SUR_000611.jpg,none_far,0.0527,0.085,0.307,0.6482
aihub_raw/surface/Surface_1/Surface_006/MP_SEL_SUR_000612.jpg,none,0.0,,,0.8124
aihub_raw/surface/Surface_1/Surface_006/MP_SEL_SUR_000613.jpg,none,0.0,,,0.0
aihub_raw/surface/Surface_1/Surface_006/MP_SEL_SUR_000614.jpg,none,0.0,,,0.0
aihub_raw/surface/Surface_1/Surface_006/MP_SEL_SUR_000615.jpg,none_far,0.0135,0.093,0.207,0.8599
aihub_raw/surface/Surface_1/Surface_006/MP_SEL_SUR_000616.jpg,none,0.0,,,0.0
aihub_raw/surface/Surface_1/Surface_006/MP_SEL_SUR_000617.jpg,none,0.0,,,0.9986
aihub_raw/surface/Surface_1/Surface_006/MP_SEL_SUR_000618.jpg,none,0.0,,,0.2088
aihub_raw/surface/Surface_1/Surface_006/MP_SEL_SUR_000619.jpg,none,0.0,,,1.0
aihub_raw/surface/Surface_1/Surface_006/MP_SEL_SUR_000620.jpg,none,0.0,,,0.8425
aihub_raw/surface/Surface_1/Surface_006/MP_SEL_SUR_000621.jpg,approach,0.2697,0.0,0.9,0.1265
aihub_raw/surface/Surface_1/Surface_006/MP_SEL_SUR_000622.jpg,none,0.0,,,0.7745
aihub_raw/surface/Surface_1/Surface_006/MP_SEL_SUR_000623.jpg,none,0.0,,,0.0
aihub_raw/surface/Surface_1/Surface_006/MP_SEL_SUR_000624.jpg,none,0.0,,,0.0
aihub_raw/surface/Surface_1/Surface_006/MP_SEL_SUR_000625.jpg,none,0.0,,,0.0
aihub_raw/surface/Surface_1/Surface_006/MP_SEL_SUR_000626.jpg,none,0.0,,,0.1739
aihub_raw/surface/Surface_1/Surface_006/MP_SEL_SUR_000627.jpg,none_far,0.0007,0.059,0.085,0.2608
aihub_raw/surface/Surface_1/Surface_006/MP_SEL_SUR_000628.jpg,none,0.0,,,0.0312
aihub_raw/surface/Surface_1/Surface_006/MP_SEL_SUR_000629.jpg,none,0.0,,,0.8202
aihub_raw/surface/Surface_1/Surface_006/MP_SEL_SUR_000630.jpg,none,0.0,,,0.9196
aihub_raw/surface/Surface_1/Surface_006/MP_SEL_SUR_000631.jpg,none,0.0,,,0.8417
aihub_raw/surface/Surface_1/Surface_006/MP_SEL_SUR_000632.jpg,none,0.0,,,0.9129
aihub_raw/surface/Surface_1/Surface_006/MP_SEL_SUR_000633.jpg,none_far,0.0106,0.0,0.056,0.962
aihub_raw/surface/Surface_1/Surface_006/MP_SEL_SUR_000634.jpg,none,0.0,,,0.996
aihub_raw/surface/Surface_1/Surface_006/MP_SEL_SUR_000635.jpg,approach,0.5431,0.085,0.874,0.2892
aihub_raw/surface/Surface_1/Surface_006/MP_SEL_SUR_000636.jpg,none,0.0,,,0.9671
aihub_raw/surface/Surface_1/Surface_006/MP_SEL_SUR_000637.jpg,none,0.0,,,0.0
aihub_raw/surface/Surface_1/Surface_006/MP_SEL_SUR_000638.jpg,none,0.0,,,0.8664
aihub_raw/surface/Surface_1/Surface_006/MP_SEL_SUR_000639.jpg,none,0.0,,,0.0
aihub_raw/surface/Surface_1/Surface_006/MP_SEL_SUR_000640.jpg,none,0.0,,,0.2448
aihub_raw/surface/Surface_1/Surface_006/MP_SEL_SUR_000641.jpg,none,0.0,,,0.9503
aihub_raw/surface/Surface_1/Surface_006/MP_SEL_SUR_000642.jpg,none,0.0,,,0.8969
aihub_raw/surface/Surface_1/Surface_006/MP_SEL_SUR_000643.jpg,on,0.9848,0.0,1.0,0.0
aihub_raw/surface/Surface_1/Surface_006/MP_SEL_SUR_000644.jpg,none,0.0,,,1.0
aihub_raw/surface/Surface_1/Surface_006/MP_SEL_SUR_000645.jpg,none,0.0,,,0.6683
aihub_raw/surface/Surface_1/Surface_006/MP_SEL_SUR_000646.jpg,none,0.0,,,0.8728
aihub_raw/surface/Surface_1/Surface_006/MP_SEL_SUR_000647.jpg,none,0.0,,,0.6657
aihub_raw/surface/Surface_1/Surface_006/MP_SEL_SUR_000648.jpg,none,0.0,,,0.8477
aihub_raw/surface/Surface_1/Surface_006/MP_SEL_SUR_000649.jpg,none,0.0,,,0.9813
aihub_raw/surface/Surface_1/Surface_006/MP_SEL_SUR_000650.jpg,none,0.0,,,0.8838
aihub_raw/surface/Surface_1/Surface_006/MP_SEL_SUR_000651.jpg,none,0.0,,,0.8396
aihub_raw/surface/Surface_1/Surface_006/MP_SEL_SUR_000652.jpg,none_far,0.1907,0.0,0.367,0.6532
aihub_raw/surface/Surface_1/Surface_006/MP_SEL_SUR_000653.jpg,none,0.0,,,0.3366
aihub_raw/surface/Surface_1/Surface_006/MP_SEL_SUR_000654.jpg,none_far,0.3964,0.0,0.4,0.603
aihub_raw/surface/Surface_1/Surface_006/MP_SEL_SUR_000655.jpg,none,0.0,,,0.0
aihub_raw/surface/Surface_1/Surface_006/MP_SEL_SUR_000656.jpg,none,0.0,,,0.6182
aihub_raw/surface/Surface_1/Surface_006/MP_SEL_SUR_000657.jpg,none,0.0,,,0.9923
aihub_raw/surface/Surface_1/Surface_006/MP_SEL_SUR_000658.jpg,none,0.0,,,0.9984
aihub_raw/surface/Surface_1/Surface_006/MP_SEL_SUR_000659.jpg,none,0.0,,,0.5187
aihub_raw/surface/Surface_1/Surface_006/MP_SEL_SUR_000660.jpg,none,0.0,,,0.8256
aihub_raw/surface/Surface_1/Surface_006/MP_SEL_SUR_000661.jpg,none,0.0,,,0.8858
aihub_raw/surface/Surface_1/Surface_006/MP_SEL_SUR_000662.jpg,none,0.0,,,0.6592
aihub_raw/surface/Surface_1/Surface_006/MP_SEL_SUR_000663.jpg,none,0.0,,,0.0086
aihub_raw/surface/Surface_1/Surface_006/MP_SEL_SUR_000664.jpg,none,0.0,,,1.0
aihub_raw/surface/Surface_1/Surface_006/MP_SEL_SUR_000665.jpg,none,0.0,,,0.0
aihub_raw/surface/Surface_1/Surface_006/MP_SEL_SUR_000666.jpg,none,0.0,,,0.8382
aihub_raw/surface/Surface_1/Surface_006/MP_SEL_SUR_000667.jpg,none,0.0,,,0.0041
aihub_raw/surface/Surface_1/Surface_006/MP_SEL_SUR_000668.jpg,none,0.0,,,0.5099
aihub_raw/surface/Surface_1/Surface_006/MP_SEL_SUR_000669.jpg,none,0.0,,,0.0193
aihub_raw/surface/Surface_1/Surface_006/MP_SEL_SUR_000670.jpg,none_far,0.1419,0.0,0.163,0.0
aihub_raw/surface/Surface_1/Surface_006/MP_SEL_SUR_000671.jpg,none_far,0.1146,0.0,0.256,0.7987
aihub_raw/surface/Surface_1/Surface_006/MP_SEL_SUR_000672.jpg,none,0.0,,,0.8804
aihub_raw/surface/Surface_1/Surface_006/MP_SEL_SUR_000673.jpg,none,0.0,,,0.8156
aihub_raw/surface/Surface_1/Surface_006/MP_SEL_SUR_000674.jpg,none,0.0,,,0.0
aihub_raw/surface/Surface_1/Surface_006/MP_SEL_SUR_000675.jpg,none,0.0,,,1.0
aihub_raw/surface/Surface_1/Surface_006/MP_SEL_SUR_000676.jpg,none,0.0,,,0.0
aihub_raw/surface/Surface_1/Surface_006/MP_SEL_SUR_000677.jpg,none,0.0,,,0.8742
aihub_raw/surface/Surface_1/Surface_006/MP_SEL_SUR_000678.jpg,none,0.0,,,0.0
aihub_raw/surface/Surface_1/Surface_006/MP_SEL_SUR_000679.jpg,none,0.0,,,0.0
aihub_raw/surface/Surface_1/Surface_006/MP_SEL_SUR_000680.jpg,none,0.0,,,0.8355
aihub_raw/surface/Surface_1/Surface_006/MP_SEL_SUR_000681.jpg,none,0.0,,,0.8212
aihub_raw/surface/Surface_1/Surface_006/MP_SEL_SUR_000682.jpg,none,0.0,,,0.9778
aihub_raw/surface/Surface_1/Surface_006/MP_SEL_SUR_000683.jpg,none,0.0,,,0.0
aihub_raw/surface/Surface_1/Surface_006/MP_SEL_SUR_000684.jpg,none,0.0,,,0.8475
aihub_raw/surface/Surface_1/Surface_006/MP_SEL_SUR_000685.jpg,none,0.0,,,0.9956
aihub_raw/surface/Surface_1/Surface_006/MP_SEL_SUR_000686.jpg,none,0.0,,,0.9445
aihub_raw/surface/Surface_1/Surface_006/MP_SEL_SUR_000687.jpg,none,0.0,,,0.9583
aihub_raw/surface/Surface_1/Surface_006/MP_SEL_SUR_000688.jpg,none,0.0,,,0.6057
aihub_raw/surface/Surface_1/Surface_006/MP_SEL_SUR_000689.jpg,none,0.0,,,0.9495
aihub_raw/surface/Surface_1/Surface_006/MP_SEL_SUR_000690.jpg,none,0.0,,,0.0
aihub_raw/surface/Surface_1/Surface_006/MP_SEL_SUR_000691.jpg,none,0.0,,,0.0
aihub_raw/surface/Surface_1/Surface_006/MP_SEL_SUR_000692.jpg,none_far,0.0076,0.078,0.096,0.7642
aihub_raw/surface/Surface_1/Surface_006/MP_SEL_SUR_000693.jpg,none,0.0,,,0.988
aihub_raw/surface/Surface_1/Surface_006/MP_SEL_SUR_000694.jpg,none,0.0,,,0.836
aihub_raw/surface/Surface_1/Surface_006/MP_SEL_SUR_000695.jpg,none,0.0,,,0.9894
aihub_raw/surface/Surface_1/Surface_006/MP_SEL_SUR_000696.jpg,none,0.0,,,0.9193
aihub_raw/surface/Surface_1/Surface_006/MP_SEL_SUR_000697.jpg,none,0.0,,,0.7569
aihub_raw/surface/Surface_1/Surface_006/MP_SEL_SUR_000698.jpg,none,0.0,,,0.9775
aihub_raw/surface/Surface_1/Surface_006/MP_SEL_SUR_000699.jpg,none_far,0.0009,0.374,0.411,0.6709
aihub_raw/surface/Surface_1/Surface_006/MP_SEL_SUR_000700.jpg,none,0.0,,,0.0
aihub_raw/surface/Surface_1/Surface_006/MP_SEL_SUR_000701.jpg,on,0.788,0.156,1.0,0.0097
aihub_raw/surface/Surface_1/Surface_006/MP_SEL_SUR_000702.jpg,none,0.0,,,0.5838
aihub_raw/surface/Surface_1/Surface_006/MP_SEL_SUR_000703.jpg,none,0.0,,,0.7393
aihub_raw/surface/Surface_1/Surface_006/MP_SEL_SUR_000704.jpg,none,0.0,,,0.052
aihub_raw/surface/Surface_1/Surface_006/MP_SEL_SUR_000705.jpg,none,0.0,,,0.6674
aihub_raw/surface/Surface_1/Surface_006/MP_SEL_SUR_000706.jpg,none,0.0,,,0.0
aihub_raw/surface/Surface_1/Surface_006/MP_SEL_SUR_000707.jpg,none,0.0,,,0.0
aihub_raw/surface/Surface_1/Surface_006/MP_SEL_SUR_000708.jpg,none,0.0,,,0.9985
aihub_raw/surface/Surface_1/Surface_006/MP_SEL_SUR_000709.jpg,none,0.0,,,0.8118
aihub_raw/surface/Surface_1/Surface_006/MP_SEL_SUR_000710.jpg,none,0.0,,,0.9151
aihub_raw/surface/Surface_1/Surface_006/MP_SEL_SUR_000711.jpg,none,0.0,,,0.0652
aihub_raw/surface/Surface_1/Surface_006/MP_SEL_SUR_000712.jpg,none,0.0,,,0.0
aihub_raw/surface/Surface_1/Surface_006/MP_SEL_SUR_000713.jpg,none,0.0,,,0.9881
aihub_raw/surface/Surface_1/Surface_006/MP_SEL_SUR_000714.jpg,none,0.0,,,0.0
aihub_raw/surface/Surface_1/Surface_006/MP_SEL_SUR_000715.jpg,none,0.0,,,0.8541
aihub_raw/surface/Surface_1/Surface_006/MP_SEL_SUR_000716.jpg,none,0.0,,,0.8669
aihub_raw/surface/Surface_1/Surface_006/MP_SEL_SUR_000717.jpg,none,0.0,,,0.7055
aihub_raw/surface/Surface_1/Surface_006/MP_SEL_SUR_000718.jpg,none,0.0,,,0.9229
aihub_raw/surface/Surface_1/Surface_006/MP_SEL_SUR_000719.jpg,none,0.0,,,0.604
aihub_raw/surface/Surface_1/Surface_006/MP_SEL_SUR_000720.jpg,none,0.0,,,0.0
aihub_raw/surface/Surface_1/Surface_007/MP_SEL_SUR_000721.jpg,none,0.0,,,0.0
aihub_raw/surface/Surface_1/Surface_007/MP_SEL_SUR_000722.jpg,none,0.0,,,0.7792
aihub_raw/surface/Surface_1/Surface_007/MP_SEL_SUR_000723.jpg,none,0.0,,,1.0
aihub_raw/surface/Surface_1/Surface_007/MP_SEL_SUR_000724.jpg,none,0.0,,,0.0
aihub_raw/surface/Surface_1/Surface_007/MP_SEL_SUR_000725.jpg,none,0.0,,,1.0
aihub_raw/surface/Surface_1/Surface_007/MP_SEL_SUR_000726.jpg,none,0.0,,,0.6211
aihub_raw/surface/Surface_1/Surface_007/MP_SEL_SUR_000727.jpg,on,0.9087,0.0,1.0,0.0171
aihub_raw/surface/Surface_1/Surface_007/MP_SEL_SUR_000728.jpg,none,0.0,,,0.5767
aihub_raw/surface/Surface_1/Surface_007/MP_SEL_SUR_000729.jpg,none,0.0,,,0.9795
aihub_raw/surface/Surface_1/Surface_007/MP_SEL_SUR_000730.jpg,none,0.0,,,0.6049
aihub_raw/surface/Surface_1/Surface_007/MP_SEL_SUR_000731.jpg,none,0.0,,,0.0
aihub_raw/surface/Surface_1/Surface_007/MP_SEL_SUR_000732.jpg,none,0.0,,,0.0
aihub_raw/surface/Surface_1/Surface_007/MP_SEL_SUR_000733.jpg,none,0.0,,,0.9537
aihub_raw/surface/Surface_1/Surface_007/MP_SEL_SUR_000734.jpg,none,0.0,,,0.0
aihub_raw/surface/Surface_1/Surface_007/MP_SEL_SUR_000735.jpg,none,0.0,,,0.1892
aihub_raw/surface/Surface_1/Surface_007/MP_SEL_SUR_000736.jpg,none,0.0,,,0.0
aihub_raw/surface/Surface_1/Surface_007/MP_SEL_SUR_000737.jpg,none,0.0,,,0.0
aihub_raw/surface/Surface_1/Surface_007/MP_SEL_SUR_000738.jpg,none,0.0,,,0.0
aihub_raw/surface/Surface_1/Surface_007/MP_SEL_SUR_000739.jpg,none,0.0,,,0.8783
aihub_raw/surface/Surface_1/Surface_007/MP_SEL_SUR_000740.jpg,none,0.0,,,0.685
aihub_raw/surface/Surface_1/Surface_007/MP_SEL_SUR_000741.jpg,none,0.0,,,0.194
aihub_raw/surface/Surface_1/Surface_007/MP_SEL_SUR_000742.jpg,none,0.0,,,0.0
aihub_raw/surface/Surface_1/Surface_007/MP_SEL_SUR_000744.jpg,none,0.0,,,0.9987
aihub_raw/surface/Surface_1/Surface_007/MP_SEL_SUR_000745.jpg,none_far,0.1022,0.089,0.3,0.6258
aihub_raw/surface/Surface_1/Surface_007/MP_SEL_SUR_000746.jpg,none,0.0,,,0.8902
aihub_raw/surface/Surface_1/Surface_007/MP_SEL_SUR_000747.jpg,none,0.0,,,0.4949
aihub_raw/surface/Surface_1/Surface_007/MP_SEL_SUR_000748.jpg,on,0.7778,0.044,1.0,0.0458
aihub_raw/surface/Surface_1/Surface_007/MP_SEL_SUR_000749.jpg,none,0.0,,,0.7555
aihub_raw/surface/Surface_1/Surface_007/MP_SEL_SUR_000750.jpg,none,0.0,,,0.9961
aihub_raw/surface/Surface_1/Surface_007/MP_SEL_SUR_000751.jpg,none,0.0,,,0.028
aihub_raw/surface/Surface_1/Surface_007/MP_SEL_SUR_000752.jpg,none,0.0,,,0.9975
aihub_raw/surface/Surface_1/Surface_007/MP_SEL_SUR_000753.jpg,none,0.0,,,0.0
aihub_raw/surface/Surface_1/Surface_007/MP_SEL_SUR_000754.jpg,none,0.0,,,0.3601
aihub_raw/surface/Surface_1/Surface_007/MP_SEL_SUR_000755.jpg,none,0.0,,,0.0
aihub_raw/surface/Surface_1/Surface_007/MP_SEL_SUR_000756.jpg,none,0.0,,,0.8512
aihub_raw/surface/Surface_1/Surface_007/MP_SEL_SUR_000757.jpg,none,0.0,,,0.0
aihub_raw/surface/Surface_1/Surface_007/MP_SEL_SUR_000758.jpg,none,0.0,,,0.0
aihub_raw/surface/Surface_1/Surface_007/MP_SEL_SUR_000759.jpg,none,0.0,,,0.9578
aihub_raw/surface/Surface_1/Surface_007/MP_SEL_SUR_000760.jpg,none,0.0,,,0.9988
aihub_raw/surface/Surface_1/Surface_007/MP_SEL_SUR_000761.jpg,none,0.0,,,0.0
aihub_raw/surface/Surface_1/Surface_007/MP_SEL_SUR_000762.jpg,none,0.0,,,0.8196
aihub_raw/surface/Surface_1/Surface_007/MP_SEL_SUR_000763.jpg,none,0.0,,,0.0
aihub_raw/surface/Surface_1/Surface_007/MP_SEL_SUR_000764.jpg,none,0.0,,,0.918
aihub_raw/surface/Surface_1/Surface_007/MP_SEL_SUR_000765.jpg,none,0.0,,,0.9634
aihub_raw/surface/Surface_1/Surface_007/MP_SEL_SUR_000766.jpg,none,0.0,,,0.0
aihub_raw/surface/Surface_1/Surface_007/MP_SEL_SUR_000767.jpg,none,0.0,,,0.657
aihub_raw/surface/Surface_1/Surface_007/MP_SEL_SUR_000768.jpg,none,0.0,,,0.0
aihub_raw/surface/Surface_1/Surface_007/MP_SEL_SUR_000769.jpg,none_far,0.0036,0.0,0.044,0.792
aihub_raw/surface/Surface_1/Surface_007/MP_SEL_SUR_000770.jpg,none,0.0,,,0.9948
aihub_raw/surface/Surface_1/Surface_007/MP_SEL_SUR_000771.jpg,none,0.0,,,0.975
aihub_raw/surface/Surface_1/Surface_007/MP_SEL_SUR_000772.jpg,none,0.0,,,0.8898
aihub_raw/surface/Surface_1/Surface_007/MP_SEL_SUR_000773.jpg,none,0.0,,,0.8869
aihub_raw/surface/Surface_1/Surface_007/MP_SEL_SUR_000774.jpg,none,0.0,,,0.0
aihub_raw/surface/Surface_1/Surface_007/MP_SEL_SUR_000775.jpg,none,0.0,,,0.9572
aihub_raw/surface/Surface_1/Surface_007/MP_SEL_SUR_000776.jpg,none,0.0,,,0.9746
aihub_raw/surface/Surface_1/Surface_007/MP_SEL_SUR_000777.jpg,none,0.0,,,0.8289
aihub_raw/surface/Surface_1/Surface_007/MP_SEL_SUR_000778.jpg,none,0.0,,,1.0
aihub_raw/surface/Surface_1/Surface_007/MP_SEL_SUR_000779.jpg,none,0.0,,,0.9232
aihub_raw/surface/Surface_1/Surface_007/MP_SEL_SUR_000780.jpg,none,0.0,,,0.7689
aihub_raw/surface/Surface_1/Surface_007/MP_SEL_SUR_000781.jpg,none,0.0,,,0.361
aihub_raw/surface/Surface_1/Surface_007/MP_SEL_SUR_000782.jpg,none,0.0,,,0.9974
aihub_raw/surface/Surface_1/Surface_007/MP_SEL_SUR_000783.jpg,none,0.0,,,0.9767
aihub_raw/surface/Surface_1/Surface_007/MP_SEL_SUR_000784.jpg,none,0.0,,,0.0
aihub_raw/surface/Surface_1/Surface_007/MP_SEL_SUR_000785.jpg,none,0.0,,,0.9227
aihub_raw/surface/Surface_1/Surface_007/MP_SEL_SUR_000786.jpg,none,0.0,,,0.0895
aihub_raw/surface/Surface_1/Surface_007/MP_SEL_SUR_000787.jpg,none,0.0,,,0.7328
aihub_raw/surface/Surface_1/Surface_007/MP_SEL_SUR_000788.jpg,none,0.0,,,0.0
aihub_raw/surface/Surface_1/Surface_007/MP_SEL_SUR_000789.jpg,none,0.0,,,1.0
aihub_raw/surface/Surface_1/Surface_007/MP_SEL_SUR_000790.jpg,none,0.0,,,0.5708
aihub_raw/surface/Surface_1/Surface_007/MP_SEL_SUR_000791.jpg,none,0.0,,,0.0
aihub_raw/surface/Surface_1/Surface_007/MP_SEL_SUR_000792.jpg,none,0.0,,,0.8882
aihub_raw/surface/Surface_1/Surface_007/MP_SEL_SUR_000793.jpg,none,0.0,,,0.3166
aihub_raw/surface/Surface_1/Surface_007/MP_SEL_SUR_000794.jpg,none,0.0,,,0.0
aihub_raw/surface/Surface_1/Surface_007/MP_SEL_SUR_000795.jpg,none_far,0.014,0.219,0.367,0.8914
aihub_raw/surface/Surface_1/Surface_007/MP_SEL_SUR_000796.jpg,none,0.0,,,0.8869
aihub_raw/surface/Surface_1/Surface_007/MP_SEL_SUR_000797.jpg,none,0.0,,,0.9663
aihub_raw/surface/Surface_1/Surface_007/MP_SEL_SUR_000798.jpg,none_far,0.003,0.1,0.115,0.5992
aihub_raw/surface/Surface_1/Surface_007/MP_SEL_SUR_000799.jpg,none,0.0,,,0.842
aihub_raw/surface/Surface_1/Surface_007/MP_SEL_SUR_000800.jpg,none,0.0,,,0.9428
aihub_raw/surface/Surface_1/Surface_007/MP_SEL_SUR_000801.jpg,none,0.0,,,0.0
aihub_raw/surface/Surface_1/Surface_007/MP_SEL_SUR_000802.jpg,none,0.0,,,0.0
aihub_raw/surface/Surface_1/Surface_007/MP_SEL_SUR_000803.jpg,none,0.0,,,0.922
aihub_raw/surface/Surface_1/Surface_007/MP_SEL_SUR_000804.jpg,none_far,0.2608,0.0,0.389,0.6713
aihub_raw/surface/Surface_1/Surface_007/MP_SEL_SUR_000805.jpg,none,0.0,,,0.0
aihub_raw/surface/Surface_1/Surface_007/MP_SEL_SUR_000806.jpg,none,0.0,,,0.813
aihub_raw/surface/Surface_1/Surface_007/MP_SEL_SUR_000807.jpg,none,0.0,,,0.523
aihub_raw/surface/Surface_1/Surface_007/MP_SEL_SUR_000808.jpg,none,0.0,,,0.7102
aihub_raw/surface/Surface_1/Surface_007/MP_SEL_SUR_000809.jpg,none,0.0,,,0.0
aihub_raw/surface/Surface_1/Surface_007/MP_SEL_SUR_000810.jpg,none,0.0,,,0.7055
aihub_raw/surface/Surface_1/Surface_007/MP_SEL_SUR_000811.jpg,none,0.0,,,0.0
aihub_raw/surface/Surface_1/Surface_007/MP_SEL_SUR_000812.jpg,none,0.0,,,0.5276
aihub_raw/surface/Surface_1/Surface_007/MP_SEL_SUR_000813.jpg,none,0.0,,,0.7647
aihub_raw/surface/Surface_1/Surface_007/MP_SEL_SUR_000814.jpg,none,0.0,,,0.0
aihub_raw/surface/Surface_1/Surface_007/MP_SEL_SUR_000815.jpg,none,0.0,,,0.0
aihub_raw/surface/Surface_1/Surface_007/MP_SEL_SUR_000816.jpg,none,0.0,,,0.7936
aihub_raw/surface/Surface_1/Surface_007/MP_SEL_SUR_000817.jpg,none,0.0,,,0.7777
aihub_raw/surface/Surface_1/Surface_007/MP_SEL_SUR_000818.jpg,none,0.0,,,0.006
aihub_raw/surface/Surface_1/Surface_007/MP_SEL_SUR_000819.jpg,none,0.0,,,0.9912
aihub_raw/surface/Surface_1/Surface_007/MP_SEL_SUR_000820.jpg,none,0.0,,,0.9373
aihub_raw/surface/Surface_1/Surface_007/MP_SEL_SUR_000821.jpg,none,0.0,,,0.8986
aihub_raw/surface/Surface_1/Surface_007/MP_SEL_SUR_000822.jpg,none,0.0,,,0.745
aihub_raw/surface/Surface_1/Surface_007/MP_SEL_SUR_000823.jpg,none,0.0,,,0.7748
aihub_raw/surface/Surface_1/Surface_007/MP_SEL_SUR_000824.jpg,none,0.0,,,0.9134
aihub_raw/surface/Surface_1/Surface_007/MP_SEL_SUR_000825.jpg,none,0.0,,,0.9924
aihub_raw/surface/Surface_1/Surface_007/MP_SEL_SUR_000826.jpg,none,0.0,,,0.7108
aihub_raw/surface/Surface_1/Surface_007/MP_SEL_SUR_000827.jpg,none,0.0,,,0.0487
aihub_raw/surface/Surface_1/Surface_007/MP_SEL_SUR_000828.jpg,none,0.0,,,0.0
aihub_raw/surface/Surface_1/Surface_007/MP_SEL_SUR_000829.jpg,none,0.0,,,0.0
aihub_raw/surface/Surface_1/Surface_007/MP_SEL_SUR_000830.jpg,none_far,0.366,0.0,0.422,0.5941
aihub_raw/surface/Surface_1/Surface_007/MP_SEL_SUR_000831.jpg,none,0.0,,,0.0085
aihub_raw/surface/Surface_1/Surface_007/MP_SEL_SUR_000832.jpg,none,0.0,,,0.0
aihub_raw/surface/Surface_1/Surface_007/MP_SEL_SUR_000833.jpg,none,0.0,,,0.9334
aihub_raw/surface/Surface_1/Surface_007/MP_SEL_SUR_000834.jpg,none,0.0,,,1.0
aihub_raw/surface/Surface_1/Surface_007/MP_SEL_SUR_000835.jpg,none,0.0,,,0.9187
aihub_raw/surface/Surface_1/Surface_007/MP_SEL_SUR_000836.jpg,none,0.0,,,0.0
aihub_raw/surface/Surface_1/Surface_007/MP_SEL_SUR_000837.jpg,none_far,0.0377,0.0,0.1,0.938
aihub_raw/surface/Surface_1/Surface_007/MP_SEL_SUR_000838.jpg,none,0.0,,,1.0
aihub_raw/surface/Surface_1/Surface_007/MP_SEL_SUR_000839.jpg,on,0.9774,0.0,1.0,0.0095
aihub_raw/surface/Surface_1/Surface_008/MP_SEL_SUR_000841.jpg,none,0.0,,,0.0
aihub_raw/surface/Surface_1/Surface_008/MP_SEL_SUR_000842.jpg,none,0.0,,,0.4212
aihub_raw/surface/Surface_1/Surface_008/MP_SEL_SUR_000843.jpg,none,0.0,,,0.8292
aihub_raw/surface/Surface_1/Surface_008/MP_SEL_SUR_000844.jpg,none,0.0,,,0.2523
aihub_raw/surface/Surface_1/Surface_008/MP_SEL_SUR_000845.jpg,none,0.0,,,0.9975
aihub_raw/surface/Surface_1/Surface_008/MP_SEL_SUR_000846.jpg,none,0.0,,,0.571
aihub_raw/surface/Surface_1/Surface_008/MP_SEL_SUR_000847.jpg,none,0.0,,,0.0
aihub_raw/surface/Surface_1/Surface_008/MP_SEL_SUR_000848.jpg,none,0.0,,,0.9704
aihub_raw/surface/Surface_1/Surface_008/MP_SEL_SUR_000849.jpg,none,0.0,,,0.9469
aihub_raw/surface/Surface_1/Surface_008/MP_SEL_SUR_000850.jpg,none,0.0,,,0.0
aihub_raw/surface/Surface_1/Surface_008/MP_SEL_SUR_000851.jpg,none,0.0,,,0.8836
aihub_raw/surface/Surface_1/Surface_008/MP_SEL_SUR_000852.jpg,none,0.0,,,0.9824
aihub_raw/surface/Surface_1/Surface_008/MP_SEL_SUR_000853.jpg,none,0.0,,,0.0219
aihub_raw/surface/Surface_1/Surface_008/MP_SEL_SUR_000854.jpg,none,0.0,,,0.8427
aihub_raw/surface/Surface_1/Surface_008/MP_SEL_SUR_000855.jpg,none,0.0,,,0.6934
aihub_raw/surface/Surface_1/Surface_008/MP_SEL_SUR_000856.jpg,none,0.0,,,0.0
aihub_raw/surface/Surface_1/Surface_008/MP_SEL_SUR_000857.jpg,none_far,0.0101,0.033,0.078,0.7872
aihub_raw/surface/Surface_1/Surface_008/MP_SEL_SUR_000858.jpg,none,0.0,,,0.999
aihub_raw/surface/Surface_1/Surface_008/MP_SEL_SUR_000859.jpg,none,0.0,,,0.0
aihub_raw/surface/Surface_1/Surface_008/MP_SEL_SUR_000860.jpg,none,0.0,,,0.5511
aihub_raw/surface/Surface_1/Surface_008/MP_SEL_SUR_000861.jpg,none,0.0,,,0.0
aihub_raw/surface/Surface_1/Surface_008/MP_SEL_SUR_000862.jpg,none,0.0,,,0.9433
aihub_raw/surface/Surface_1/Surface_008/MP_SEL_SUR_000863.jpg,none,0.0,,,0.0
aihub_raw/surface/Surface_1/Surface_008/MP_SEL_SUR_000864.jpg,none,0.0,,,0.0
aihub_raw/surface/Surface_1/Surface_008/MP_SEL_SUR_000865.jpg,none,0.0,,,0.9755
aihub_raw/surface/Surface_1/Surface_008/MP_SEL_SUR_000866.jpg,none_far,0.0327,0.0,0.152,0.9598
aihub_raw/surface/Surface_1/Surface_008/MP_SEL_SUR_000867.jpg,none,0.0,,,1.0
aihub_raw/surface/Surface_1/Surface_008/MP_SEL_SUR_000868.jpg,none,0.0,,,0.8107
aihub_raw/surface/Surface_1/Surface_008/MP_SEL_SUR_000869.jpg,none,0.0,,,0.9976
aihub_raw/surface/Surface_1/Surface_008/MP_SEL_SUR_000870.jpg,none,0.0,,,0.0
aihub_raw/surface/Surface_1/Surface_008/MP_SEL_SUR_000871.jpg,none,0.0,,,1.0
aihub_raw/surface/Surface_1/Surface_008/MP_SEL_SUR_000872.jpg,none,0.0,,,0.8337
aihub_raw/surface/Surface_1/Surface_008/MP_SEL_SUR_000873.jpg,none,0.0,,,0.026
aihub_raw/surface/Surface_1/Surface_008/MP_SEL_SUR_000874.jpg,none,0.0,,,0.7892
aihub_raw/surface/Surface_1/Surface_008/MP_SEL_SUR_000875.jpg,none,0.0,,,0.9436
aihub_raw/surface/Surface_1/Surface_008/MP_SEL_SUR_000876.jpg,none,0.0,,,0.109
aihub_raw/surface/Surface_1/Surface_008/MP_SEL_SUR_000877.jpg,none,0.0,,,0.9743
aihub_raw/surface/Surface_1/Surface_008/MP_SEL_SUR_000878.jpg,none,0.0,,,0.9866
aihub_raw/surface/Surface_1/Surface_008/MP_SEL_SUR_000879.jpg,none,0.0,,,0.9063
aihub_raw/surface/Surface_1/Surface_008/MP_SEL_SUR_000880.jpg,none,0.0,,,0.0
aihub_raw/surface/Surface_1/Surface_008/MP_SEL_SUR_000881.jpg,none,0.0,,,0.0933
aihub_raw/surface/Surface_1/Surface_008/MP_SEL_SUR_000882.jpg,none,0.0,,,1.0
aihub_raw/surface/Surface_1/Surface_008/MP_SEL_SUR_000883.jpg,none,0.0,,,0.9078
aihub_raw/surface/Surface_1/Surface_008/MP_SEL_SUR_000884.jpg,none,0.0,,,0.725
aihub_raw/surface/Surface_1/Surface_008/MP_SEL_SUR_000885.jpg,none,0.0,,,0.0
aihub_raw/surface/Surface_1/Surface_008/MP_SEL_SUR_000886.jpg,none,0.0,,,0.9887
aihub_raw/surface/Surface_1/Surface_008/MP_SEL_SUR_000887.jpg,none,0.0,,,0.9853
aihub_raw/surface/Surface_1/Surface_008/MP_SEL_SUR_000888.jpg,none,0.0,,,0.0
aihub_raw/surface/Surface_1/Surface_008/MP_SEL_SUR_000889.jpg,none,0.0,,,0.9432
aihub_raw/surface/Surface_1/Surface_008/MP_SEL_SUR_000890.jpg,none,0.0,,,0.9955
aihub_raw/surface/Surface_1/Surface_008/MP_SEL_SUR_000891.jpg,none,0.0,,,0.4249
aihub_raw/surface/Surface_1/Surface_008/MP_SEL_SUR_000892.jpg,none_far,0.0553,0.152,0.4,0.6734
aihub_raw/surface/Surface_1/Surface_008/MP_SEL_SUR_000893.jpg,none,0.0,,,0.825
aihub_raw/surface/Surface_1/Surface_008/MP_SEL_SUR_000894.jpg,none,0.0,,,0.1931
aihub_raw/surface/Surface_1/Surface_008/MP_SEL_SUR_000895.jpg,none,0.0,,,0.9977
aihub_raw/surface/Surface_1/Surface_008/MP_SEL_SUR_000896.jpg,none,0.0,,,1.0
aihub_raw/surface/Surface_1/Surface_008/MP_SEL_SUR_000897.jpg,none,0.0,,,0.0
aihub_raw/surface/Surface_1/Surface_008/MP_SEL_SUR_000898.jpg,none,0.0,,,0.0
aihub_raw/surface/Surface_1/Surface_008/MP_SEL_SUR_000899.jpg,none,0.0,,,1.0
aihub_raw/surface/Surface_1/Surface_008/MP_SEL_SUR_000900.jpg,none,0.0,,,0.0
aihub_raw/surface/Surface_1/Surface_008/MP_SEL_SUR_000901.jpg,none,0.0,,,0.3197
aihub_raw/surface/Surface_1/Surface_008/MP_SEL_SUR_000902.jpg,none,0.0,,,0.0
aihub_raw/surface/Surface_1/Surface_008/MP_SEL_SUR_000903.jpg,none,0.0,,,0.0
aihub_raw/surface/Surface_1/Surface_008/MP_SEL_SUR_000904.jpg,none,0.0,,,0.0494
aihub_raw/surface/Surface_1/Surface_008/MP_SEL_SUR_000905.jpg,none,0.0,,,0.6578
aihub_raw/surface/Surface_1/Surface_008/MP_SEL_SUR_000906.jpg,none,0.0,,,0.0
aihub_raw/surface/Surface_1/Surface_008/MP_SEL_SUR_000907.jpg,none,0.0,,,0.8043
aihub_raw/surface/Surface_1/Surface_008/MP_SEL_SUR_000908.jpg,none_far,0.0028,0.0,0.074,0.9495
aihub_raw/surface/Surface_1/Surface_008/MP_SEL_SUR_000909.jpg,none,0.0,,,0.7483
aihub_raw/surface/Surface_1/Surface_008/MP_SEL_SUR_000910.jpg,none,0.0,,,0.0
aihub_raw/surface/Surface_1/Surface_008/MP_SEL_SUR_000911.jpg,none,0.0,,,0.8673
aihub_raw/surface/Surface_1/Surface_008/MP_SEL_SUR_000912.jpg,none,0.0,,,0.0
aihub_raw/surface/Surface_1/Surface_008/MP_SEL_SUR_000913.jpg,none,0.0,,,0.249
aihub_raw/surface/Surface_1/Surface_008/MP_SEL_SUR_000914.jpg,none,0.0,,,1.0
aihub_raw/surface/Surface_1/Surface_008/MP_SEL_SUR_000915.jpg,none,0.0,,,0.7836
aihub_raw/surface/Surface_1/Surface_008/MP_SEL_SUR_000916.jpg,none,0.0,,,0.8606
aihub_raw/surface/Surface_1/Surface_008/MP_SEL_SUR_000917.jpg,none,0.0,,,0.7496
aihub_raw/surface/Surface_1/Surface_008/MP_SEL_SUR_000918.jpg,none,0.0,,,0.0
aihub_raw/surface/Surface_1/Surface_008/MP_SEL_SUR_000919.jpg,none,0.0,,,1.0
aihub_raw/surface/Surface_1/Surface_008/MP_SEL_SUR_000920.jpg,none,0.0,,,0.0074
aihub_raw/surface/Surface_1/Surface_008/MP_SEL_SUR_000921.jpg,none,0.0,,,0.974
aihub_raw/surface/Surface_1/Surface_008/MP_SEL_SUR_000922.jpg,none,0.0,,,0.8531
aihub_raw/surface/Surface_1/Surface_008/MP_SEL_SUR_000923.jpg,none,0.0,,,0.8122
aihub_raw/surface/Surface_1/Surface_008/MP_SEL_SUR_000924.jpg,none_far,0.0071,0.1,0.196,0.8822
aihub_raw/surface/Surface_1/Surface_008/MP_SEL_SUR_000925.jpg,none,0.0,,,0.8314
aihub_raw/surface/Surface_1/Surface_008/MP_SEL_SUR_000926.jpg,none,0.0,,,0.0
aihub_raw/surface/Surface_1/Surface_008/MP_SEL_SUR_000927.jpg,none,0.0,,,0.0
aihub_raw/surface/Surface_1/Surface_008/MP_SEL_SUR_000928.jpg,none,0.0,,,0.0
aihub_raw/surface/Surface_1/Surface_008/MP_SEL_SUR_000929.jpg,none,0.0,,,0.8271
aihub_raw/surface/Surface_1/Surface_008/MP_SEL_SUR_000930.jpg,none,0.0,,,0.8696
aihub_raw/surface/Surface_1/Surface_008/MP_SEL_SUR_000931.jpg,none,0.0,,,0.0
aihub_raw/surface/Surface_1/Surface_008/MP_SEL_SUR_000932.jpg,none,0.0,,,0.8874
aihub_raw/surface/Surface_1/Surface_008/MP_SEL_SUR_000933.jpg,none,0.0,,,0.9991
aihub_raw/surface/Surface_1/Surface_008/MP_SEL_SUR_000934.jpg,none,0.0,,,0.9466
aihub_raw/surface/Surface_1/Surface_008/MP_SEL_SUR_000935.jpg,none,0.0,,,0.6358
aihub_raw/surface/Surface_1/Surface_008/MP_SEL_SUR_000936.jpg,none,0.0,,,0.9586
aihub_raw/surface/Surface_1/Surface_008/MP_SEL_SUR_000937.jpg,none,0.0,,,0.6622
aihub_raw/surface/Surface_1/Surface_008/MP_SEL_SUR_000938.jpg,none,0.0,,,1.0
aihub_raw/surface/Surface_1/Surface_008/MP_SEL_SUR_000939.jpg,none,0.0,,,0.0
aihub_raw/surface/Surface_1/Surface_008/MP_SEL_SUR_000940.jpg,none,0.0,,,0.0
aihub_raw/surface/Surface_1/Surface_008/MP_SEL_SUR_000941.jpg,none_far,0.0195,0.0,0.052,0.9478
aihub_raw/surface/Surface_1/Surface_008/MP_SEL_SUR_000942.jpg,none,0.0,,,0.9209
aihub_raw/surface/Surface_1/Surface_008/MP_SEL_SUR_000943.jpg,none,0.0,,,0.5368
aihub_raw/surface/Surface_1/Surface_008/MP_SEL_SUR_000944.jpg,none,0.0,,,0.7736
aihub_raw/surface/Surface_1/Surface_008/MP_SEL_SUR_000945.jpg,none,0.0,,,0.0
aihub_raw/surface/Surface_1/Surface_008/MP_SEL_SUR_000946.jpg,none,0.0,,,0.9809
aihub_raw/surface/Surface_1/Surface_008/MP_SEL_SUR_000947.jpg,none,0.0,,,0.0
aihub_raw/surface/Surface_1/Surface_008/MP_SEL_SUR_000948.jpg,none,0.0,,,0.859
aihub_raw/surface/Surface_1/Surface_008/MP_SEL_SUR_000949.jpg,none,0.0,,,0.0
aihub_raw/surface/Surface_1/Surface_008/MP_SEL_SUR_000950.jpg,none,0.0,,,0.9532
aihub_raw/surface/Surface_1/Surface_008/MP_SEL_SUR_000951.jpg,none,0.0,,,0.0089
aihub_raw/surface/Surface_1/Surface_008/MP_SEL_SUR_000952.jpg,none_far,0.0649,0.056,0.219,0.7995
aihub_raw/surface/Surface_1/Surface_008/MP_SEL_SUR_000953.jpg,none,0.0,,,0.4868
aihub_raw/surface/Surface_1/Surface_008/MP_SEL_SUR_000954.jpg,none,0.0,,,0.0
aihub_raw/surface/Surface_1/Surface_008/MP_SEL_SUR_000955.jpg,none,0.0,,,0.9988
aihub_raw/surface/Surface_1/Surface_008/MP_SEL_SUR_000956.jpg,none,0.0,,,0.0
aihub_raw/surface/Surface_1/Surface_008/MP_SEL_SUR_000957.jpg,on,1.0,0.0,1.0,0.0
aihub_raw/surface/Surface_1/Surface_008/MP_SEL_SUR_000958.jpg,none,0.0,,,0.7175
aihub_raw/surface/Surface_1/Surface_008/MP_SEL_SUR_000959.jpg,none,0.0,,,0.9965
aihub_raw/surface/Surface_1/Surface_008/MP_SEL_SUR_000960.jpg,none,0.0,,,0.0
aihub_raw/surface/Surface_1/Surface_009/MP_SEL_SUR_000961.jpg,none,0.0,,,0.9698
aihub_raw/surface/Surface_1/Surface_009/MP_SEL_SUR_000962.jpg,none,0.0,,,0.8429
aihub_raw/surface/Surface_1/Surface_009/MP_SEL_SUR_000963.jpg,none,0.0,,,0.0
aihub_raw/surface/Surface_1/Surface_009/MP_SEL_SUR_000964.jpg,none,0.0,,,0.6939
aihub_raw/surface/Surface_1/Surface_009/MP_SEL_SUR_000965.jpg,none,0.0,,,0.7965
aihub_raw/surface/Surface_1/Surface_009/MP_SEL_SUR_000966.jpg,none,0.0,,,0.532
aihub_raw/surface/Surface_1/Surface_009/MP_SEL_SUR_000967.jpg,none,0.0,,,0.9557
aihub_raw/surface/Surface_1/Surface_009/MP_SEL_SUR_000968.jpg,none,0.0,,,0.0063
aihub_raw/surface/Surface_1/Surface_009/MP_SEL_SUR_000970.jpg,none,0.0,,,0.8771
aihub_raw/surface/Surface_1/Surface_009/MP_SEL_SUR_000971.jpg,none,0.0,,,0.9994
aihub_raw/surface/Surface_1/Surface_009/MP_SEL_SUR_000972.jpg,none,0.0,,,0.8872
aihub_raw/surface/Surface_1/Surface_009/MP_SEL_SUR_000973.jpg,none,0.0,,,0.9022
aihub_raw/surface/Surface_1/Surface_009/MP_SEL_SUR_000974.jpg,none,0.0,,,0.0
aihub_raw/surface/Surface_1/Surface_009/MP_SEL_SUR_000975.jpg,none,0.0,,,0.7949
aihub_raw/surface/Surface_1/Surface_009/MP_SEL_SUR_000976.jpg,none,0.0,,,0.4442
aihub_raw/surface/Surface_1/Surface_009/MP_SEL_SUR_000977.jpg,none,0.0,,,0.8778
aihub_raw/surface/Surface_1/Surface_009/MP_SEL_SUR_000978.jpg,none,0.0,,,1.0
aihub_raw/surface/Surface_1/Surface_009/MP_SEL_SUR_000979.jpg,none_far,0.0001,0.0,0.007,0.9669
aihub_raw/surface/Surface_1/Surface_009/MP_SEL_SUR_000980.jpg,none,0.0,,,0.8914
aihub_raw/surface/Surface_1/Surface_009/MP_SEL_SUR_000981.jpg,none,0.0,,,0.9096
aihub_raw/surface/Surface_1/Surface_009/MP_SEL_SUR_000983.jpg,none,0.0,,,0.0
aihub_raw/surface/Surface_1/Surface_009/MP_SEL_SUR_000984.jpg,none,0.0,,,0.0
aihub_raw/surface/Surface_1/Surface_009/MP_SEL_SUR_000985.jpg,none,0.0,,,0.7909
aihub_raw/surface/Surface_1/Surface_009/MP_SEL_SUR_000986.jpg,none,0.0,,,0.9975
aihub_raw/surface/Surface_1/Surface_009/MP_SEL_SUR_000987.jpg,none,0.0,,,1.0
aihub_raw/surface/Surface_1/Surface_009/MP_SEL_SUR_000988.jpg,none,0.0,,,0.8941
aihub_raw/surface/Surface_1/Surface_009/MP_SEL_SUR_000989.jpg,none,0.0,,,0.9542
aihub_raw/surface/Surface_1/Surface_009/MP_SEL_SUR_000990.jpg,none,0.0,,,0.8807
aihub_raw/surface/Surface_1/Surface_009/MP_SEL_SUR_000991.jpg,none,0.0,,,0.0
aihub_raw/surface/Surface_1/Surface_009/MP_SEL_SUR_000992.jpg,none,0.0,,,0.0193
aihub_raw/surface/Surface_1/Surface_009/MP_SEL_SUR_000993.jpg,none,0.0,,,0.947
aihub_raw/surface/Surface_1/Surface_009/MP_SEL_SUR_000994.jpg,none,0.0,,,0.9354
aihub_raw/surface/Surface_1/Surface_009/MP_SEL_SUR_000995.jpg,none,0.0,,,0.9723
aihub_raw/surface/Surface_1/Surface_009/MP_SEL_SUR_000996.jpg,none,0.0,,,0.8022
aihub_raw/surface/Surface_1/Surface_009/MP_SEL_SUR_000997.jpg,none,0.0,,,0.0
aihub_raw/surface/Surface_1/Surface_009/MP_SEL_SUR_000998.jpg,none,0.0,,,1.0
aihub_raw/surface/Surface_1/Surface_009/MP_SEL_SUR_000999.jpg,none,0.0,,,0.9864
aihub_raw/surface/Surface_1/Surface_009/MP_SEL_SUR_001000.jpg,none,0.0,,,0.9755
aihub_raw/surface/Surface_1/Surface_009/MP_SEL_SUR_001001.jpg,none,0.0,,,0.8052
aihub_raw/surface/Surface_1/Surface_009/MP_SEL_SUR_001002.jpg,none,0.0,,,0.8152
aihub_raw/surface/Surface_1/Surface_009/MP_SEL_SUR_001003.jpg,on,1.0,0.0,1.0,0.0
aihub_raw/surface/Surface_1/Surface_009/MP_SEL_SUR_001004.jpg,none,0.0,,,0.906
aihub_raw/surface/Surface_1/Surface_009/MP_SEL_SUR_001005.jpg,none,0.0,,,0.0
aihub_raw/surface/Surface_1/Surface_009/MP_SEL_SUR_001006.jpg,none,0.0,,,0.0
aihub_raw/surface/Surface_1/Surface_009/MP_SEL_SUR_001007.jpg,none,0.0,,,0.0
aihub_raw/surface/Surface_1/Surface_009/MP_SEL_SUR_001008.jpg,none,0.0,,,0.801
aihub_raw/surface/Surface_1/Surface_009/MP_SEL_SUR_001009.jpg,none,0.0,,,0.0
aihub_raw/surface/Surface_1/Surface_009/MP_SEL_SUR_001010.jpg,none,0.0,,,0.9978
aihub_raw/surface/Surface_1/Surface_009/MP_SEL_SUR_001011.jpg,on,0.7385,0.256,1.0,0.2018
aihub_raw/surface/Surface_1/Surface_009/MP_SEL_SUR_001012.jpg,none,0.0,,,0.9768
aihub_raw/surface/Surface_1/Surface_009/MP_SEL_SUR_001013.jpg,none,0.0,,,0.9841
aihub_raw/surface/Surface_1/Surface_009/MP_SEL_SUR_001014.jpg,none,0.0,,,0.768
aihub_raw/surface/Surface_1/Surface_009/MP_SEL_SUR_001015.jpg,none,0.0,,,0.1719
aihub_raw/surface/Surface_1/Surface_009/MP_SEL_SUR_001016.jpg,none,0.0,,,0.7313
aihub_raw/surface/Surface_1/Surface_009/MP_SEL_SUR_001017.jpg,none,0.0,,,0.6315
aihub_raw/surface/Surface_1/Surface_009/MP_SEL_SUR_001018.jpg,none,0.0,,,0.0
aihub_raw/surface/Surface_1/Surface_009/MP_SEL_SUR_001019.jpg,none,0.0,,,0.9323
aihub_raw/surface/Surface_1/Surface_009/MP_SEL_SUR_001020.jpg,none,0.0,,,0.8461
aihub_raw/surface/Surface_1/Surface_009/MP_SEL_SUR_001021.jpg,none,0.0,,,0.9694
aihub_raw/surface/Surface_1/Surface_009/MP_SEL_SUR_001022.jpg,none,0.0,,,0.0
aihub_raw/surface/Surface_1/Surface_009/MP_SEL_SUR_001023.jpg,none,0.0,,,0.4313
aihub_raw/surface/Surface_1/Surface_009/MP_SEL_SUR_001024.jpg,none,0.0,,,0.1099
aihub_raw/surface/Surface_1/Surface_009/MP_SEL_SUR_001025.jpg,none,0.0,,,0.9785
aihub_raw/surface/Surface_1/Surface_009/MP_SEL_SUR_001026.jpg,none,0.0,,,0.8679
aihub_raw/surface/Surface_1/Surface_009/MP_SEL_SUR_001027.jpg,none,0.0,,,0.9677
aihub_raw/surface/Surface_1/Surface_009/MP_SEL_SUR_001028.jpg,none,0.0,,,0.0887
aihub_raw/surface/Surface_1/Surface_009/MP_SEL_SUR_001029.jpg,none,0.0,,,0.8435
aihub_raw/surface/Surface_1/Surface_009/MP_SEL_SUR_001030.jpg,none,0.0,,,0.7272
aihub_raw/surface/Surface_1/Surface_009/MP_SEL_SUR_001031.jpg,none,0.0,,,0.0062
aihub_raw/surface/Surface_1/Surface_009/MP_SEL_SUR_001032.jpg,none,0.0,,,0.9615
aihub_raw/surface/Surface_1/Surface_009/MP_SEL_SUR_001033.jpg,none,0.0,,,0.1606
aihub_raw/surface/Surface_1/Surface_009/MP_SEL_SUR_001034.jpg,none,0.0,,,0.8456
aihub_raw/surface/Surface_1/Surface_009/MP_SEL_SUR_001035.jpg,none,0.0,,,0.9092
aihub_raw/surface/Surface_1/Surface_009/MP_SEL_SUR_001036.jpg,none,0.0,,,0.7073
aihub_raw/surface/Surface_1/Surface_009/MP_SEL_SUR_001037.jpg,none_far,0.0001,0.0,0.011,0.9463
aihub_raw/surface/Surface_1/Surface_009/MP_SEL_SUR_001038.jpg,none,0.0,,,0.7865
aihub_raw/surface/Surface_1/Surface_009/MP_SEL_SUR_001039.jpg,none,0.0,,,0.0
aihub_raw/surface/Surface_1/Surface_009/MP_SEL_SUR_001040.jpg,none,0.0,,,0.9405
aihub_raw/surface/Surface_1/Surface_009/MP_SEL_SUR_001041.jpg,none,0.0,,,0.7634
aihub_raw/surface/Surface_1/Surface_009/MP_SEL_SUR_001042.jpg,none,0.0,,,0.8895
aihub_raw/surface/Surface_1/Surface_009/MP_SEL_SUR_001043.jpg,none,0.0,,,0.6987
aihub_raw/surface/Surface_1/Surface_009/MP_SEL_SUR_001044.jpg,none,0.0,,,0.9357
aihub_raw/surface/Surface_1/Surface_009/MP_SEL_SUR_001045.jpg,none,0.0,,,0.9141
aihub_raw/surface/Surface_1/Surface_009/MP_SEL_SUR_001046.jpg,none,0.0,,,0.8932
aihub_raw/surface/Surface_1/Surface_009/MP_SEL_SUR_001047.jpg,none,0.0,,,0.0
aihub_raw/surface/Surface_1/Surface_009/MP_SEL_SUR_001048.jpg,none,0.0,,,0.0
aihub_raw/surface/Surface_1/Surface_009/MP_SEL_SUR_001049.jpg,none,0.0,,,0.5273
aihub_raw/surface/Surface_1/Surface_009/MP_SEL_SUR_001050.jpg,none_far,0.0352,0.0,0.126,0.9454
aihub_raw/surface/Surface_1/Surface_009/MP_SEL_SUR_001051.jpg,none_far,0.0036,0.0,0.081,0.3294
aihub_raw/surface/Surface_1/Surface_009/MP_SEL_SUR_001052.jpg,none,0.0,,,0.9746
aihub_raw/surface/Surface_1/Surface_009/MP_SEL_SUR_001053.jpg,none,0.0,,,0.9806
aihub_raw/surface/Surface_1/Surface_009/MP_SEL_SUR_001054.jpg,none,0.0,,,0.0
aihub_raw/surface/Surface_1/Surface_009/MP_SEL_SUR_001055.jpg,none,0.0,,,0.8177
aihub_raw/surface/Surface_1/Surface_009/MP_SEL_SUR_001056.jpg,none,0.0,,,0.9826
aihub_raw/surface/Surface_1/Surface_009/MP_SEL_SUR_001057.jpg,none,0.0,,,0.7909
aihub_raw/surface/Surface_1/Surface_009/MP_SEL_SUR_001058.jpg,none,0.0,,,0.5818
aihub_raw/surface/Surface_1/Surface_009/MP_SEL_SUR_001059.jpg,none,0.0,,,0.9458
aihub_raw/surface/Surface_1/Surface_009/MP_SEL_SUR_001060.jpg,none,0.0,,,0.0
aihub_raw/surface/Surface_1/Surface_009/MP_SEL_SUR_001061.jpg,none,0.0,,,0.0
aihub_raw/surface/Surface_1/Surface_009/MP_SEL_SUR_001062.jpg,none,0.0,,,0.0
aihub_raw/surface/Surface_1/Surface_009/MP_SEL_SUR_001063.jpg,none,0.0,,,0.0
aihub_raw/surface/Surface_1/Surface_009/MP_SEL_SUR_001064.jpg,none,0.0,,,0.8604
aihub_raw/surface/Surface_1/Surface_009/MP_SEL_SUR_001065.jpg,none_far,0.0124,0.0,0.07,0.5451
aihub_raw/surface/Surface_1/Surface_009/MP_SEL_SUR_001066.jpg,none,0.0,,,0.8302
aihub_raw/surface/Surface_1/Surface_009/MP_SEL_SUR_001067.jpg,none,0.0,,,0.8819
aihub_raw/surface/Surface_1/Surface_009/MP_SEL_SUR_001068.jpg,none,0.0,,,0.9834
aihub_raw/surface/Surface_1/Surface_009/MP_SEL_SUR_001069.jpg,none,0.0,,,0.8551
aihub_raw/surface/Surface_1/Surface_009/MP_SEL_SUR_001070.jpg,none,0.0,,,0.2478
aihub_raw/surface/Surface_1/Surface_009/MP_SEL_SUR_001071.jpg,none,0.0,,,1.0
aihub_raw/surface/Surface_1/Surface_009/MP_SEL_SUR_001072.jpg,none,0.0,,,0.9152
aihub_raw/surface/Surface_1/Surface_009/MP_SEL_SUR_001073.jpg,none,0.0,,,0.7797
aihub_raw/surface/Surface_1/Surface_009/MP_SEL_SUR_001074.jpg,none,0.0,,,0.8924
aihub_raw/surface/Surface_1/Surface_009/MP_SEL_SUR_001075.jpg,none,0.0,,,0.0012
aihub_raw/surface/Surface_1/Surface_009/MP_SEL_SUR_001076.jpg,none,0.0,,,0.963
aihub_raw/surface/Surface_1/Surface_009/MP_SEL_SUR_001077.jpg,none,0.0,,,0.6928
aihub_raw/surface/Surface_1/Surface_009/MP_SEL_SUR_001078.jpg,none_far,0.1371,0.0,0.178,0.8221
aihub_raw/surface/Surface_1/Surface_009/MP_SEL_SUR_001079.jpg,none,0.0,,,0.3393
aihub_raw/surface/Surface_1/Surface_009/MP_SEL_SUR_001080.jpg,none,0.0,,,0.2518
aihub_raw/surface/Surface_1/Surface_010/MP_SEL_SUR_001081.jpg,none,0.0,,,0.6556
aihub_raw/surface/Surface_1/Surface_010/MP_SEL_SUR_001082.jpg,none,0.0,,,0.0
aihub_raw/surface/Surface_1/Surface_010/MP_SEL_SUR_001083.jpg,none,0.0,,,0.8441
aihub_raw/surface/Surface_1/Surface_010/MP_SEL_SUR_001084.jpg,none,0.0,,,0.7821
aihub_raw/surface/Surface_1/Surface_010/MP_SEL_SUR_001085.jpg,none,0.0,,,0.9963
aihub_raw/surface/Surface_1/Surface_010/MP_SEL_SUR_001086.jpg,on,0.8421,0.0,1.0,0.1604
aihub_raw/surface/Surface_1/Surface_010/MP_SEL_SUR_001087.jpg,none_far,0.0004,0.011,0.044,0.2925
aihub_raw/surface/Surface_1/Surface_010/MP_SEL_SUR_001088.jpg,none,0.0,,,0.0712
aihub_raw/surface/Surface_1/Surface_010/MP_SEL_SUR_001089.jpg,none,0.0,,,0.0
aihub_raw/surface/Surface_1/Surface_010/MP_SEL_SUR_001090.jpg,none,0.0,,,0.917
aihub_raw/surface/Surface_1/Surface_010/MP_SEL_SUR_001091.jpg,none,0.0,,,0.8215
aihub_raw/surface/Surface_1/Surface_010/MP_SEL_SUR_001092.jpg,none,0.0,,,0.9684
aihub_raw/surface/Surface_1/Surface_010/MP_SEL_SUR_001093.jpg,approach,0.4809,0.0,0.6,0.4494
aihub_raw/surface/Surface_1/Surface_010/MP_SEL_SUR_001094.jpg,none,0.0,,,0.0
aihub_raw/surface/Surface_1/Surface_010/MP_SEL_SUR_001096.jpg,none,0.0,,,0.0
aihub_raw/surface/Surface_1/Surface_010/MP_SEL_SUR_001097.jpg,none,0.0,,,0.0
aihub_raw/surface/Surface_1/Surface_010/MP_SEL_SUR_001098.jpg,none,0.0,,,0.0
aihub_raw/surface/Surface_1/Surface_010/MP_SEL_SUR_001099.jpg,none,0.0,,,0.8667
aihub_raw/surface/Surface_1/Surface_010/MP_SEL_SUR_001100.jpg,none,0.0,,,0.9273
aihub_raw/surface/Surface_1/Surface_010/MP_SEL_SUR_001101.jpg,none,0.0,,,0.9937
aihub_raw/surface/Surface_1/Surface_010/MP_SEL_SUR_001102.jpg,none,0.0,,,0.9076
aihub_raw/surface/Surface_1/Surface_010/MP_SEL_SUR_001104.jpg,none,0.0,,,0.6097
aihub_raw/surface/Surface_1/Surface_010/MP_SEL_SUR_001105.jpg,none,0.0,,,0.7898
aihub_raw/surface/Surface_1/Surface_010/MP_SEL_SUR_001106.jpg,none,0.0,,,0.0
aihub_raw/surface/Surface_1/Surface_010/MP_SEL_SUR_001107.jpg,none,0.0,,,0.942
aihub_raw/surface/Surface_1/Surface_010/MP_SEL_SUR_001108.jpg,none,0.0,,,0.0
aihub_raw/surface/Surface_1/Surface_010/MP_SEL_SUR_001110.jpg,none,0.0,,,1.0
aihub_raw/surface/Surface_1/Surface_010/MP_SEL_SUR_001111.jpg,none,0.0,,,0.9883
aihub_raw/surface/Surface_1/Surface_010/MP_SEL_SUR_001112.jpg,none,0.0,,,0.6345
aihub_raw/surface/Surface_1/Surface_010/MP_SEL_SUR_001113.jpg,none,0.0,,,0.0
aihub_raw/surface/Surface_1/Surface_010/MP_SEL_SUR_001114.jpg,none,0.0,,,0.5923
aihub_raw/surface/Surface_1/Surface_010/MP_SEL_SUR_001115.jpg,none,0.0,,,0.9682
aihub_raw/surface/Surface_1/Surface_010/MP_SEL_SUR_001116.jpg,none,0.0,,,0.3254
aihub_raw/surface/Surface_1/Surface_010/MP_SEL_SUR_001117.jpg,none,0.0,,,0.485
aihub_raw/surface/Surface_1/Surface_010/MP_SEL_SUR_001118.jpg,none,0.0,,,0.0
aihub_raw/surface/Surface_1/Surface_010/MP_SEL_SUR_001119.jpg,none,0.0,,,0.8533
aihub_raw/surface/Surface_1/Surface_010/MP_SEL_SUR_001120.jpg,none,0.0,,,0.7799
aihub_raw/surface/Surface_1/Surface_010/MP_SEL_SUR_001121.jpg,none,0.0,,,0.0
aihub_raw/surface/Surface_1/Surface_010/MP_SEL_SUR_001122.jpg,none,0.0,,,0.0
aihub_raw/surface/Surface_1/Surface_010/MP_SEL_SUR_001123.jpg,none,0.0,,,0.942
aihub_raw/surface/Surface_1/Surface_010/MP_SEL_SUR_001124.jpg,none,0.0,,,0.0
aihub_raw/surface/Surface_1/Surface_010/MP_SEL_SUR_001125.jpg,none,0.0,,,0.8864
aihub_raw/surface/Surface_1/Surface_010/MP_SEL_SUR_001126.jpg,none,0.0,,,0.0
aihub_raw/surface/Surface_1/Surface_010/MP_SEL_SUR_001127.jpg,none,0.0,,,0.0
aihub_raw/surface/Surface_1/Surface_010/MP_SEL_SUR_001128.jpg,none,0.0,,,0.0
aihub_raw/surface/Surface_1/Surface_010/MP_SEL_SUR_001129.jpg,none,0.0,,,0.9681
aihub_raw/surface/Surface_1/Surface_010/MP_SEL_SUR_001130.jpg,none,0.0,,,0.8475
aihub_raw/surface/Surface_1/Surface_010/MP_SEL_SUR_001131.jpg,none,0.0,,,0.7685
aihub_raw/surface/Surface_1/Surface_010/MP_SEL_SUR_001132.jpg,none,0.0,,,0.8903
aihub_raw/surface/Surface_1/Surface_010/MP_SEL_SUR_001133.jpg,none,0.0,,,0.9994
aihub_raw/surface/Surface_1/Surface_010/MP_SEL_SUR_001134.jpg,none,0.0,,,0.9566
aihub_raw/surface/Surface_1/Surface_010/MP_SEL_SUR_001135.jpg,none,0.0,,,0.9704
aihub_raw/surface/Surface_1/Surface_010/MP_SEL_SUR_001136.jpg,none,0.0,,,0.0
aihub_raw/surface/Surface_1/Surface_010/MP_SEL_SUR_001137.jpg,none,0.0,,,0.2505
aihub_raw/surface/Surface_1/Surface_010/MP_SEL_SUR_001138.jpg,none_far,0.0201,0.0,0.07,0.9577
aihub_raw/surface/Surface_1/Surface_010/MP_SEL_SUR_001139.jpg,none,0.0,,,0.762
aihub_raw/surface/Surface_1/Surface_010/MP_SEL_SUR_001140.jpg,on,0.7412,0.215,1.0,0.2273
aihub_raw/surface/Surface_1/Surface_010/MP_SEL_SUR_001141.jpg,none,0.0,,,0.3233
aihub_raw/surface/Surface_1/Surface_010/MP_SEL_SUR_001142.jpg,none,0.0,,,0.935
aihub_raw/surface/Surface_1/Surface_010/MP_SEL_SUR_001144.jpg,approach,0.5851,0.1,0.741,0.2989
aihub_raw/surface/Surface_1/Surface_010/MP_SEL_SUR_001145.jpg,none,0.0,,,0.0428
aihub_raw/surface/Surface_1/Surface_010/MP_SEL_SUR_001146.jpg,none,0.0,,,0.0
aihub_raw/surface/Surface_1/Surface_010/MP_SEL_SUR_001147.jpg,none,0.0,,,0.9065
aihub_raw/surface/Surface_1/Surface_010/MP_SEL_SUR_001148.jpg,none,0.0,,,0.8933
aihub_raw/surface/Surface_1/Surface_010/MP_SEL_SUR_001149.jpg,none,0.0,,,0.8979
aihub_raw/surface/Surface_1/Surface_010/MP_SEL_SUR_001150.jpg,none,0.0,,,0.9962
aihub_raw/surface/Surface_1/Surface_010/MP_SEL_SUR_001151.jpg,none,0.0,,,0.8473
aihub_raw/surface/Surface_1/Surface_010/MP_SEL_SUR_001152.jpg,none,0.0,,,0.0
aihub_raw/surface/Surface_1/Surface_010/MP_SEL_SUR_001153.jpg,none_far,0.0079,0.0,0.033,0.8863
aihub_raw/surface/Surface_1/Surface_010/MP_SEL_SUR_001154.jpg,none,0.0,,,0.9946
aihub_raw/surface/Surface_1/Surface_010/MP_SEL_SUR_001155.jpg,none,0.0,,,0.4225
aihub_raw/surface/Surface_1/Surface_010/MP_SEL_SUR_001156.jpg,none,0.0,,,0.0
aihub_raw/surface/Surface_1/Surface_010/MP_SEL_SUR_001157.jpg,none,0.0,,,0.0
aihub_raw/surface/Surface_1/Surface_010/MP_SEL_SUR_001158.jpg,none,0.0,,,0.7941
aihub_raw/surface/Surface_1/Surface_010/MP_SEL_SUR_001159.jpg,none,0.0,,,0.8263
aihub_raw/surface/Surface_1/Surface_010/MP_SEL_SUR_001160.jpg,none,0.0,,,0.0
aihub_raw/surface/Surface_1/Surface_010/MP_SEL_SUR_001161.jpg,none,0.0,,,0.0
aihub_raw/surface/Surface_1/Surface_010/MP_SEL_SUR_001162.jpg,none,0.0,,,0.9187
aihub_raw/surface/Surface_1/Surface_010/MP_SEL_SUR_001163.jpg,on,0.991,0.0,1.0,0.0
aihub_raw/surface/Surface_1/Surface_010/MP_SEL_SUR_001164.jpg,none,0.0,,,0.9038
aihub_raw/surface/Surface_1/Surface_010/MP_SEL_SUR_001165.jpg,none,0.0,,,0.5375
aihub_raw/surface/Surface_1/Surface_010/MP_SEL_SUR_001166.jpg,none,0.0,,,1.0
aihub_raw/surface/Surface_1/Surface_010/MP_SEL_SUR_001167.jpg,none,0.0,,,0.0
aihub_raw/surface/Surface_1/Surface_010/MP_SEL_SUR_001168.jpg,none_far,0.5377,0.0,0.556,0.4628
aihub_raw/surface/Surface_1/Surface_010/MP_SEL_SUR_001170.jpg,none,0.0,,,0.8791
aihub_raw/surface/Surface_1/Surface_010/MP_SEL_SUR_001172.jpg,none,0.0,,,0.9825
aihub_raw/surface/Surface_1/Surface_010/MP_SEL_SUR_001173.jpg,none,0.0,,,0.7792
aihub_raw/surface/Surface_1/Surface_010/MP_SEL_SUR_001175.jpg,none_far,0.0934,0.0,0.215,0.7921
aihub_raw/surface/Surface_1/Surface_010/MP_SEL_SUR_001176.jpg,none,0.0,,,0.0
aihub_raw/surface/Surface_1/Surface_010/MP_SEL_SUR_001177.jpg,none,0.0,,,0.9019
aihub_raw/surface/Surface_1/Surface_010/MP_SEL_SUR_001178.jpg,none,0.0,,,0.9324
aihub_raw/surface/Surface_1/Surface_010/MP_SEL_SUR_001179.jpg,none,0.0,,,0.0
aihub_raw/surface/Surface_1/Surface_010/MP_SEL_SUR_001180.jpg,none,0.0,,,0.0
aihub_raw/surface/Surface_1/Surface_010/MP_SEL_SUR_001181.jpg,on,0.8362,0.148,1.0,0.1596
aihub_raw/surface/Surface_1/Surface_010/MP_SEL_SUR_001182.jpg,none,0.0,,,0.8422
aihub_raw/surface/Surface_1/Surface_010/MP_SEL_SUR_001183.jpg,none,0.0,,,0.43
aihub_raw/surface/Surface_1/Surface_010/MP_SEL_SUR_001184.jpg,none,0.0,,,0.7792
aihub_raw/surface/Surface_1/Surface_010/MP_SEL_SUR_001185.jpg,none,0.0,,,1.0
aihub_raw/surface/Surface_1/Surface_010/MP_SEL_SUR_001186.jpg,none,0.0,,,0.945
aihub_raw/surface/Surface_1/Surface_010/MP_SEL_SUR_001187.jpg,none,0.0,,,0.9327
aihub_raw/surface/Surface_1/Surface_010/MP_SEL_SUR_001189.jpg,none,0.0,,,0.9565
aihub_raw/surface/Surface_1/Surface_010/MP_SEL_SUR_001190.jpg,none,0.0,,,0.6607
aihub_raw/surface/Surface_1/Surface_010/MP_SEL_SUR_001191.jpg,none,0.0,,,0.0
aihub_raw/surface/Surface_1/Surface_010/MP_SEL_SUR_001192.jpg,none,0.0,,,0.0
aihub_raw/surface/Surface_1/Surface_010/MP_SEL_SUR_001193.jpg,none,0.0,,,0.9999
aihub_raw/surface/Surface_1/Surface_010/MP_SEL_SUR_001194.jpg,none,0.0,,,0.9084
aihub_raw/surface/Surface_1/Surface_010/MP_SEL_SUR_001195.jpg,none,0.0,,,0.0
aihub_raw/surface/Surface_1/Surface_010/MP_SEL_SUR_001196.jpg,none,0.0,,,0.0
aihub_raw/surface/Surface_1/Surface_010/MP_SEL_SUR_001197.jpg,none,0.0,,,0.0
aihub_raw/surface/Surface_1/Surface_010/MP_SEL_SUR_001198.jpg,none,0.0,,,0.0
aihub_raw/surface/Surface_1/Surface_010/MP_SEL_SUR_001199.jpg,none,0.0,,,0.9506
aihub_raw/surface/Surface_1/Surface_010/MP_SEL_SUR_001200.jpg,none,0.0,,,0.0
aihub_raw/surface/Surface_1/Surface_011/MP_SEL_SUR_001201.jpg,none,0.0,,,0.9787
aihub_raw/surface/Surface_1/Surface_011/MP_SEL_SUR_001202.jpg,none,0.0,,,0.9516
aihub_raw/surface/Surface_1/Surface_011/MP_SEL_SUR_001203.jpg,none,0.0,,,1.0
aihub_raw/surface/Surface_1/Surface_011/MP_SEL_SUR_001204.jpg,on,1.0,0.0,1.0,0.0
aihub_raw/surface/Surface_1/Surface_011/MP_SEL_SUR_001205.jpg,none,0.0,,,0.9918
aihub_raw/surface/Surface_1/Surface_011/MP_SEL_SUR_001206.jpg,none,0.0,,,0.0
aihub_raw/surface/Surface_1/Surface_011/MP_SEL_SUR_001207.jpg,none,0.0,,,0.9739
aihub_raw/surface/Surface_1/Surface_011/MP_SEL_SUR_001208.jpg,none,0.0,,,0.8434
aihub_raw/surface/Surface_1/Surface_011/MP_SEL_SUR_001209.jpg,none,0.0,,,0.0
aihub_raw/surface/Surface_1/Surface_011/MP_SEL_SUR_001210.jpg,none,0.0,,,0.9997
aihub_raw/surface/Surface_1/Surface_011/MP_SEL_SUR_001211.jpg,none,0.0,,,0.8984
aihub_raw/surface/Surface_1/Surface_011/MP_SEL_SUR_001212.jpg,none,0.0,,,0.0
aihub_raw/surface/Surface_1/Surface_011/MP_SEL_SUR_001213.jpg,none,0.0,,,0.8863
aihub_raw/surface/Surface_1/Surface_011/MP_SEL_SUR_001214.jpg,none,0.0,,,0.0
aihub_raw/surface/Surface_1/Surface_011/MP_SEL_SUR_001215.jpg,none,0.0,,,0.0
aihub_raw/surface/Surface_1/Surface_011/MP_SEL_SUR_001217.jpg,none,0.0,,,0.0
aihub_raw/surface/Surface_1/Surface_011/MP_SEL_SUR_001218.jpg,none,0.0,,,0.8076
aihub_raw/surface/Surface_1/Surface_011/MP_SEL_SUR_001219.jpg,none,0.0,,,0.0
aihub_raw/surface/Surface_1/Surface_011/MP_SEL_SUR_001220.jpg,none,0.0,,,0.7105
aihub_raw/surface/Surface_1/Surface_011/MP_SEL_SUR_001221.jpg,none,0.0,,,0.9388
aihub_raw/surface/Surface_1/Surface_011/MP_SEL_SUR_001222.jpg,none,0.0,,,0.0
aihub_raw/surface/Surface_1/Surface_011/MP_SEL_SUR_001223.jpg,none,0.0,,,1.0
aihub_raw/surface/Surface_1/Surface_011/MP_SEL_SUR_001224.jpg,crossed,0.4185,0.578,1.0,0.4846
aihub_raw/surface/Surface_1/Surface_011/MP_SEL_SUR_001225.jpg,none,0.0,,,1.0
aihub_raw/surface/Surface_1/Surface_011/MP_SEL_SUR_001226.jpg,none,0.0,,,0.9893
aihub_raw/surface/Surface_1/Surface_011/MP_SEL_SUR_001227.jpg,none,0.0,,,0.9401
aihub_raw/surface/Surface_1/Surface_011/MP_SEL_SUR_001228.jpg,none,0.0,,,0.994
aihub_raw/surface/Surface_1/Surface_011/MP_SEL_SUR_001229.jpg,none,0.0,,,1.0
aihub_raw/surface/Surface_1/Surface_011/MP_SEL_SUR_001230.jpg,none,0.0,,,0.7916
aihub_raw/surface/Surface_1/Surface_011/MP_SEL_SUR_001231.jpg,none,0.0,,,0.9621
aihub_raw/surface/Surface_1/Surface_011/MP_SEL_SUR_001232.jpg,none,0.0,,,0.0611
aihub_raw/surface/Surface_1/Surface_011/MP_SEL_SUR_001233.jpg,none,0.0,,,0.7109
aihub_raw/surface/Surface_1/Surface_011/MP_SEL_SUR_001234.jpg,none,0.0,,,0.9338
aihub_raw/surface/Surface_1/Surface_011/MP_SEL_SUR_001235.jpg,none,0.0,,,0.0
aihub_raw/surface/Surface_1/Surface_011/MP_SEL_SUR_001236.jpg,none,0.0,,,0.7901
aihub_raw/surface/Surface_1/Surface_011/MP_SEL_SUR_001237.jpg,none,0.0,,,0.0
aihub_raw/surface/Surface_1/Surface_011/MP_SEL_SUR_001238.jpg,none,0.0,,,0.9166
aihub_raw/surface/Surface_1/Surface_011/MP_SEL_SUR_001239.jpg,none,0.0,,,0.9058
aihub_raw/surface/Surface_1/Surface_011/MP_SEL_SUR_001240.jpg,none,0.0,,,0.7646
aihub_raw/surface/Surface_1/Surface_011/MP_SEL_SUR_001241.jpg,none,0.0,,,0.9997
aihub_raw/surface/Surface_1/Surface_011/MP_SEL_SUR_001242.jpg,none,0.0,,,0.9724
aihub_raw/surface/Surface_1/Surface_011/MP_SEL_SUR_001243.jpg,none_far,0.2341,0.0,0.359,0.7308
aihub_raw/surface/Surface_1/Surface_011/MP_SEL_SUR_001244.jpg,none,0.0,,,0.0
aihub_raw/surface/Surface_1/Surface_011/MP_SEL_SUR_001245.jpg,none,0.0,,,0.9996
aihub_raw/surface/Surface_1/Surface_011/MP_SEL_SUR_001246.jpg,none,0.0,,,0.7523
aihub_raw/surface/Surface_1/Surface_011/MP_SEL_SUR_001247.jpg,none,0.0,,,0.7905
aihub_raw/surface/Surface_1/Surface_011/MP_SEL_SUR_001248.jpg,none,0.0,,,0.8739
aihub_raw/surface/Surface_1/Surface_011/MP_SEL_SUR_001249.jpg,none,0.0,,,0.0
aihub_raw/surface/Surface_1/Surface_011/MP_SEL_SUR_001250.jpg,none,0.0,,,0.0
aihub_raw/surface/Surface_1/Surface_011/MP_SEL_SUR_001251.jpg,none,0.0,,,0.0
aihub_raw/surface/Surface_1/Surface_011/MP_SEL_SUR_001252.jpg,none,0.0,,,0.0
aihub_raw/surface/Surface_1/Surface_011/MP_SEL_SUR_001253.jpg,none,0.0,,,0.9618
aihub_raw/surface/Surface_1/Surface_011/MP_SEL_SUR_001254.jpg,none,0.0,,,0.5821
aihub_raw/surface/Surface_1/Surface_011/MP_SEL_SUR_001255.jpg,none_far,0.0078,0.0,0.037,0.7253
aihub_raw/surface/Surface_1/Surface_011/MP_SEL_SUR_001256.jpg,none,0.0,,,0.8483
aihub_raw/surface/Surface_1/Surface_011/MP_SEL_SUR_001257.jpg,none,0.0,,,0.462
aihub_raw/surface/Surface_1/Surface_011/MP_SEL_SUR_001258.jpg,none,0.0,,,0.9873
aihub_raw/surface/Surface_1/Surface_011/MP_SEL_SUR_001259.jpg,none,0.0,,,0.0
aihub_raw/surface/Surface_1/Surface_011/MP_SEL_SUR_001260.jpg,none,0.0,,,0.9599
aihub_raw/surface/Surface_1/Surface_011/MP_SEL_SUR_001261.jpg,none,0.0,,,0.9856
aihub_raw/surface/Surface_1/Surface_011/MP_SEL_SUR_001262.jpg,none,0.0,,,0.0
aihub_raw/surface/Surface_1/Surface_011/MP_SEL_SUR_001263.jpg,none,0.0,,,0.9615
aihub_raw/surface/Surface_1/Surface_011/MP_SEL_SUR_001264.jpg,none,0.0,,,0.9092
aihub_raw/surface/Surface_1/Surface_011/MP_SEL_SUR_001265.jpg,none,0.0,,,0.9583
aihub_raw/surface/Surface_1/Surface_011/MP_SEL_SUR_001266.jpg,none,0.0,,,0.8267
aihub_raw/surface/Surface_1/Surface_011/MP_SEL_SUR_001267.jpg,none,0.0,,,0.9479
aihub_raw/surface/Surface_1/Surface_011/MP_SEL_SUR_001268.jpg,none,0.0,,,0.9248
aihub_raw/surface/Surface_1/Surface_011/MP_SEL_SUR_001269.jpg,none,0.0,,,0.9221
aihub_raw/surface/Surface_1/Surface_011/MP_SEL_SUR_001270.jpg,none,0.0,,,0.8267
aihub_raw/surface/Surface_1/Surface_011/MP_SEL_SUR_001271.jpg,approach,0.5108,0.0,0.774,0.259
aihub_raw/surface/Surface_1/Surface_011/MP_SEL_SUR_001272.jpg,none,0.0,,,0.9867
aihub_raw/surface/Surface_1/Surface_011/MP_SEL_SUR_001273.jpg,none,0.0,,,0.8762
aihub_raw/surface/Surface_1/Surface_011/MP_SEL_SUR_001274.jpg,none,0.0,,,0.1261
aihub_raw/surface/Surface_1/Surface_011/MP_SEL_SUR_001275.jpg,none,0.0,,,0.0
aihub_raw/surface/Surface_1/Surface_011/MP_SEL_SUR_001276.jpg,none,0.0,,,0.9067
aihub_raw/surface/Surface_1/Surface_011/MP_SEL_SUR_001277.jpg,on,0.9352,0.004,1.0,0.0197
aihub_raw/surface/Surface_1/Surface_011/MP_SEL_SUR_001278.jpg,none,0.0,,,0.2474
aihub_raw/surface/Surface_1/Surface_011/MP_SEL_SUR_001279.jpg,none,0.0,,,0.8511
aihub_raw/surface/Surface_1/Surface_011/MP_SEL_SUR_001280.jpg,none,0.0,,,0.9995
aihub_raw/surface/Surface_1/Surface_011/MP_SEL_SUR_001281.jpg,none,0.0,,,0.9729
aihub_raw/surface/Surface_1/Surface_011/MP_SEL_SUR_001282.jpg,none,0.0,,,0.9807
aihub_raw/surface/Surface_1/Surface_011/MP_SEL_SUR_001284.jpg,none,0.0,,,0.0
aihub_raw/surface/Surface_1/Surface_011/MP_SEL_SUR_001285.jpg,none,0.0,,,0.9575
aihub_raw/surface/Surface_1/Surface_011/MP_SEL_SUR_001286.jpg,none,0.0,,,0.9992
aihub_raw/surface/Surface_1/Surface_011/MP_SEL_SUR_001287.jpg,crossed,0.3541,0.43,1.0,0.368
aihub_raw/surface/Surface_1/Surface_011/MP_SEL_SUR_001288.jpg,none,0.0,,,0.868
aihub_raw/surface/Surface_1/Surface_011/MP_SEL_SUR_001289.jpg,none,0.0,,,0.9547
aihub_raw/surface/Surface_1/Surface_011/MP_SEL_SUR_001290.jpg,none,0.0,,,0.0
aihub_raw/surface/Surface_1/Surface_011/MP_SEL_SUR_001291.jpg,none,0.0,,,0.9452
aihub_raw/surface/Surface_1/Surface_011/MP_SEL_SUR_001292.jpg,none,0.0,,,0.9495
aihub_raw/surface/Surface_1/Surface_011/MP_SEL_SUR_001293.jpg,none,0.0,,,0.0
aihub_raw/surface/Surface_1/Surface_011/MP_SEL_SUR_001294.jpg,none,0.0,,,0.0
aihub_raw/surface/Surface_1/Surface_011/MP_SEL_SUR_001295.jpg,none,0.0,,,0.8787
aihub_raw/surface/Surface_1/Surface_011/MP_SEL_SUR_001296.jpg,none,0.0,,,0.9615
aihub_raw/surface/Surface_1/Surface_011/MP_SEL_SUR_001297.jpg,none,0.0,,,0.0
aihub_raw/surface/Surface_1/Surface_011/MP_SEL_SUR_001298.jpg,none,0.0,,,0.9183
aihub_raw/surface/Surface_1/Surface_011/MP_SEL_SUR_001299.jpg,none,0.0,,,0.7439
aihub_raw/surface/Surface_1/Surface_011/MP_SEL_SUR_001300.jpg,none,0.0,,,0.9096
aihub_raw/surface/Surface_1/Surface_011/MP_SEL_SUR_001301.jpg,none,0.0,,,0.8849
aihub_raw/surface/Surface_1/Surface_011/MP_SEL_SUR_001302.jpg,none,0.0,,,0.8636
aihub_raw/surface/Surface_1/Surface_011/MP_SEL_SUR_001303.jpg,none,0.0,,,0.0
aihub_raw/surface/Surface_1/Surface_011/MP_SEL_SUR_001304.jpg,none,0.0,,,0.0
aihub_raw/surface/Surface_1/Surface_011/MP_SEL_SUR_001305.jpg,none,0.0,,,0.9655
aihub_raw/surface/Surface_1/Surface_011/MP_SEL_SUR_001306.jpg,none,0.0,,,0.7686
aihub_raw/surface/Surface_1/Surface_011/MP_SEL_SUR_001307.jpg,none,0.0,,,0.9234
aihub_raw/surface/Surface_1/Surface_011/MP_SEL_SUR_001308.jpg,none,0.0,,,0.0
aihub_raw/surface/Surface_1/Surface_011/MP_SEL_SUR_001309.jpg,none,0.0,,,0.9421
aihub_raw/surface/Surface_1/Surface_011/MP_SEL_SUR_001310.jpg,none,0.0,,,0.7873
aihub_raw/surface/Surface_1/Surface_011/MP_SEL_SUR_001311.jpg,none,0.0,,,0.984
aihub_raw/surface/Surface_1/Surface_011/MP_SEL_SUR_001312.jpg,none,0.0,,,0.8489
aihub_raw/surface/Surface_1/Surface_011/MP_SEL_SUR_001313.jpg,none,0.0,,,1.0
aihub_raw/surface/Surface_1/Surface_011/MP_SEL_SUR_001314.jpg,none,0.0,,,0.0
aihub_raw/surface/Surface_1/Surface_011/MP_SEL_SUR_001316.jpg,none,0.0,,,0.0
aihub_raw/surface/Surface_1/Surface_011/MP_SEL_SUR_001317.jpg,none,0.0,,,0.9397
aihub_raw/surface/Surface_1/Surface_011/MP_SEL_SUR_001318.jpg,none,0.0,,,0.0008
aihub_raw/surface/Surface_1/Surface_011/MP_SEL_SUR_001319.jpg,none_far,0.0023,0.0,0.026,0.7945
aihub_raw/surface/Surface_1/Surface_011/MP_SEL_SUR_001320.jpg,none,0.0,,,0.8373
aihub_raw/surface/Surface_1/Surface_012/MP_SEL_SUR_001321.jpg,none,0.0,,,1.0
aihub_raw/surface/Surface_1/Surface_012/MP_SEL_SUR_001322.jpg,none,0.0,,,0.9847
aihub_raw/surface/Surface_1/Surface_012/MP_SEL_SUR_001323.jpg,none,0.0,,,0.0
aihub_raw/surface/Surface_1/Surface_012/MP_SEL_SUR_001324.jpg,none,0.0,,,0.9965
aihub_raw/surface/Surface_1/Surface_012/MP_SEL_SUR_001325.jpg,none,0.0,,,0.0
aihub_raw/surface/Surface_1/Surface_012/MP_SEL_SUR_001326.jpg,none,0.0,,,0.8357
aihub_raw/surface/Surface_1/Surface_012/MP_SEL_SUR_001327.jpg,none_far,0.004,0.0,0.015,0.8033
aihub_raw/surface/Surface_1/Surface_012/MP_SEL_SUR_001328.jpg,none,0.0,,,0.8261
aihub_raw/surface/Surface_1/Surface_012/MP_SEL_SUR_001329.jpg,none,0.0,,,0.7964
aihub_raw/surface/Surface_1/Surface_012/MP_SEL_SUR_001330.jpg,none,0.0,,,0.5771
aihub_raw/surface/Surface_1/Surface_012/MP_SEL_SUR_001331.jpg,none,0.0,,,0.0
aihub_raw/surface/Surface_1/Surface_012/MP_SEL_SUR_001332.jpg,none,0.0,,,0.7949
aihub_raw/surface/Surface_1/Surface_012/MP_SEL_SUR_001333.jpg,none,0.0,,,0.9916
aihub_raw/surface/Surface_1/Surface_012/MP_SEL_SUR_001334.jpg,none,0.0,,,1.0
aihub_raw/surface/Surface_1/Surface_012/MP_SEL_SUR_001335.jpg,none,0.0,,,0.7974
aihub_raw/surface/Surface_1/Surface_012/MP_SEL_SUR_001336.jpg,none,0.0,,,0.0
aihub_raw/surface/Surface_1/Surface_012/MP_SEL_SUR_001337.jpg,none,0.0,,,0.9003
aihub_raw/surface/Surface_1/Surface_012/MP_SEL_SUR_001338.jpg,none,0.0,,,0.0
aihub_raw/surface/Surface_1/Surface_012/MP_SEL_SUR_001339.jpg,none,0.0,,,0.0
aihub_raw/surface/Surface_1/Surface_012/MP_SEL_SUR_001340.jpg,none,0.0,,,0.0
aihub_raw/surface/Surface_1/Surface_012/MP_SEL_SUR_001341.jpg,none,0.0,,,0.913
aihub_raw/surface/Surface_1/Surface_012/MP_SEL_SUR_001342.jpg,none,0.0,,,1.0
aihub_raw/surface/Surface_1/Surface_012/MP_SEL_SUR_001343.jpg,none_far,0.3328,0.0,0.596,0.5273
aihub_raw/surface/Surface_1/Surface_012/MP_SEL_SUR_001344.jpg,none,0.0,,,0.0
aihub_raw/surface/Surface_1/Surface_012/MP_SEL_SUR_001345.jpg,none,0.0,,,0.8284
aihub_raw/surface/Surface_1/Surface_012/MP_SEL_SUR_001346.jpg,none,0.0,,,0.9453
aihub_raw/surface/Surface_1/Surface_012/MP_SEL_SUR_001347.jpg,none,0.0,,,0.6903
aihub_raw/surface/Surface_1/Surface_012/MP_SEL_SUR_001348.jpg,none,0.0,,,0.9425
aihub_raw/surface/Surface_1/Surface_012/MP_SEL_SUR_001349.jpg,none,0.0,,,0.99
aihub_raw/surface/Surface_1/Surface_012/MP_SEL_SUR_001350.jpg,none,0.0,,,0.9963
aihub_raw/surface/Surface_1/Surface_012/MP_SEL_SUR_001351.jpg,none,0.0,,,0.756
aihub_raw/surface/Surface_1/Surface_012/MP_SEL_SUR_001352.jpg,none,0.0,,,0.0
aihub_raw/surface/Surface_1/Surface_012/MP_SEL_SUR_001353.jpg,none_far,0.0278,0.0,0.096,0.7934
aihub_raw/surface/Surface_1/Surface_012/MP_SEL_SUR_001354.jpg,none,0.0,,,0.9926
aihub_raw/surface/Surface_1/Surface_012/MP_SEL_SUR_001355.jpg,none,0.0,,,0.8691
aihub_raw/surface/Surface_1/Surface_012/MP_SEL_SUR_001356.jpg,none,0.0,,,1.0
aihub_raw/surface/Surface_1/Surface_012/MP_SEL_SUR_001357.jpg,none,0.0,,,0.0
aihub_raw/surface/Surface_1/Surface_012/MP_SEL_SUR_001358.jpg,none,0.0,,,0.6954
aihub_raw/surface/Surface_1/Surface_012/MP_SEL_SUR_001359.jpg,none,0.0,,,0.9829
aihub_raw/surface/Surface_1/Surface_012/MP_SEL_SUR_001360.jpg,none,0.0,,,0.0
aihub_raw/surface/Surface_1/Surface_012/MP_SEL_SUR_001361.jpg,none,0.0,,,0.0
aihub_raw/surface/Surface_1/Surface_012/MP_SEL_SUR_001362.jpg,none,0.0,,,0.7532
aihub_raw/surface/Surface_1/Surface_012/MP_SEL_SUR_001363.jpg,none,0.0,,,0.9998
aihub_raw/surface/Surface_1/Surface_012/MP_SEL_SUR_001364.jpg,none,0.0,,,0.0
aihub_raw/surface/Surface_1/Surface_012/MP_SEL_SUR_001365.jpg,none,0.0,,,0.9162
aihub_raw/surface/Surface_1/Surface_012/MP_SEL_SUR_001367.jpg,none,0.0,,,0.6886
aihub_raw/surface/Surface_1/Surface_012/MP_SEL_SUR_001368.jpg,on,0.6472,0.078,0.996,0.0786
aihub_raw/surface/Surface_1/Surface_012/MP_SEL_SUR_001369.jpg,none,0.0,,,0.0
aihub_raw/surface/Surface_1/Surface_012/MP_SEL_SUR_001370.jpg,none,0.0,,,0.8416
aihub_raw/surface/Surface_1/Surface_012/MP_SEL_SUR_001371.jpg,none,0.0,,,0.985
aihub_raw/surface/Surface_1/Surface_012/MP_SEL_SUR_001373.jpg,none,0.0,,,0.9576
aihub_raw/surface/Surface_1/Surface_012/MP_SEL_SUR_001374.jpg,none,0.0,,,0.0
aihub_raw/surface/Surface_1/Surface_012/MP_SEL_SUR_001375.jpg,none,0.0,,,0.9869
aihub_raw/surface/Surface_1/Surface_012/MP_SEL_SUR_001376.jpg,none,0.0,,,0.0
aihub_raw/surface/Surface_1/Surface_012/MP_SEL_SUR_001377.jpg,none,0.0,,,0.0
aihub_raw/surface/Surface_1/Surface_012/MP_SEL_SUR_001378.jpg,none,0.0,,,1.0
aihub_raw/surface/Surface_1/Surface_012/MP_SEL_SUR_001379.jpg,none,0.0,,,0.7005
aihub_raw/surface/Surface_1/Surface_012/MP_SEL_SUR_001380.jpg,none,0.0,,,0.9083
aihub_raw/surface/Surface_1/Surface_012/MP_SEL_SUR_001381.jpg,none,0.0,,,0.5785
aihub_raw/surface/Surface_1/Surface_012/MP_SEL_SUR_001382.jpg,none,0.0,,,0.0
aihub_raw/surface/Surface_1/Surface_012/MP_SEL_SUR_001383.jpg,none,0.0,,,0.7553
aihub_raw/surface/Surface_1/Surface_012/MP_SEL_SUR_001384.jpg,none,0.0,,,0.0
aihub_raw/surface/Surface_1/Surface_012/MP_SEL_SUR_001385.jpg,none,0.0,,,0.9484
aihub_raw/surface/Surface_1/Surface_012/MP_SEL_SUR_001386.jpg,none,0.0,,,0.8812
aihub_raw/surface/Surface_1/Surface_012/MP_SEL_SUR_001387.jpg,on,0.9504,0.0,1.0,0.01
aihub_raw/surface/Surface_1/Surface_012/MP_SEL_SUR_001388.jpg,none,0.0,,,0.0
aihub_raw/surface/Surface_1/Surface_012/MP_SEL_SUR_001389.jpg,none_far,0.0005,0.0,0.011,0.3721
aihub_raw/surface/Surface_1/Surface_012/MP_SEL_SUR_001390.jpg,none,0.0,,,0.8389
aihub_raw/surface/Surface_1/Surface_012/MP_SEL_SUR_001391.jpg,none,0.0,,,0.0
aihub_raw/surface/Surface_1/Surface_012/MP_SEL_SUR_001392.jpg,none,0.0,,,0.9771
aihub_raw/surface/Surface_1/Surface_012/MP_SEL_SUR_001393.jpg,none,0.0,,,0.4826
aihub_raw/surface/Surface_1/Surface_012/MP_SEL_SUR_001394.jpg,none,0.0,,,0.0
aihub_raw/surface/Surface_1/Surface_012/MP_SEL_SUR_001395.jpg,none,0.0,,,0.7337
aihub_raw/surface/Surface_1/Surface_012/MP_SEL_SUR_001396.jpg,none,0.0,,,0.822
aihub_raw/surface/Surface_1/Surface_012/MP_SEL_SUR_001397.jpg,none,0.0,,,0.0
aihub_raw/surface/Surface_1/Surface_012/MP_SEL_SUR_001398.jpg,none,0.0,,,0.8193
aihub_raw/surface/Surface_1/Surface_012/MP_SEL_SUR_001399.jpg,none,0.0,,,0.0
aihub_raw/surface/Surface_1/Surface_012/MP_SEL_SUR_001400.jpg,none,0.0,,,0.9973
aihub_raw/surface/Surface_1/Surface_012/MP_SEL_SUR_001401.jpg,none,0.0,,,0.661
aihub_raw/surface/Surface_1/Surface_012/MP_SEL_SUR_001402.jpg,none,0.0,,,0.0
aihub_raw/surface/Surface_1/Surface_012/MP_SEL_SUR_001403.jpg,none,0.0,,,0.8669
aihub_raw/surface/Surface_1/Surface_012/MP_SEL_SUR_001404.jpg,none,0.0,,,0.9496
aihub_raw/surface/Surface_1/Surface_012/MP_SEL_SUR_001405.jpg,none,0.0,,,0.8643
aihub_raw/surface/Surface_1/Surface_012/MP_SEL_SUR_001406.jpg,none,0.0,,,0.0
aihub_raw/surface/Surface_1/Surface_012/MP_SEL_SUR_001408.jpg,none,0.0,,,0.0
aihub_raw/surface/Surface_1/Surface_012/MP_SEL_SUR_001409.jpg,none,0.0,,,1.0
aihub_raw/surface/Surface_1/Surface_012/MP_SEL_SUR_001410.jpg,none,0.0,,,0.0394
aihub_raw/surface/Surface_1/Surface_012/MP_SEL_SUR_001411.jpg,none,0.0,,,0.0
aihub_raw/surface/Surface_1/Surface_012/MP_SEL_SUR_001412.jpg,none,0.0,,,0.9281
aihub_raw/surface/Surface_1/Surface_012/MP_SEL_SUR_001413.jpg,none,0.0,,,0.0
aihub_raw/surface/Surface_1/Surface_012/MP_SEL_SUR_001414.jpg,none_far,0.0315,0.107,0.311,0.6123
aihub_raw/surface/Surface_1/Surface_012/MP_SEL_SUR_001415.jpg,none,0.0,,,0.7359
aihub_raw/surface/Surface_1/Surface_012/MP_SEL_SUR_001416.jpg,none,0.0,,,0.9738
aihub_raw/surface/Surface_1/Surface_012/MP_SEL_SUR_001417.jpg,none,0.0,,,0.9629
aihub_raw/surface/Surface_1/Surface_012/MP_SEL_SUR_001418.jpg,none,0.0,,,0.0
aihub_raw/surface/Surface_1/Surface_012/MP_SEL_SUR_001419.jpg,none,0.0,,,0.8027
aihub_raw/surface/Surface_1/Surface_012/MP_SEL_SUR_001420.jpg,none,0.0,,,0.7373
aihub_raw/surface/Surface_1/Surface_012/MP_SEL_SUR_001421.jpg,none,0.0,,,0.9359
aihub_raw/surface/Surface_1/Surface_012/MP_SEL_SUR_001422.jpg,none,0.0,,,0.0
aihub_raw/surface/Surface_1/Surface_012/MP_SEL_SUR_001423.jpg,none,0.0,,,0.842
aihub_raw/surface/Surface_1/Surface_012/MP_SEL_SUR_001424.jpg,none,0.0,,,0.6105
aihub_raw/surface/Surface_1/Surface_012/MP_SEL_SUR_001425.jpg,none,0.0,,,0.8526
aihub_raw/surface/Surface_1/Surface_012/MP_SEL_SUR_001426.jpg,none,0.0,,,0.8983
aihub_raw/surface/Surface_1/Surface_012/MP_SEL_SUR_001427.jpg,none,0.0,,,0.0
aihub_raw/surface/Surface_1/Surface_012/MP_SEL_SUR_001428.jpg,none,0.0,,,0.8095
aihub_raw/surface/Surface_1/Surface_012/MP_SEL_SUR_001429.jpg,none,0.0,,,0.9338
aihub_raw/surface/Surface_1/Surface_012/MP_SEL_SUR_001430.jpg,none,0.0,,,0.8209
aihub_raw/surface/Surface_1/Surface_012/MP_SEL_SUR_001431.jpg,none,0.0,,,0.0146
aihub_raw/surface/Surface_1/Surface_012/MP_SEL_SUR_001432.jpg,none,0.0,,,0.9856
aihub_raw/surface/Surface_1/Surface_012/MP_SEL_SUR_001433.jpg,none,0.0,,,0.9251
aihub_raw/surface/Surface_1/Surface_012/MP_SEL_SUR_001434.jpg,none,0.0,,,0.6957
aihub_raw/surface/Surface_1/Surface_012/MP_SEL_SUR_001435.jpg,none,0.0,,,0.8841
aihub_raw/surface/Surface_1/Surface_012/MP_SEL_SUR_001436.jpg,none,0.0,,,0.0
aihub_raw/surface/Surface_1/Surface_012/MP_SEL_SUR_001437.jpg,none,0.0,,,0.9996
aihub_raw/surface/Surface_1/Surface_012/MP_SEL_SUR_001439.jpg,none,0.0,,,0.936
aihub_raw/surface/Surface_1/Surface_012/MP_SEL_SUR_001440.jpg,none,0.0,,,0.0
aihub_raw/surface/Surface_1/Surface_013/MP_SEL_SUR_001441.jpg,none,0.0,,,0.0
aihub_raw/surface/Surface_1/Surface_013/MP_SEL_SUR_001442.jpg,none,0.0,,,0.0116
aihub_raw/surface/Surface_1/Surface_013/MP_SEL_SUR_001443.jpg,none,0.0,,,0.8509
aihub_raw/surface/Surface_1/Surface_013/MP_SEL_SUR_001446.jpg,none,0.0,,,0.9913
aihub_raw/surface/Surface_1/Surface_013/MP_SEL_SUR_001447.jpg,none,0.0,,,0.7784
aihub_raw/surface/Surface_1/Surface_013/MP_SEL_SUR_001448.jpg,none,0.0,,,0.0
aihub_raw/surface/Surface_1/Surface_013/MP_SEL_SUR_001449.jpg,none,0.0,,,0.6318
aihub_raw/surface/Surface_1/Surface_013/MP_SEL_SUR_001450.jpg,none,0.0,,,0.8059
aihub_raw/surface/Surface_1/Surface_013/MP_SEL_SUR_001451.jpg,none,0.0,,,0.9425
aihub_raw/surface/Surface_1/Surface_013/MP_SEL_SUR_001452.jpg,none,0.0,,,0.9807
aihub_raw/surface/Surface_1/Surface_013/MP_SEL_SUR_001453.jpg,crossed,0.5001,0.43,1.0,0.4253
aihub_raw/surface/Surface_1/Surface_013/MP_SEL_SUR_001454.jpg,none,0.0,,,0.9867
aihub_raw/surface/Surface_1/Surface_013/MP_SEL_SUR_001455.jpg,none,0.0,,,0.0
aihub_raw/surface/Surface_1/Surface_013/MP_SEL_SUR_001456.jpg,none,0.0,,,0.9281
aihub_raw/surface/Surface_1/Surface_013/MP_SEL_SUR_001457.jpg,none_far,0.2491,0.0,0.504,0.6245
aihub_raw/surface/Surface_1/Surface_013/MP_SEL_SUR_001458.jpg,none_far,0.0008,0.0,0.041,0.9796
aihub_raw/surface/Surface_1/Surface_013/MP_SEL_SUR_001459.jpg,none,0.0,,,0.7878
aihub_raw/surface/Surface_1/Surface_013/MP_SEL_SUR_001460.jpg,none,0.0,,,0.948
aihub_raw/surface/Surface_1/Surface_013/MP_SEL_SUR_001461.jpg,none_far,0.0045,0.056,0.1,0.8862
aihub_raw/surface/Surface_1/Surface_013/MP_SEL_SUR_001462.jpg,none,0.0,,,0.9854
aihub_raw/surface/Surface_1/Surface_013/MP_SEL_SUR_001463.jpg,none,0.0,,,0.0242
aihub_raw/surface/Surface_1/Surface_013/MP_SEL_SUR_001464.jpg,none_far,0.0017,0.085,0.141,0.9425
aihub_raw/surface/Surface_1/Surface_013/MP_SEL_SUR_001465.jpg,none,0.0,,,0.7829
aihub_raw/surface/Surface_1/Surface_013/MP_SEL_SUR_001466.jpg,none,0.0,,,0.3936
aihub_raw/surface/Surface_1/Surface_013/MP_SEL_SUR_001467.jpg,none,0.0,,,0.8993
aihub_raw/surface/Surface_1/Surface_013/MP_SEL_SUR_001468.jpg,none,0.0,,,0.8502
aihub_raw/surface/Surface_1/Surface_013/MP_SEL_SUR_001469.jpg,none,0.0,,,0.9187
aihub_raw/surface/Surface_1/Surface_013/MP_SEL_SUR_001470.jpg,none,0.0,,,0.8728
aihub_raw/surface/Surface_1/Surface_013/MP_SEL_SUR_001471.jpg,none,0.0,,,0.0
aihub_raw/surface/Surface_1/Surface_013/MP_SEL_SUR_001472.jpg,none_far,0.2879,0.0,0.307,0.7045
aihub_raw/surface/Surface_1/Surface_013/MP_SEL_SUR_001473.jpg,none,0.0,,,0.8591
aihub_raw/surface/Surface_1/Surface_013/MP_SEL_SUR_001474.jpg,none,0.0,,,0.0627
aihub_raw/surface/Surface_1/Surface_013/MP_SEL_SUR_001475.jpg,none,0.0,,,0.8452
aihub_raw/surface/Surface_1/Surface_013/MP_SEL_SUR_001476.jpg,none,0.0,,,0.5654
aihub_raw/surface/Surface_1/Surface_013/MP_SEL_SUR_001477.jpg,none,0.0,,,1.0
aihub_raw/surface/Surface_1/Surface_013/MP_SEL_SUR_001478.jpg,none,0.0,,,0.0
aihub_raw/surface/Surface_1/Surface_013/MP_SEL_SUR_001479.jpg,none,0.0,,,0.0
aihub_raw/surface/Surface_1/Surface_013/MP_SEL_SUR_001480.jpg,none,0.0,,,0.7778
aihub_raw/surface/Surface_1/Surface_013/MP_SEL_SUR_001481.jpg,none,0.0,,,0.0
aihub_raw/surface/Surface_1/Surface_013/MP_SEL_SUR_001482.jpg,none,0.0,,,0.8504
aihub_raw/surface/Surface_1/Surface_013/MP_SEL_SUR_001484.jpg,none,0.0,,,0.8192
aihub_raw/surface/Surface_1/Surface_013/MP_SEL_SUR_001485.jpg,none,0.0,,,0.0
aihub_raw/surface/Surface_1/Surface_013/MP_SEL_SUR_001487.jpg,none,0.0,,,0.8591
aihub_raw/surface/Surface_1/Surface_013/MP_SEL_SUR_001488.jpg,none,0.0,,,0.8191
aihub_raw/surface/Surface_1/Surface_013/MP_SEL_SUR_001489.jpg,none,0.0,,,0.9287
aihub_raw/surface/Surface_1/Surface_013/MP_SEL_SUR_001490.jpg,none,0.0,,,0.9446
aihub_raw/surface/Surface_1/Surface_013/MP_SEL_SUR_001491.jpg,none,0.0,,,0.9281
aihub_raw/surface/Surface_1/Surface_013/MP_SEL_SUR_001492.jpg,on,0.9867,0.0,1.0,0.0146
aihub_raw/surface/Surface_1/Surface_013/MP_SEL_SUR_001494.jpg,none,0.0,,,0.9649
aihub_raw/surface/Surface_1/Surface_013/MP_SEL_SUR_001495.jpg,none,0.0,,,0.0
aihub_raw/surface/Surface_1/Surface_013/MP_SEL_SUR_001496.jpg,none,0.0,,,0.4336
aihub_raw/surface/Surface_1/Surface_013/MP_SEL_SUR_001497.jpg,none,0.0,,,0.0
aihub_raw/surface/Surface_1/Surface_013/MP_SEL_SUR_001498.jpg,none,0.0,,,0.9073
aihub_raw/surface/Surface_1/Surface_013/MP_SEL_SUR_001499.jpg,none,0.0,,,0.7582
aihub_raw/surface/Surface_1/Surface_013/MP_SEL_SUR_001500.jpg,none,0.0,,,0.8286
aihub_raw/surface/Surface_1/Surface_013/MP_SEL_SUR_001501.jpg,none,0.0,,,0.2875
aihub_raw/surface/Surface_1/Surface_013/MP_SEL_SUR_001502.jpg,none,0.0,,,0.9627
aihub_raw/surface/Surface_1/Surface_013/MP_SEL_SUR_001503.jpg,none,0.0,,,0.8972
aihub_raw/surface/Surface_1/Surface_013/MP_SEL_SUR_001504.jpg,none,0.0,,,0.0
aihub_raw/surface/Surface_1/Surface_013/MP_SEL_SUR_001505.jpg,on,0.9966,0.0,1.0,0.0
aihub_raw/surface/Surface_1/Surface_013/MP_SEL_SUR_001506.jpg,none,0.0,,,0.0173
aihub_raw/surface/Surface_1/Surface_013/MP_SEL_SUR_001507.jpg,none,0.0,,,0.9336
aihub_raw/surface/Surface_1/Surface_013/MP_SEL_SUR_001508.jpg,none,0.0,,,0.9717
aihub_raw/surface/Surface_1/Surface_013/MP_SEL_SUR_001509.jpg,none,0.0,,,0.0
aihub_raw/surface/Surface_1/Surface_013/MP_SEL_SUR_001511.jpg,none,0.0,,,1.0
aihub_raw/surface/Surface_1/Surface_013/MP_SEL_SUR_001512.jpg,none,0.0,,,0.0
aihub_raw/surface/Surface_1/Surface_013/MP_SEL_SUR_001513.jpg,none,0.0,,,0.7292
aihub_raw/surface/Surface_1/Surface_013/MP_SEL_SUR_001514.jpg,none,0.0,,,0.9517
aihub_raw/surface/Surface_1/Surface_013/MP_SEL_SUR_001515.jpg,none,0.0,,,0.0
aihub_raw/surface/Surface_1/Surface_013/MP_SEL_SUR_001516.jpg,none,0.0,,,0.0
aihub_raw/surface/Surface_1/Surface_013/MP_SEL_SUR_001518.jpg,none,0.0,,,0.0836
aihub_raw/surface/Surface_1/Surface_013/MP_SEL_SUR_001519.jpg,none,0.0,,,0.9788
aihub_raw/surface/Surface_1/Surface_013/MP_SEL_SUR_001520.jpg,none,0.0,,,0.9861
aihub_raw/surface/Surface_1/Surface_013/MP_SEL_SUR_001522.jpg,none,0.0,,,0.0508
aihub_raw/surface/Surface_1/Surface_013/MP_SEL_SUR_001523.jpg,none,0.0,,,0.0
aihub_raw/surface/Surface_1/Surface_013/MP_SEL_SUR_001524.jpg,none,0.0,,,0.9002
aihub_raw/surface/Surface_1/Surface_013/MP_SEL_SUR_001526.jpg,none,0.0,,,0.0
aihub_raw/surface/Surface_1/Surface_013/MP_SEL_SUR_001527.jpg,none,0.0,,,0.9786
aihub_raw/surface/Surface_1/Surface_013/MP_SEL_SUR_001528.jpg,none,0.0,,,0.477
aihub_raw/surface/Surface_1/Surface_013/MP_SEL_SUR_001529.jpg,none,0.0,,,0.9997
aihub_raw/surface/Surface_1/Surface_013/MP_SEL_SUR_001530.jpg,none,0.0,,,0.7654
aihub_raw/surface/Surface_1/Surface_013/MP_SEL_SUR_001531.jpg,none,0.0,,,0.8321
aihub_raw/surface/Surface_1/Surface_013/MP_SEL_SUR_001533.jpg,none,0.0,,,0.9547
aihub_raw/surface/Surface_1/Surface_013/MP_SEL_SUR_001534.jpg,none,0.0,,,0.8647
aihub_raw/surface/Surface_1/Surface_013/MP_SEL_SUR_001535.jpg,none,0.0,,,0.8262
aihub_raw/surface/Surface_1/Surface_013/MP_SEL_SUR_001536.jpg,on,0.7715,0.081,1.0,0.1785
aihub_raw/surface/Surface_1/Surface_013/MP_SEL_SUR_001537.jpg,none,0.0,,,0.0
aihub_raw/surface/Surface_1/Surface_013/MP_SEL_SUR_001539.jpg,none,0.0,,,0.9798
aihub_raw/surface/Surface_1/Surface_013/MP_SEL_SUR_001540.jpg,none,0.0,,,0.9993
aihub_raw/surface/Surface_1/Surface_013/MP_SEL_SUR_001542.jpg,none,0.0,,,0.903
aihub_raw/surface/Surface_1/Surface_013/MP_SEL_SUR_001543.jpg,none,0.0,,,0.9896
aihub_raw/surface/Surface_1/Surface_013/MP_SEL_SUR_001544.jpg,none,0.0,,,0.0
aihub_raw/surface/Surface_1/Surface_013/MP_SEL_SUR_001545.jpg,none,0.0,,,0.0
aihub_raw/surface/Surface_1/Surface_013/MP_SEL_SUR_001546.jpg,none,0.0,,,0.7589
aihub_raw/surface/Surface_1/Surface_013/MP_SEL_SUR_001547.jpg,on,0.8438,0.148,1.0,0.1554
aihub_raw/surface/Surface_1/Surface_013/MP_SEL_SUR_001548.jpg,none,0.0,,,0.8368
aihub_raw/surface/Surface_1/Surface_013/MP_SEL_SUR_001549.jpg,none,0.0,,,0.0
aihub_raw/surface/Surface_1/Surface_013/MP_SEL_SUR_001550.jpg,none,0.0,,,0.8269
aihub_raw/surface/Surface_1/Surface_013/MP_SEL_SUR_001551.jpg,none,0.0,,,0.0
aihub_raw/surface/Surface_1/Surface_013/MP_SEL_SUR_001552.jpg,none,0.0,,,0.0
aihub_raw/surface/Surface_1/Surface_013/MP_SEL_SUR_001555.jpg,on,0.8284,0.0,1.0,0.0491
aihub_raw/surface/Surface_1/Surface_013/MP_SEL_SUR_001557.jpg,none,0.0,,,0.9146
aihub_raw/surface/Surface_1/Surface_013/MP_SEL_SUR_001558.jpg,none,0.0,,,0.9478
aihub_raw/surface/Surface_1/Surface_013/MP_SEL_SUR_001559.jpg,none,0.0,,,0.8362
aihub_raw/surface/Surface_1/Surface_013/MP_SEL_SUR_001560.jpg,none,0.0,,,0.0
aihub_raw/surface/Surface_1/Surface_013/MP_SEL_SUR_001561.jpg,none,0.0,,,0.0
aihub_raw/surface/Surface_1/Surface_014/MP_SEL_SUR_001562.jpg,none,0.0,,,0.977
aihub_raw/surface/Surface_1/Surface_014/MP_SEL_SUR_001563.jpg,none_far,0.0463,0.056,0.196,0.7154
aihub_raw/surface/Surface_1/Surface_014/MP_SEL_SUR_001564.jpg,none,0.0,,,0.8196
aihub_raw/surface/Surface_1/Surface_014/MP_SEL_SUR_001565.jpg,none,0.0,,,0.9681
aihub_raw/surface/Surface_1/Surface_014/MP_SEL_SUR_001566.jpg,none,0.0,,,0.9419
aihub_raw/surface/Surface_1/Surface_014/MP_SEL_SUR_001567.jpg,none_far,0.2256,0.0,0.493,0.6912
aihub_raw/surface/Surface_1/Surface_014/MP_SEL_SUR_001568.jpg,none,0.0,,,1.0
aihub_raw/surface/Surface_1/Surface_014/MP_SEL_SUR_001569.jpg,none,0.0,,,0.0244
aihub_raw/surface/Surface_1/Surface_014/MP_SEL_SUR_001570.jpg,none,0.0,,,0.9596
aihub_raw/surface/Surface_1/Surface_014/MP_SEL_SUR_001571.jpg,none_far,0.0085,0.0,0.1,0.8975
aihub_raw/surface/Surface_1/Surface_014/MP_SEL_SUR_001572.jpg,none_far,0.0071,0.015,0.048,0.0
aihub_raw/surface/Surface_1/Surface_014/MP_SEL_SUR_001573.jpg,none_far,0.0,0.0,0.004,0.9985
aihub_raw/surface/Surface_1/Surface_014/MP_SEL_SUR_001574.jpg,none,0.0,,,0.0
aihub_raw/surface/Surface_1/Surface_014/MP_SEL_SUR_001575.jpg,none,0.0,,,0.8913
aihub_raw/surface/Surface_1/Surface_014/MP_SEL_SUR_001576.jpg,none,0.0,,,0.9507
aihub_raw/surface/Surface_1/Surface_014/MP_SEL_SUR_001577.jpg,none_far,0.0817,0.0,0.167,0.3339
aihub_raw/surface/Surface_1/Surface_014/MP_SEL_SUR_001578.jpg,none,0.0,,,0.949
aihub_raw/surface/Surface_1/Surface_014/MP_SEL_SUR_001579.jpg,none,0.0,,,0.9767
aihub_raw/surface/Surface_1/Surface_014/MP_SEL_SUR_001580.jpg,none,0.0,,,0.8884
aihub_raw/surface/Surface_1/Surface_014/MP_SEL_SUR_001581.jpg,none,0.0,,,0.0
aihub_raw/surface/Surface_1/Surface_014/MP_SEL_SUR_001582.jpg,none,0.0,,,0.0275
aihub_raw/surface/Surface_1/Surface_014/MP_SEL_SUR_001583.jpg,none,0.0,,,0.0
aihub_raw/surface/Surface_1/Surface_014/MP_SEL_SUR_001584.jpg,none_far,0.0129,0.0,0.067,0.3998
aihub_raw/surface/Surface_1/Surface_014/MP_SEL_SUR_001585.jpg,none,0.0,,,0.945
aihub_raw/surface/Surface_1/Surface_014/MP_SEL_SUR_001586.jpg,none,0.0,,,0.4566
aihub_raw/surface/Surface_1/Surface_014/MP_SEL_SUR_001587.jpg,none,0.0,,,0.9259
aihub_raw/surface/Surface_1/Surface_014/MP_SEL_SUR_001588.jpg,none,0.0,,,0.0
aihub_raw/surface/Surface_1/Surface_014/MP_SEL_SUR_001589.jpg,none,0.0,,,0.0
aihub_raw/surface/Surface_1/Surface_014/MP_SEL_SUR_001590.jpg,none,0.0,,,0.6376
aihub_raw/surface/Surface_1/Surface_014/MP_SEL_SUR_001592.jpg,none,0.0,,,1.0
aihub_raw/surface/Surface_1/Surface_014/MP_SEL_SUR_001593.jpg,none,0.0,,,0.9057
aihub_raw/surface/Surface_1/Surface_014/MP_SEL_SUR_001594.jpg,none,0.0,,,0.0
aihub_raw/surface/Surface_1/Surface_014/MP_SEL_SUR_001595.jpg,none,0.0,,,0.9765
aihub_raw/surface/Surface_1/Surface_014/MP_SEL_SUR_001597.jpg,none,0.0,,,0.0
aihub_raw/surface/Surface_1/Surface_014/MP_SEL_SUR_001598.jpg,none,0.0,,,0.0
aihub_raw/surface/Surface_1/Surface_014/MP_SEL_SUR_001599.jpg,none,0.0,,,0.9422
aihub_raw/surface/Surface_1/Surface_014/MP_SEL_SUR_001600.jpg,none,0.0,,,0.963
aihub_raw/surface/Surface_1/Surface_014/MP_SEL_SUR_001601.jpg,none,0.0,,,0.7835
aihub_raw/surface/Surface_1/Surface_014/MP_SEL_SUR_001602.jpg,none,0.0,,,0.4848
aihub_raw/surface/Surface_1/Surface_014/MP_SEL_SUR_001603.jpg,none,0.0,,,0.0
aihub_raw/surface/Surface_1/Surface_014/MP_SEL_SUR_001604.jpg,none,0.0,,,0.9545
aihub_raw/surface/Surface_1/Surface_014/MP_SEL_SUR_001605.jpg,none,0.0,,,0.1029
aihub_raw/surface/Surface_1/Surface_014/MP_SEL_SUR_001606.jpg,none,0.0,,,0.8534
aihub_raw/surface/Surface_1/Surface_014/MP_SEL_SUR_001607.jpg,none,0.0,,,0.3967
aihub_raw/surface/Surface_1/Surface_014/MP_SEL_SUR_001608.jpg,none,0.0,,,0.9253
aihub_raw/surface/Surface_1/Surface_014/MP_SEL_SUR_001609.jpg,none,0.0,,,0.0
aihub_raw/surface/Surface_1/Surface_014/MP_SEL_SUR_001610.jpg,none,0.0,,,0.0
aihub_raw/surface/Surface_1/Surface_014/MP_SEL_SUR_001611.jpg,none,0.0,,,0.5133
aihub_raw/surface/Surface_1/Surface_014/MP_SEL_SUR_001612.jpg,none,0.0,,,0.9541
aihub_raw/surface/Surface_1/Surface_014/MP_SEL_SUR_001613.jpg,none,0.0,,,0.9743
aihub_raw/surface/Surface_1/Surface_014/MP_SEL_SUR_001614.jpg,none,0.0,,,0.0
aihub_raw/surface/Surface_1/Surface_014/MP_SEL_SUR_001615.jpg,none,0.0,,,0.0
aihub_raw/surface/Surface_1/Surface_014/MP_SEL_SUR_001616.jpg,none,0.0,,,0.0
aihub_raw/surface/Surface_1/Surface_014/MP_SEL_SUR_001617.jpg,none,0.0,,,0.0
aihub_raw/surface/Surface_1/Surface_014/MP_SEL_SUR_001618.jpg,none,0.0,,,0.0
aihub_raw/surface/Surface_1/Surface_014/MP_SEL_SUR_001619.jpg,none,0.0,,,0.9411
aihub_raw/surface/Surface_1/Surface_014/MP_SEL_SUR_001620.jpg,none,0.0,,,0.0
aihub_raw/surface/Surface_1/Surface_014/MP_SEL_SUR_001621.jpg,none,0.0,,,0.9218
aihub_raw/surface/Surface_1/Surface_014/MP_SEL_SUR_001622.jpg,none,0.0,,,0.92
aihub_raw/surface/Surface_1/Surface_014/MP_SEL_SUR_001623.jpg,none,0.0,,,0.0
aihub_raw/surface/Surface_1/Surface_014/MP_SEL_SUR_001624.jpg,none,0.0,,,0.0
aihub_raw/surface/Surface_1/Surface_014/MP_SEL_SUR_001625.jpg,none,0.0,,,0.0
aihub_raw/surface/Surface_1/Surface_014/MP_SEL_SUR_001626.jpg,none,0.0,,,0.9543
aihub_raw/surface/Surface_1/Surface_014/MP_SEL_SUR_001627.jpg,none,0.0,,,0.78
aihub_raw/surface/Surface_1/Surface_014/MP_SEL_SUR_001628.jpg,none,0.0,,,0.0
aihub_raw/surface/Surface_1/Surface_014/MP_SEL_SUR_001629.jpg,approach,0.599,0.0,0.648,0.3993
aihub_raw/surface/Surface_1/Surface_014/MP_SEL_SUR_001630.jpg,none,0.0,,,0.0
aihub_raw/surface/Surface_1/Surface_014/MP_SEL_SUR_001631.jpg,none,0.0,,,0.0
aihub_raw/surface/Surface_1/Surface_014/MP_SEL_SUR_001632.jpg,none,0.0,,,0.9525
aihub_raw/surface/Surface_1/Surface_014/MP_SEL_SUR_001633.jpg,none,0.0,,,0.9986
aihub_raw/surface/Surface_1/Surface_014/MP_SEL_SUR_001634.jpg,none,0.0,,,0.0559
aihub_raw/surface/Surface_1/Surface_014/MP_SEL_SUR_001635.jpg,none,0.0,,,0.0
aihub_raw/surface/Surface_1/Surface_014/MP_SEL_SUR_001636.jpg,none_far,0.1061,0.0,0.293,0.8231
aihub_raw/surface/Surface_1/Surface_014/MP_SEL_SUR_001637.jpg,none,0.0,,,0.0
aihub_raw/surface/Surface_1/Surface_014/MP_SEL_SUR_001638.jpg,none,0.0,,,0.0
aihub_raw/surface/Surface_1/Surface_014/MP_SEL_SUR_001639.jpg,none,0.0,,,0.7688
aihub_raw/surface/Surface_1/Surface_014/MP_SEL_SUR_001640.jpg,none,0.0,,,0.0
aihub_raw/surface/Surface_1/Surface_014/MP_SEL_SUR_001641.jpg,none,0.0,,,0.7756
aihub_raw/surface/Surface_1/Surface_014/MP_SEL_SUR_001642.jpg,none,0.0,,,0.0
aihub_raw/surface/Surface_1/Surface_014/MP_SEL_SUR_001643.jpg,none,0.0,,,0.0
aihub_raw/surface/Surface_1/Surface_014/MP_SEL_SUR_001644.jpg,none,0.0,,,0.0
aihub_raw/surface/Surface_1/Surface_014/MP_SEL_SUR_001645.jpg,none,0.0,,,0.5472
aihub_raw/surface/Surface_1/Surface_014/MP_SEL_SUR_001646.jpg,none,0.0,,,0.8524
aihub_raw/surface/Surface_1/Surface_014/MP_SEL_SUR_001647.jpg,none,0.0,,,0.1957
aihub_raw/surface/Surface_1/Surface_014/MP_SEL_SUR_001648.jpg,none,0.0,,,0.0
aihub_raw/surface/Surface_1/Surface_014/MP_SEL_SUR_001650.jpg,none,0.0,,,0.0
aihub_raw/surface/Surface_1/Surface_014/MP_SEL_SUR_001651.jpg,none,0.0,,,0.8146
aihub_raw/surface/Surface_1/Surface_014/MP_SEL_SUR_001652.jpg,none,0.0,,,0.9901
aihub_raw/surface/Surface_1/Surface_014/MP_SEL_SUR_001653.jpg,none,0.0,,,0.9219
aihub_raw/surface/Surface_1/Surface_014/MP_SEL_SUR_001654.jpg,none,0.0,,,0.7079
aihub_raw/surface/Surface_1/Surface_014/MP_SEL_SUR_001655.jpg,none,0.0,,,0.9935
aihub_raw/surface/Surface_1/Surface_014/MP_SEL_SUR_001656.jpg,none,0.0,,,0.0
aihub_raw/surface/Surface_1/Surface_014/MP_SEL_SUR_001657.jpg,none,0.0,,,0.836
aihub_raw/surface/Surface_1/Surface_014/MP_SEL_SUR_001658.jpg,none,0.0,,,0.0
aihub_raw/surface/Surface_1/Surface_014/MP_SEL_SUR_001659.jpg,none,0.0,,,0.7572
aihub_raw/surface/Surface_1/Surface_014/MP_SEL_SUR_001660.jpg,none,0.0,,,0.0157
aihub_raw/surface/Surface_1/Surface_014/MP_SEL_SUR_001661.jpg,none,0.0,,,0.6928
aihub_raw/surface/Surface_1/Surface_014/MP_SEL_SUR_001662.jpg,none,0.0,,,0.9869
aihub_raw/surface/Surface_1/Surface_014/MP_SEL_SUR_001663.jpg,none,0.0,,,0.0
aihub_raw/surface/Surface_1/Surface_014/MP_SEL_SUR_001664.jpg,none,0.0,,,0.0
aihub_raw/surface/Surface_1/Surface_014/MP_SEL_SUR_001665.jpg,none,0.0,,,0.9287
aihub_raw/surface/Surface_1/Surface_014/MP_SEL_SUR_001666.jpg,on,0.859,0.0,1.0,0.0021
aihub_raw/surface/Surface_1/Surface_014/MP_SEL_SUR_001667.jpg,none,0.0,,,0.8909
aihub_raw/surface/Surface_1/Surface_014/MP_SEL_SUR_001668.jpg,none,0.0,,,0.8722
aihub_raw/surface/Surface_1/Surface_014/MP_SEL_SUR_001669.jpg,none,0.0,,,0.9952
aihub_raw/surface/Surface_1/Surface_014/MP_SEL_SUR_001670.jpg,none,0.0,,,0.4866
aihub_raw/surface/Surface_1/Surface_014/MP_SEL_SUR_001672.jpg,none,0.0,,,0.9903
aihub_raw/surface/Surface_1/Surface_014/MP_SEL_SUR_001673.jpg,none,0.0,,,0.0
aihub_raw/surface/Surface_1/Surface_014/MP_SEL_SUR_001674.jpg,none,0.0,,,0.3266
aihub_raw/surface/Surface_1/Surface_014/MP_SEL_SUR_001675.jpg,none,0.0,,,0.2695
aihub_raw/surface/Surface_1/Surface_014/MP_SEL_SUR_001676.jpg,none,0.0,,,0.9455
aihub_raw/surface/Surface_1/Surface_014/MP_SEL_SUR_001677.jpg,none,0.0,,,0.0002
aihub_raw/surface/Surface_1/Surface_014/MP_SEL_SUR_001678.jpg,none,0.0,,,0.8775
aihub_raw/surface/Surface_1/Surface_014/MP_SEL_SUR_001679.jpg,none,0.0,,,0.7773
aihub_raw/surface/Surface_1/Surface_014/MP_SEL_SUR_001680.jpg,none,0.0,,,0.8001
aihub_raw/surface/Surface_1/Surface_014/MP_SEL_SUR_001681.jpg,none,0.0,,,0.951
aihub_raw/surface/Surface_1/Surface_015/MP_SEL_SUR_001682.jpg,none,0.0,,,0.0
aihub_raw/surface/Surface_1/Surface_015/MP_SEL_SUR_001683.jpg,none,0.0,,,0.9868
aihub_raw/surface/Surface_1/Surface_015/MP_SEL_SUR_001684.jpg,none,0.0,,,0.5799
aihub_raw/surface/Surface_1/Surface_015/MP_SEL_SUR_001685.jpg,none,0.0,,,1.0
aihub_raw/surface/Surface_1/Surface_015/MP_SEL_SUR_001686.jpg,none,0.0,,,0.8915
aihub_raw/surface/Surface_1/Surface_015/MP_SEL_SUR_001687.jpg,none,0.0,,,0.0
aihub_raw/surface/Surface_1/Surface_015/MP_SEL_SUR_001688.jpg,none,0.0,,,0.848
aihub_raw/surface/Surface_1/Surface_015/MP_SEL_SUR_001689.jpg,none,0.0,,,0.8021
aihub_raw/surface/Surface_1/Surface_015/MP_SEL_SUR_001690.jpg,none,0.0,,,0.0
aihub_raw/surface/Surface_1/Surface_015/MP_SEL_SUR_001691.jpg,none,0.0,,,0.8674
aihub_raw/surface/Surface_1/Surface_015/MP_SEL_SUR_001692.jpg,none,0.0,,,0.7787
aihub_raw/surface/Surface_1/Surface_015/MP_SEL_SUR_001693.jpg,none,0.0,,,0.9855
aihub_raw/surface/Surface_1/Surface_015/MP_SEL_SUR_001694.jpg,none,0.0,,,0.8442
aihub_raw/surface/Surface_1/Surface_015/MP_SEL_SUR_001695.jpg,none,0.0,,,0.7651
aihub_raw/surface/Surface_1/Surface_015/MP_SEL_SUR_001696.jpg,none,0.0,,,0.9569
aihub_raw/surface/Surface_1/Surface_015/MP_SEL_SUR_001697.jpg,none,0.0,,,0.822
aihub_raw/surface/Surface_1/Surface_015/MP_SEL_SUR_001698.jpg,none,0.0,,,0.0
aihub_raw/surface/Surface_1/Surface_015/MP_SEL_SUR_001700.jpg,none,0.0,,,0.0
aihub_raw/surface/Surface_1/Surface_015/MP_SEL_SUR_001701.jpg,none,0.0,,,0.6243
aihub_raw/surface/Surface_1/Surface_015/MP_SEL_SUR_001702.jpg,none,0.0,,,0.9245
aihub_raw/surface/Surface_1/Surface_015/MP_SEL_SUR_001703.jpg,none,0.0,,,0.0
aihub_raw/surface/Surface_1/Surface_015/MP_SEL_SUR_001704.jpg,none,0.0,,,0.9428
aihub_raw/surface/Surface_1/Surface_015/MP_SEL_SUR_001705.jpg,none,0.0,,,0.9996
aihub_raw/surface/Surface_1/Surface_015/MP_SEL_SUR_001706.jpg,none,0.0,,,1.0
aihub_raw/surface/Surface_1/Surface_015/MP_SEL_SUR_001709.jpg,none,0.0,,,0.8914
aihub_raw/surface/Surface_1/Surface_015/MP_SEL_SUR_001710.jpg,none,0.0,,,0.0
aihub_raw/surface/Surface_1/Surface_015/MP_SEL_SUR_001711.jpg,none,0.0,,,0.0
aihub_raw/surface/Surface_1/Surface_015/MP_SEL_SUR_001712.jpg,none,0.0,,,0.0252
aihub_raw/surface/Surface_1/Surface_015/MP_SEL_SUR_001713.jpg,none,0.0,,,0.0
aihub_raw/surface/Surface_1/Surface_015/MP_SEL_SUR_001714.jpg,none,0.0,,,0.8929
aihub_raw/surface/Surface_1/Surface_015/MP_SEL_SUR_001715.jpg,none,0.0,,,0.552
aihub_raw/surface/Surface_1/Surface_015/MP_SEL_SUR_001716.jpg,none,0.0,,,0.9973
aihub_raw/surface/Surface_1/Surface_015/MP_SEL_SUR_001717.jpg,none,0.0,,,0.0
aihub_raw/surface/Surface_1/Surface_015/MP_SEL_SUR_001718.jpg,none,0.0,,,0.4675
aihub_raw/surface/Surface_1/Surface_015/MP_SEL_SUR_001719.jpg,none,0.0,,,0.7325
aihub_raw/surface/Surface_1/Surface_015/MP_SEL_SUR_001720.jpg,none,0.0,,,0.7948
aihub_raw/surface/Surface_1/Surface_015/MP_SEL_SUR_001722.jpg,none,0.0,,,0.9376
aihub_raw/surface/Surface_1/Surface_015/MP_SEL_SUR_001723.jpg,none,0.0,,,0.0
aihub_raw/surface/Surface_1/Surface_015/MP_SEL_SUR_001724.jpg,none,0.0,,,0.3637
aihub_raw/surface/Surface_1/Surface_015/MP_SEL_SUR_001725.jpg,none,0.0,,,0.8659
aihub_raw/surface/Surface_1/Surface_015/MP_SEL_SUR_001726.jpg,on,0.9252,0.0,1.0,0.0
aihub_raw/surface/Surface_1/Surface_015/MP_SEL_SUR_001727.jpg,none,0.0,,,0.9931
aihub_raw/surface/Surface_1/Surface_015/MP_SEL_SUR_001728.jpg,none,0.0,,,0.9401
aihub_raw/surface/Surface_1/Surface_015/MP_SEL_SUR_001729.jpg,none,0.0,,,0.0
aihub_raw/surface/Surface_1/Surface_015/MP_SEL_SUR_001730.jpg,none,0.0,,,0.0
aihub_raw/surface/Surface_1/Surface_015/MP_SEL_SUR_001731.jpg,none,0.0,,,0.7075
aihub_raw/surface/Surface_1/Surface_015/MP_SEL_SUR_001732.jpg,none,0.0,,,0.0
aihub_raw/surface/Surface_1/Surface_015/MP_SEL_SUR_001733.jpg,none,0.0,,,0.7279
aihub_raw/surface/Surface_1/Surface_015/MP_SEL_SUR_001734.jpg,none,0.0,,,0.4887
aihub_raw/surface/Surface_1/Surface_015/MP_SEL_SUR_001735.jpg,none,0.0,,,1.0
aihub_raw/surface/Surface_1/Surface_015/MP_SEL_SUR_001736.jpg,none,0.0,,,0.0
aihub_raw/surface/Surface_1/Surface_015/MP_SEL_SUR_001737.jpg,none,0.0,,,0.0
aihub_raw/surface/Surface_1/Surface_015/MP_SEL_SUR_001738.jpg,none,0.0,,,0.0
aihub_raw/surface/Surface_1/Surface_015/MP_SEL_SUR_001739.jpg,none,0.0,,,0.8145
aihub_raw/surface/Surface_1/Surface_015/MP_SEL_SUR_001740.jpg,none,0.0,,,0.9511
aihub_raw/surface/Surface_1/Surface_015/MP_SEL_SUR_001741.jpg,none,0.0,,,0.0
aihub_raw/surface/Surface_1/Surface_015/MP_SEL_SUR_001742.jpg,none,0.0,,,0.9305
aihub_raw/surface/Surface_1/Surface_015/MP_SEL_SUR_001743.jpg,on,0.6362,0.267,1.0,0.2173
aihub_raw/surface/Surface_1/Surface_015/MP_SEL_SUR_001744.jpg,none,0.0,,,0.9388
aihub_raw/surface/Surface_1/Surface_015/MP_SEL_SUR_001745.jpg,none,0.0,,,0.9381
aihub_raw/surface/Surface_1/Surface_015/MP_SEL_SUR_001746.jpg,none,0.0,,,0.9608
aihub_raw/surface/Surface_1/Surface_015/MP_SEL_SUR_001747.jpg,none,0.0,,,0.9383
aihub_raw/surface/Surface_1/Surface_015/MP_SEL_SUR_001749.jpg,none,0.0,,,0.5869
aihub_raw/surface/Surface_1/Surface_015/MP_SEL_SUR_001750.jpg,none_far,0.0098,0.0,0.044,0.7567
aihub_raw/surface/Surface_1/Surface_015/MP_SEL_SUR_001751.jpg,none,0.0,,,0.0
aihub_raw/surface/Surface_1/Surface_015/MP_SEL_SUR_001752.jpg,none,0.0,,,0.9906
aihub_raw/surface/Surface_1/Surface_015/MP_SEL_SUR_001753.jpg,none,0.0,,,0.9988
aihub_raw/surface/Surface_1/Surface_015/MP_SEL_SUR_001754.jpg,none,0.0,,,0.7017
aihub_raw/surface/Surface_1/Surface_015/MP_SEL_SUR_001755.jpg,none,0.0,,,0.6443
aihub_raw/surface/Surface_1/Surface_015/MP_SEL_SUR_001756.jpg,none,0.0,,,0.942
aihub_raw/surface/Surface_1/Surface_015/MP_SEL_SUR_001757.jpg,none,0.0,,,0.9887
aihub_raw/surface/Surface_1/Surface_015/MP_SEL_SUR_001758.jpg,none,0.0,,,0.0
aihub_raw/surface/Surface_1/Surface_015/MP_SEL_SUR_001759.jpg,none,0.0,,,0.014
aihub_raw/surface/Surface_1/Surface_015/MP_SEL_SUR_001761.jpg,none,0.0,,,0.8497
aihub_raw/surface/Surface_1/Surface_015/MP_SEL_SUR_001762.jpg,none,0.0,,,0.9926
aihub_raw/surface/Surface_1/Surface_015/MP_SEL_SUR_001763.jpg,none,0.0,,,0.7432
aihub_raw/surface/Surface_1/Surface_015/MP_SEL_SUR_001764.jpg,none,0.0,,,0.0427
aihub_raw/surface/Surface_1/Surface_015/MP_SEL_SUR_001765.jpg,none,0.0,,,0.7773
aihub_raw/surface/Surface_1/Surface_015/MP_SEL_SUR_001766.jpg,none,0.0,,,0.8481
aihub_raw/surface/Surface_1/Surface_015/MP_SEL_SUR_001767.jpg,none,0.0,,,0.9315
aihub_raw/surface/Surface_1/Surface_015/MP_SEL_SUR_001768.jpg,none,0.0,,,0.9857
aihub_raw/surface/Surface_1/Surface_015/MP_SEL_SUR_001769.jpg,none,0.0,,,0.0
aihub_raw/surface/Surface_1/Surface_015/MP_SEL_SUR_001770.jpg,none,0.0,,,0.7229
aihub_raw/surface/Surface_1/Surface_015/MP_SEL_SUR_001771.jpg,none,0.0,,,0.9344
aihub_raw/surface/Surface_1/Surface_015/MP_SEL_SUR_001772.jpg,none,0.0,,,0.6522
aihub_raw/surface/Surface_1/Surface_015/MP_SEL_SUR_001773.jpg,none,0.0,,,0.0
aihub_raw/surface/Surface_1/Surface_015/MP_SEL_SUR_001774.jpg,none,0.0,,,0.9138
aihub_raw/surface/Surface_1/Surface_015/MP_SEL_SUR_001775.jpg,none,0.0,,,0.0
aihub_raw/surface/Surface_1/Surface_015/MP_SEL_SUR_001776.jpg,none,0.0,,,0.0637
aihub_raw/surface/Surface_1/Surface_015/MP_SEL_SUR_001777.jpg,none,0.0,,,0.793
aihub_raw/surface/Surface_1/Surface_015/MP_SEL_SUR_001778.jpg,none,0.0,,,0.0
aihub_raw/surface/Surface_1/Surface_015/MP_SEL_SUR_001779.jpg,none,0.0,,,0.7841
aihub_raw/surface/Surface_1/Surface_015/MP_SEL_SUR_001780.jpg,none_far,0.0053,0.0,0.026,0.2245
aihub_raw/surface/Surface_1/Surface_015/MP_SEL_SUR_001781.jpg,none,0.0,,,0.0
aihub_raw/surface/Surface_1/Surface_015/MP_SEL_SUR_001782.jpg,none,0.0,,,0.8599
aihub_raw/surface/Surface_1/Surface_015/MP_SEL_SUR_001783.jpg,none,0.0,,,0.9747
aihub_raw/surface/Surface_1/Surface_015/MP_SEL_SUR_001785.jpg,none,0.0,,,0.0
aihub_raw/surface/Surface_1/Surface_015/MP_SEL_SUR_001789.jpg,none,0.0,,,0.8387
aihub_raw/surface/Surface_1/Surface_015/MP_SEL_SUR_001790.jpg,none,0.0,,,0.266
aihub_raw/surface/Surface_1/Surface_015/MP_SEL_SUR_001791.jpg,none,0.0,,,0.9343
aihub_raw/surface/Surface_1/Surface_015/MP_SEL_SUR_001792.jpg,none,0.0,,,0.5295
aihub_raw/surface/Surface_1/Surface_015/MP_SEL_SUR_001793.jpg,none,0.0,,,0.0
aihub_raw/surface/Surface_1/Surface_015/MP_SEL_SUR_001794.jpg,approach,0.6471,0.0,0.656,0.3519
aihub_raw/surface/Surface_1/Surface_015/MP_SEL_SUR_001795.jpg,none,0.0,,,0.0181
aihub_raw/surface/Surface_1/Surface_015/MP_SEL_SUR_001796.jpg,none,0.0,,,0.942
aihub_raw/surface/Surface_1/Surface_015/MP_SEL_SUR_001797.jpg,none,0.0,,,0.8807
aihub_raw/surface/Surface_1/Surface_015/MP_SEL_SUR_001798.jpg,none,0.0,,,0.9552
aihub_raw/surface/Surface_1/Surface_015/MP_SEL_SUR_001799.jpg,none,0.0,,,0.925
aihub_raw/surface/Surface_1/Surface_015/MP_SEL_SUR_001800.jpg,none,0.0,,,0.628
aihub_raw/surface/Surface_1/Surface_015/MP_SEL_SUR_001801.jpg,none,0.0,,,0.9993
aihub_raw/surface/Surface_1/Surface_015/MP_SEL_SUR_001802.jpg,none,0.0,,,0.9971
aihub_raw/surface/Surface_1/Surface_016/MP_SEL_SUR_001803.jpg,none,0.0,,,0.0
aihub_raw/surface/Surface_1/Surface_016/MP_SEL_SUR_001804.jpg,none,0.0,,,0.8478
aihub_raw/surface/Surface_1/Surface_016/MP_SEL_SUR_001805.jpg,none,0.0,,,0.0
aihub_raw/surface/Surface_1/Surface_016/MP_SEL_SUR_001807.jpg,none,0.0,,,0.0
aihub_raw/surface/Surface_1/Surface_016/MP_SEL_SUR_001808.jpg,none,0.0,,,0.0
aihub_raw/surface/Surface_1/Surface_016/MP_SEL_SUR_001809.jpg,none,0.0,,,1.0
aihub_raw/surface/Surface_1/Surface_016/MP_SEL_SUR_001810.jpg,none,0.0,,,0.9223
aihub_raw/surface/Surface_1/Surface_016/MP_SEL_SUR_001811.jpg,none,0.0,,,1.0
aihub_raw/surface/Surface_1/Surface_016/MP_SEL_SUR_001812.jpg,none,0.0,,,0.0
aihub_raw/surface/Surface_1/Surface_016/MP_SEL_SUR_001813.jpg,none,0.0,,,0.0
aihub_raw/surface/Surface_1/Surface_016/MP_SEL_SUR_001814.jpg,none,0.0,,,0.9714
aihub_raw/surface/Surface_1/Surface_016/MP_SEL_SUR_001815.jpg,none,0.0,,,0.0
aihub_raw/surface/Surface_1/Surface_016/MP_SEL_SUR_001816.jpg,none,0.0,,,0.9409
aihub_raw/surface/Surface_1/Surface_016/MP_SEL_SUR_001817.jpg,none,0.0,,,0.0
aihub_raw/surface/Surface_1/Surface_016/MP_SEL_SUR_001818.jpg,none,0.0,,,0.9914
aihub_raw/surface/Surface_1/Surface_016/MP_SEL_SUR_001819.jpg,none,0.0,,,0.0
aihub_raw/surface/Surface_1/Surface_016/MP_SEL_SUR_001820.jpg,none,0.0,,,0.9242
aihub_raw/surface/Surface_1/Surface_016/MP_SEL_SUR_001821.jpg,none,0.0,,,0.0077
aihub_raw/surface/Surface_1/Surface_016/MP_SEL_SUR_001823.jpg,none,0.0,,,0.8048
aihub_raw/surface/Surface_1/Surface_016/MP_SEL_SUR_001824.jpg,none,0.0,,,1.0
aihub_raw/surface/Surface_1/Surface_016/MP_SEL_SUR_001825.jpg,none,0.0,,,0.0
aihub_raw/surface/Surface_1/Surface_016/MP_SEL_SUR_001826.jpg,none,0.0,,,0.0
aihub_raw/surface/Surface_1/Surface_016/MP_SEL_SUR_001827.jpg,none,0.0,,,0.9483
aihub_raw/surface/Surface_1/Surface_016/MP_SEL_SUR_001828.jpg,none,0.0,,,0.8133
aihub_raw/surface/Surface_1/Surface_016/MP_SEL_SUR_001829.jpg,none,0.0,,,0.8023
aihub_raw/surface/Surface_1/Surface_016/MP_SEL_SUR_001830.jpg,none,0.0,,,0.0
aihub_raw/surface/Surface_1/Surface_016/MP_SEL_SUR_001831.jpg,none,0.0,,,0.9746
aihub_raw/surface/Surface_1/Surface_016/MP_SEL_SUR_001832.jpg,none,0.0,,,0.9332
aihub_raw/surface/Surface_1/Surface_016/MP_SEL_SUR_001833.jpg,none,0.0,,,0.0
aihub_raw/surface/Surface_1/Surface_016/MP_SEL_SUR_001834.jpg,none,0.0,,,0.8442
aihub_raw/surface/Surface_1/Surface_016/MP_SEL_SUR_001835.jpg,none,0.0,,,0.9755
aihub_raw/surface/Surface_1/Surface_016/MP_SEL_SUR_001836.jpg,none,0.0,,,0.9368
aihub_raw/surface/Surface_1/Surface_016/MP_SEL_SUR_001837.jpg,none,0.0,,,0.86
aihub_raw/surface/Surface_1/Surface_016/MP_SEL_SUR_001838.jpg,none,0.0,,,1.0
aihub_raw/surface/Surface_1/Surface_016/MP_SEL_SUR_001839.jpg,none,0.0,,,0.967
aihub_raw/surface/Surface_1/Surface_016/MP_SEL_SUR_001840.jpg,none,0.0,,,0.0
aihub_raw/surface/Surface_1/Surface_016/MP_SEL_SUR_001841.jpg,none,0.0,,,0.0
aihub_raw/surface/Surface_1/Surface_016/MP_SEL_SUR_001842.jpg,none,0.0,,,0.0014
aihub_raw/surface/Surface_1/Surface_016/MP_SEL_SUR_001843.jpg,none,0.0,,,0.9371
aihub_raw/surface/Surface_1/Surface_016/MP_SEL_SUR_001844.jpg,none,0.0,,,0.9776
aihub_raw/surface/Surface_1/Surface_016/MP_SEL_SUR_001845.jpg,none,0.0,,,0.8843
aihub_raw/surface/Surface_1/Surface_016/MP_SEL_SUR_001846.jpg,none,0.0,,,0.9184
aihub_raw/surface/Surface_1/Surface_016/MP_SEL_SUR_001847.jpg,none,0.0,,,0.0
aihub_raw/surface/Surface_1/Surface_016/MP_SEL_SUR_001848.jpg,none,0.0,,,0.9735
aihub_raw/surface/Surface_1/Surface_016/MP_SEL_SUR_001849.jpg,none,0.0,,,0.0
aihub_raw/surface/Surface_1/Surface_016/MP_SEL_SUR_001850.jpg,none,0.0,,,0.0
aihub_raw/surface/Surface_1/Surface_016/MP_SEL_SUR_001852.jpg,none,0.0,,,0.0
aihub_raw/surface/Surface_1/Surface_016/MP_SEL_SUR_001853.jpg,none,0.0,,,0.0
aihub_raw/surface/Surface_1/Surface_016/MP_SEL_SUR_001854.jpg,none,0.0,,,0.9173
aihub_raw/surface/Surface_1/Surface_016/MP_SEL_SUR_001855.jpg,none,0.0,,,0.0864
aihub_raw/surface/Surface_1/Surface_016/MP_SEL_SUR_001856.jpg,none,0.0,,,0.9117
aihub_raw/surface/Surface_1/Surface_016/MP_SEL_SUR_001857.jpg,none,0.0,,,0.0
aihub_raw/surface/Surface_1/Surface_016/MP_SEL_SUR_001858.jpg,none,0.0,,,0.0177
aihub_raw/surface/Surface_1/Surface_016/MP_SEL_SUR_001859.jpg,none,0.0,,,0.6056
aihub_raw/surface/Surface_1/Surface_016/MP_SEL_SUR_001860.jpg,none,0.0,,,0.9996
aihub_raw/surface/Surface_1/Surface_016/MP_SEL_SUR_001861.jpg,none,0.0,,,0.8088
aihub_raw/surface/Surface_1/Surface_016/MP_SEL_SUR_001862.jpg,none,0.0,,,0.0
aihub_raw/surface/Surface_1/Surface_016/MP_SEL_SUR_001863.jpg,none,0.0,,,0.0
aihub_raw/surface/Surface_1/Surface_016/MP_SEL_SUR_001864.jpg,none,0.0,,,0.0
aihub_raw/surface/Surface_1/Surface_016/MP_SEL_SUR_001865.jpg,none,0.0,,,0.9614
aihub_raw/surface/Surface_1/Surface_016/MP_SEL_SUR_001866.jpg,none,0.0,,,0.7739
aihub_raw/surface/Surface_1/Surface_016/MP_SEL_SUR_001867.jpg,none,0.0,,,0.9619
aihub_raw/surface/Surface_1/Surface_016/MP_SEL_SUR_001868.jpg,none,0.0,,,0.0
aihub_raw/surface/Surface_1/Surface_016/MP_SEL_SUR_001869.jpg,none,0.0,,,0.0
aihub_raw/surface/Surface_1/Surface_016/MP_SEL_SUR_001870.jpg,none,0.0,,,0.0122
aihub_raw/surface/Surface_1/Surface_016/MP_SEL_SUR_001871.jpg,none,0.0,,,0.8238
aihub_raw/surface/Surface_1/Surface_016/MP_SEL_SUR_001872.jpg,none,0.0,,,0.0
aihub_raw/surface/Surface_1/Surface_016/MP_SEL_SUR_001873.jpg,none,0.0,,,0.9013
aihub_raw/surface/Surface_1/Surface_016/MP_SEL_SUR_001874.jpg,none,0.0,,,0.0
aihub_raw/surface/Surface_1/Surface_016/MP_SEL_SUR_001875.jpg,none,0.0,,,0.0
aihub_raw/surface/Surface_1/Surface_016/MP_SEL_SUR_001876.jpg,none,0.0,,,0.9663
aihub_raw/surface/Surface_1/Surface_016/MP_SEL_SUR_001877.jpg,none,0.0,,,0.9742
aihub_raw/surface/Surface_1/Surface_016/MP_SEL_SUR_001878.jpg,none,0.0,,,0.9525
aihub_raw/surface/Surface_1/Surface_016/MP_SEL_SUR_001879.jpg,none,0.0,,,0.0
aihub_raw/surface/Surface_1/Surface_016/MP_SEL_SUR_001880.jpg,none,0.0,,,0.0
aihub_raw/surface/Surface_1/Surface_016/MP_SEL_SUR_001881.jpg,none,0.0,,,0.0
aihub_raw/surface/Surface_1/Surface_016/MP_SEL_SUR_001882.jpg,none,0.0,,,0.8901
aihub_raw/surface/Surface_1/Surface_016/MP_SEL_SUR_001883.jpg,none,0.0,,,0.0
aihub_raw/surface/Surface_1/Surface_016/MP_SEL_SUR_001884.jpg,none,0.0,,,0.9959
aihub_raw/surface/Surface_1/Surface_016/MP_SEL_SUR_001885.jpg,none_far,0.0171,0.041,0.1,0.075
aihub_raw/surface/Surface_1/Surface_016/MP_SEL_SUR_001886.jpg,none_far,0.0123,0.126,0.233,0.7963
aihub_raw/surface/Surface_1/Surface_016/MP_SEL_SUR_001887.jpg,none,0.0,,,0.9999
aihub_raw/surface/Surface_1/Surface_016/MP_SEL_SUR_001888.jpg,none,0.0,,,0.9242
aihub_raw/surface/Surface_1/Surface_016/MP_SEL_SUR_001889.jpg,none,0.0,,,0.925
aihub_raw/surface/Surface_1/Surface_016/MP_SEL_SUR_001890.jpg,none,0.0,,,0.8156
aihub_raw/surface/Surface_1/Surface_016/MP_SEL_SUR_001892.jpg,none,0.0,,,0.8288
aihub_raw/surface/Surface_1/Surface_016/MP_SEL_SUR_001893.jpg,none,0.0,,,0.0
aihub_raw/surface/Surface_1/Surface_016/MP_SEL_SUR_001894.jpg,none,0.0,,,0.0
aihub_raw/surface/Surface_1/Surface_016/MP_SEL_SUR_001895.jpg,none,0.0,,,0.9351
aihub_raw/surface/Surface_1/Surface_016/MP_SEL_SUR_001896.jpg,none,0.0,,,0.9587
aihub_raw/surface/Surface_1/Surface_016/MP_SEL_SUR_001897.jpg,none,0.0,,,0.9402
aihub_raw/surface/Surface_1/Surface_016/MP_SEL_SUR_001898.jpg,none,0.0,,,1.0
aihub_raw/surface/Surface_1/Surface_016/MP_SEL_SUR_001899.jpg,none,0.0,,,0.752
aihub_raw/surface/Surface_1/Surface_016/MP_SEL_SUR_001900.jpg,none,0.0,,,0.9419
aihub_raw/surface/Surface_1/Surface_016/MP_SEL_SUR_001901.jpg,none,0.0,,,0.0
aihub_raw/surface/Surface_1/Surface_016/MP_SEL_SUR_001902.jpg,approach,0.6498,0.0,0.804,0.3509
aihub_raw/surface/Surface_1/Surface_016/MP_SEL_SUR_001903.jpg,none,0.0,,,0.9355
aihub_raw/surface/Surface_1/Surface_016/MP_SEL_SUR_001904.jpg,none,0.0,,,0.8558
aihub_raw/surface/Surface_1/Surface_016/MP_SEL_SUR_001905.jpg,none,0.0,,,0.0
aihub_raw/surface/Surface_1/Surface_016/MP_SEL_SUR_001906.jpg,none,0.0,,,0.0
aihub_raw/surface/Surface_1/Surface_016/MP_SEL_SUR_001907.jpg,none,0.0,,,0.8421
aihub_raw/surface/Surface_1/Surface_016/MP_SEL_SUR_001908.jpg,none,0.0,,,0.9962
aihub_raw/surface/Surface_1/Surface_016/MP_SEL_SUR_001909.jpg,none_far,0.2134,0.0,0.319,0.7562
aihub_raw/surface/Surface_1/Surface_016/MP_SEL_SUR_001910.jpg,none,0.0,,,0.8315
aihub_raw/surface/Surface_1/Surface_016/MP_SEL_SUR_001911.jpg,none,0.0,,,0.8314
aihub_raw/surface/Surface_1/Surface_016/MP_SEL_SUR_001912.jpg,none,0.0,,,0.8008
aihub_raw/surface/Surface_1/Surface_016/MP_SEL_SUR_001914.jpg,none,0.0,,,0.0
aihub_raw/surface/Surface_1/Surface_016/MP_SEL_SUR_001915.jpg,none,0.0,,,0.993
aihub_raw/surface/Surface_1/Surface_016/MP_SEL_SUR_001916.jpg,none,0.0,,,0.0149
aihub_raw/surface/Surface_1/Surface_016/MP_SEL_SUR_001917.jpg,none,0.0,,,0.8994
aihub_raw/surface/Surface_1/Surface_016/MP_SEL_SUR_001918.jpg,none,0.0,,,0.0
aihub_raw/surface/Surface_1/Surface_016/MP_SEL_SUR_001919.jpg,none,0.0,,,0.884
aihub_raw/surface/Surface_1/Surface_016/MP_SEL_SUR_001920.jpg,none,0.0,,,0.9389
aihub_raw/surface/Surface_1/Surface_016/MP_SEL_SUR_001921.jpg,none,0.0,,,0.0
aihub_raw/surface/Surface_1/Surface_016/MP_SEL_SUR_001922.jpg,none,0.0,,,0.7863
aihub_raw/surface/Surface_1/Surface_017/MP_SEL_SUR_001923.jpg,none,0.0,,,0.9305
aihub_raw/surface/Surface_1/Surface_017/MP_SEL_SUR_001924.jpg,none,0.0,,,0.9552
aihub_raw/surface/Surface_1/Surface_017/MP_SEL_SUR_001925.jpg,none,0.0,,,0.8165
aihub_raw/surface/Surface_1/Surface_017/MP_SEL_SUR_001926.jpg,none_far,0.0929,0.011,0.215,0.7702
aihub_raw/surface/Surface_1/Surface_017/MP_SEL_SUR_001927.jpg,none,0.0,,,0.6939
aihub_raw/surface/Surface_1/Surface_017/MP_SEL_SUR_001928.jpg,none,0.0,,,0.0
aihub_raw/surface/Surface_1/Surface_017/MP_SEL_SUR_001930.jpg,none,0.0,,,0.9583
aihub_raw/surface/Surface_1/Surface_017/MP_SEL_SUR_001931.jpg,none,0.0,,,0.9387
aihub_raw/surface/Surface_1/Surface_017/MP_SEL_SUR_001932.jpg,none_far,0.0898,0.089,0.207,0.0046
aihub_raw/surface/Surface_1/Surface_017/MP_SEL_SUR_001933.jpg,none,0.0,,,0.7228
aihub_raw/surface/Surface_1/Surface_017/MP_SEL_SUR_001934.jpg,none,0.0,,,0.951
aihub_raw/surface/Surface_1/Surface_017/MP_SEL_SUR_001935.jpg,none,0.0,,,0.9752
aihub_raw/surface/Surface_1/Surface_017/MP_SEL_SUR_001936.jpg,none,0.0,,,0.0
aihub_raw/surface/Surface_1/Surface_017/MP_SEL_SUR_001937.jpg,none,0.0,,,0.9959
aihub_raw/surface/Surface_1/Surface_017/MP_SEL_SUR_001938.jpg,none,0.0,,,0.8841
aihub_raw/surface/Surface_1/Surface_017/MP_SEL_SUR_001939.jpg,none,0.0,,,0.0
aihub_raw/surface/Surface_1/Surface_017/MP_SEL_SUR_001940.jpg,none,0.0,,,0.7194
aihub_raw/surface/Surface_1/Surface_017/MP_SEL_SUR_001942.jpg,none,0.0,,,0.0
aihub_raw/surface/Surface_1/Surface_017/MP_SEL_SUR_001943.jpg,none,0.0,,,0.8897
aihub_raw/surface/Surface_1/Surface_017/MP_SEL_SUR_001944.jpg,none,0.0,,,0.8503
aihub_raw/surface/Surface_1/Surface_017/MP_SEL_SUR_001945.jpg,none,0.0,,,0.8534
aihub_raw/surface/Surface_1/Surface_017/MP_SEL_SUR_001946.jpg,none,0.0,,,0.8743
aihub_raw/surface/Surface_1/Surface_017/MP_SEL_SUR_001947.jpg,none,0.0,,,0.0
aihub_raw/surface/Surface_1/Surface_017/MP_SEL_SUR_001948.jpg,none,0.0,,,0.8771
aihub_raw/surface/Surface_1/Surface_017/MP_SEL_SUR_001949.jpg,none,0.0,,,0.8649
aihub_raw/surface/Surface_1/Surface_017/MP_SEL_SUR_001950.jpg,none,0.0,,,1.0
aihub_raw/surface/Surface_1/Surface_017/MP_SEL_SUR_001951.jpg,none,0.0,,,0.8054
aihub_raw/surface/Surface_1/Surface_017/MP_SEL_SUR_001952.jpg,none,0.0,,,0.0
aihub_raw/surface/Surface_1/Surface_017/MP_SEL_SUR_001953.jpg,none,0.0,,,0.9549
aihub_raw/surface/Surface_1/Surface_017/MP_SEL_SUR_001954.jpg,none,0.0,,,0.9917
aihub_raw/surface/Surface_1/Surface_017/MP_SEL_SUR_001955.jpg,none,0.0,,,0.5057
aihub_raw/surface/Surface_1/Surface_017/MP_SEL_SUR_001956.jpg,none,0.0,,,0.8956
aihub_raw/surface/Surface_1/Surface_017/MP_SEL_SUR_001957.jpg,none,0.0,,,0.983
aihub_raw/surface/Surface_1/Surface_017/MP_SEL_SUR_001958.jpg,none,0.0,,,0.9371
aihub_raw/surface/Surface_1/Surface_017/MP_SEL_SUR_001959.jpg,none,0.0,,,0.9959
aihub_raw/surface/Surface_1/Surface_017/MP_SEL_SUR_001960.jpg,none,0.0,,,0.0
aihub_raw/surface/Surface_1/Surface_017/MP_SEL_SUR_001961.jpg,none,0.0,,,1.0
aihub_raw/surface/Surface_1/Surface_017/MP_SEL_SUR_001962.jpg,none,0.0,,,0.9078
aihub_raw/surface/Surface_1/Surface_017/MP_SEL_SUR_001963.jpg,none,0.0,,,0.0
aihub_raw/surface/Surface_1/Surface_017/MP_SEL_SUR_001964.jpg,crossed,0.5067,0.419,1.0,0.3208
aihub_raw/surface/Surface_1/Surface_017/MP_SEL_SUR_001965.jpg,none,0.0,,,0.0195
aihub_raw/surface/Surface_1/Surface_017/MP_SEL_SUR_001967.jpg,none,0.0,,,0.8346
aihub_raw/surface/Surface_1/Surface_017/MP_SEL_SUR_001968.jpg,none,0.0,,,0.6227
aihub_raw/surface/Surface_1/Surface_017/MP_SEL_SUR_001969.jpg,none,0.0,,,0.0
aihub_raw/surface/Surface_1/Surface_017/MP_SEL_SUR_001970.jpg,none,0.0,,,0.8219
aihub_raw/surface/Surface_1/Surface_017/MP_SEL_SUR_001971.jpg,none,0.0,,,0.0
aihub_raw/surface/Surface_1/Surface_017/MP_SEL_SUR_001972.jpg,none,0.0,,,0.9352
aihub_raw/surface/Surface_1/Surface_017/MP_SEL_SUR_001973.jpg,none,0.0,,,0.8365
aihub_raw/surface/Surface_1/Surface_017/MP_SEL_SUR_001974.jpg,none,0.0,,,0.6745
aihub_raw/surface/Surface_1/Surface_017/MP_SEL_SUR_001975.jpg,none,0.0,,,0.8676
aihub_raw/surface/Surface_1/Surface_017/MP_SEL_SUR_001976.jpg,none,0.0,,,0.9731
aihub_raw/surface/Surface_1/Surface_017/MP_SEL_SUR_001977.jpg,none,0.0,,,0.9693
aihub_raw/surface/Surface_1/Surface_017/MP_SEL_SUR_001978.jpg,none,0.0,,,0.9389
aihub_raw/surface/Surface_1/Surface_017/MP_SEL_SUR_001979.jpg,none,0.0,,,0.0
aihub_raw/surface/Surface_1/Surface_017/MP_SEL_SUR_001980.jpg,none,0.0,,,0.0
aihub_raw/surface/Surface_1/Surface_017/MP_SEL_SUR_001981.jpg,none,0.0,,,0.0
aihub_raw/surface/Surface_1/Surface_017/MP_SEL_SUR_001982.jpg,none,0.0,,,0.0
aihub_raw/surface/Surface_1/Surface_017/MP_SEL_SUR_001983.jpg,on,0.8032,0.044,0.915,0.1158
aihub_raw/surface/Surface_1/Surface_017/MP_SEL_SUR_001984.jpg,none,0.0,,,0.986
aihub_raw/surface/Surface_1/Surface_017/MP_SEL_SUR_001986.jpg,none,0.0,,,0.9067
aihub_raw/surface/Surface_1/Surface_017/MP_SEL_SUR_001987.jpg,none,0.0,,,0.0532
aihub_raw/surface/Surface_1/Surface_017/MP_SEL_SUR_001988.jpg,none,0.0,,,0.9877
aihub_raw/surface/Surface_1/Surface_017/MP_SEL_SUR_001989.jpg,none,0.0,,,0.9406
aihub_raw/surface/Surface_1/Surface_017/MP_SEL_SUR_001990.jpg,none,0.0,,,0.0
aihub_raw/surface/Surface_1/Surface_017/MP_SEL_SUR_001991.jpg,approach,0.4711,0.0,0.715,0.4586
aihub_raw/surface/Surface_1/Surface_017/MP_SEL_SUR_001992.jpg,none,0.0,,,0.9099
aihub_raw/surface/Surface_1/Surface_017/MP_SEL_SUR_001993.jpg,none,0.0,,,0.3122
aihub_raw/surface/Surface_1/Surface_017/MP_SEL_SUR_001994.jpg,none,0.0,,,0.3619
aihub_raw/surface/Surface_1/Surface_017/MP_SEL_SUR_001995.jpg,none,0.0,,,0.9981
aihub_raw/surface/Surface_1/Surface_017/MP_SEL_SUR_001996.jpg,none,0.0,,,0.9939
aihub_raw/surface/Surface_1/Surface_017/MP_SEL_SUR_001997.jpg,none,0.0,,,0.6434
aihub_raw/surface/Surface_1/Surface_017/MP_SEL_SUR_001998.jpg,none,0.0,,,0.8287
aihub_raw/surface/Surface_1/Surface_017/MP_SEL_SUR_001999.jpg,none,0.0,,,0.8729
aihub_raw/surface/Surface_1/Surface_017/MP_SEL_SUR_002000.jpg,none,0.0,,,0.9246
aihub_raw/surface/Surface_1/Surface_017/MP_SEL_SUR_002001.jpg,on,0.9765,0.0,1.0,0.0194
aihub_raw/surface/Surface_1/Surface_017/MP_SEL_SUR_002002.jpg,none,0.0,,,0.0
aihub_raw/surface/Surface_1/Surface_017/MP_SEL_SUR_002004.jpg,none,0.0,,,0.9352
aihub_raw/surface/Surface_1/Surface_017/MP_SEL_SUR_002005.jpg,none,0.0,,,0.9079
aihub_raw/surface/Surface_1/Surface_017/MP_SEL_SUR_002006.jpg,none,0.0,,,0.964
aihub_raw/surface/Surface_1/Surface_017/MP_SEL_SUR_002007.jpg,none,0.0,,,0.0
aihub_raw/surface/Surface_1/Surface_017/MP_SEL_SUR_002008.jpg,none,0.0,,,0.0
aihub_raw/surface/Surface_1/Surface_017/MP_SEL_SUR_002009.jpg,none,0.0,,,0.9235
aihub_raw/surface/Surface_1/Surface_017/MP_SEL_SUR_002010.jpg,none,0.0,,,0.7529
aihub_raw/surface/Surface_1/Surface_017/MP_SEL_SUR_002011.jpg,none,0.0,,,0.9839
aihub_raw/surface/Surface_1/Surface_017/MP_SEL_SUR_002012.jpg,none,0.0,,,0.5484
aihub_raw/surface/Surface_1/Surface_017/MP_SEL_SUR_002013.jpg,none_far,0.0288,0.011,0.096,0.8065
aihub_raw/surface/Surface_1/Surface_017/MP_SEL_SUR_002014.jpg,none,0.0,,,0.7647
aihub_raw/surface/Surface_1/Surface_017/MP_SEL_SUR_002015.jpg,none,0.0,,,0.182
aihub_raw/surface/Surface_1/Surface_017/MP_SEL_SUR_002016.jpg,approach,0.5716,0.0,0.648,0.3684
aihub_raw/surface/Surface_1/Surface_017/MP_SEL_SUR_002017.jpg,none,0.0,,,0.9655
aihub_raw/surface/Surface_1/Surface_017/MP_SEL_SUR_002018.jpg,none,0.0,,,0.0
aihub_raw/surface/Surface_1/Surface_017/MP_SEL_SUR_002019.jpg,none,0.0,,,0.9891
aihub_raw/surface/Surface_1/Surface_017/MP_SEL_SUR_002020.jpg,none,0.0,,,0.0
aihub_raw/surface/Surface_1/Surface_017/MP_SEL_SUR_002021.jpg,none,0.0,,,0.0
aihub_raw/surface/Surface_1/Surface_017/MP_SEL_SUR_002022.jpg,none,0.0,,,0.8849
aihub_raw/surface/Surface_1/Surface_017/MP_SEL_SUR_002023.jpg,none,0.0,,,0.8699
aihub_raw/surface/Surface_1/Surface_017/MP_SEL_SUR_002024.jpg,none,0.0,,,0.9623
aihub_raw/surface/Surface_1/Surface_017/MP_SEL_SUR_002025.jpg,none,0.0,,,0.8324
aihub_raw/surface/Surface_1/Surface_017/MP_SEL_SUR_002026.jpg,none,0.0,,,0.0101
aihub_raw/surface/Surface_1/Surface_017/MP_SEL_SUR_002027.jpg,none,0.0,,,0.0
aihub_raw/surface/Surface_1/Surface_017/MP_SEL_SUR_002028.jpg,none,0.0,,,0.9968
aihub_raw/surface/Surface_1/Surface_017/MP_SEL_SUR_002029.jpg,on,0.9704,0.0,1.0,0.0
aihub_raw/surface/Surface_1/Surface_017/MP_SEL_SUR_002030.jpg,none,0.0,,,0.7643
aihub_raw/surface/Surface_1/Surface_017/MP_SEL_SUR_002031.jpg,none,0.0,,,0.8222
aihub_raw/surface/Surface_1/Surface_017/MP_SEL_SUR_002032.jpg,none,0.0,,,0.0
aihub_raw/surface/Surface_1/Surface_017/MP_SEL_SUR_002033.jpg,none,0.0,,,0.8276
aihub_raw/surface/Surface_1/Surface_017/MP_SEL_SUR_002034.jpg,none,0.0,,,0.9889
aihub_raw/surface/Surface_1/Surface_017/MP_SEL_SUR_002035.jpg,none,0.0,,,0.8558
aihub_raw/surface/Surface_1/Surface_017/MP_SEL_SUR_002036.jpg,none,0.0,,,0.98
aihub_raw/surface/Surface_1/Surface_017/MP_SEL_SUR_002037.jpg,none,0.0,,,0.0
aihub_raw/surface/Surface_1/Surface_017/MP_SEL_SUR_002038.jpg,none,0.0,,,0.9717
aihub_raw/surface/Surface_1/Surface_017/MP_SEL_SUR_002039.jpg,none,0.0,,,0.0
aihub_raw/surface/Surface_1/Surface_017/MP_SEL_SUR_002040.jpg,none,0.0,,,0.9848
aihub_raw/surface/Surface_1/Surface_017/MP_SEL_SUR_002041.jpg,none,0.0,,,0.0354
aihub_raw/surface/Surface_1/Surface_017/MP_SEL_SUR_002042.jpg,none,0.0,,,0.8713
aihub_raw/surface/Surface_1/Surface_018/MP_SEL_SUR_002043.jpg,none,0.0,,,0.0
aihub_raw/surface/Surface_1/Surface_018/MP_SEL_SUR_002044.jpg,none,0.0,,,0.6121
aihub_raw/surface/Surface_1/Surface_018/MP_SEL_SUR_002045.jpg,none,0.0,,,0.9997
aihub_raw/surface/Surface_1/Surface_018/MP_SEL_SUR_002046.jpg,none,0.0,,,0.1142
aihub_raw/surface/Surface_1/Surface_018/MP_SEL_SUR_002047.jpg,none,0.0,,,0.982
aihub_raw/surface/Surface_1/Surface_018/MP_SEL_SUR_002048.jpg,none,0.0,,,0.0
aihub_raw/surface/Surface_1/Surface_018/MP_SEL_SUR_002049.jpg,none,0.0,,,0.9718
aihub_raw/surface/Surface_1/Surface_018/MP_SEL_SUR_002050.jpg,none,0.0,,,0.1607
aihub_raw/surface/Surface_1/Surface_018/MP_SEL_SUR_002051.jpg,none,0.0,,,0.9763
aihub_raw/surface/Surface_1/Surface_018/MP_SEL_SUR_002052.jpg,none_far,0.0056,0.011,0.122,0.3067
aihub_raw/surface/Surface_1/Surface_018/MP_SEL_SUR_002053.jpg,none,0.0,,,0.8757
aihub_raw/surface/Surface_1/Surface_018/MP_SEL_SUR_002054.jpg,none,0.0,,,0.0
aihub_raw/surface/Surface_1/Surface_018/MP_SEL_SUR_002055.jpg,none,0.0,,,0.0036
aihub_raw/surface/Surface_1/Surface_018/MP_SEL_SUR_002056.jpg,none,0.0,,,0.2266
aihub_raw/surface/Surface_1/Surface_018/MP_SEL_SUR_002057.jpg,none,0.0,,,0.9485
aihub_raw/surface/Surface_1/Surface_018/MP_SEL_SUR_002058.jpg,none,0.0,,,0.9068
aihub_raw/surface/Surface_1/Surface_018/MP_SEL_SUR_002059.jpg,none,0.0,,,0.8746
aihub_raw/surface/Surface_1/Surface_018/MP_SEL_SUR_002060.jpg,none,0.0,,,0.0
aihub_raw/surface/Surface_1/Surface_018/MP_SEL_SUR_002063.jpg,none,0.0,,,0.9777
aihub_raw/surface/Surface_1/Surface_018/MP_SEL_SUR_002064.jpg,none,0.0,,,0.0
aihub_raw/surface/Surface_1/Surface_018/MP_SEL_SUR_002065.jpg,on,0.9171,0.0,1.0,0.0
aihub_raw/surface/Surface_1/Surface_018/MP_SEL_SUR_002066.jpg,none,0.0,,,0.0
aihub_raw/surface/Surface_1/Surface_018/MP_SEL_SUR_002067.jpg,none,0.0,,,0.8559
aihub_raw/surface/Surface_1/Surface_018/MP_SEL_SUR_002068.jpg,none,0.0,,,0.7313
aihub_raw/surface/Surface_1/Surface_018/MP_SEL_SUR_002069.jpg,none,0.0,,,0.9043
aihub_raw/surface/Surface_1/Surface_018/MP_SEL_SUR_002070.jpg,none,0.0,,,0.8826
aihub_raw/surface/Surface_1/Surface_018/MP_SEL_SUR_002071.jpg,none,0.0,,,0.998
aihub_raw/surface/Surface_1/Surface_018/MP_SEL_SUR_002072.jpg,none,0.0,,,0.0
aihub_raw/surface/Surface_1/Surface_018/MP_SEL_SUR_002073.jpg,none,0.0,,,0.9079
aihub_raw/surface/Surface_1/Surface_018/MP_SEL_SUR_002074.jpg,none,0.0,,,0.8315
aihub_raw/surface/Surface_1/Surface_018/MP_SEL_SUR_002076.jpg,none,0.0,,,0.0
aihub_raw/surface/Surface_1/Surface_018/MP_SEL_SUR_002077.jpg,none,0.0,,,0.7643
aihub_raw/surface/Surface_1/Surface_018/MP_SEL_SUR_002078.jpg,none,0.0,,,0.0
aihub_raw/surface/Surface_1/Surface_018/MP_SEL_SUR_002079.jpg,none,0.0,,,0.0
aihub_raw/surface/Surface_1/Surface_018/MP_SEL_SUR_002080.jpg,none,0.0,,,0.8753
aihub_raw/surface/Surface_1/Surface_018/MP_SEL_SUR_002081.jpg,none,0.0,,,0.9662
aihub_raw/surface/Surface_1/Surface_018/MP_SEL_SUR_002082.jpg,none,0.0,,,0.8472
aihub_raw/surface/Surface_1/Surface_018/MP_SEL_SUR_002083.jpg,none,0.0,,,0.8554
aihub_raw/surface/Surface_1/Surface_018/MP_SEL_SUR_002084.jpg,none,0.0,,,0.9968
aihub_raw/surface/Surface_1/Surface_018/MP_SEL_SUR_002085.jpg,none,0.0,,,0.0
aihub_raw/surface/Surface_1/Surface_018/MP_SEL_SUR_002086.jpg,none,0.0,,,1.0
aihub_raw/surface/Surface_1/Surface_018/MP_SEL_SUR_002087.jpg,none,0.0,,,0.0
aihub_raw/surface/Surface_1/Surface_018/MP_SEL_SUR_002088.jpg,none,0.0,,,0.8131
aihub_raw/surface/Surface_1/Surface_018/MP_SEL_SUR_002089.jpg,none,0.0,,,0.0
aihub_raw/surface/Surface_1/Surface_018/MP_SEL_SUR_002090.jpg,none,0.0,,,0.9997
aihub_raw/surface/Surface_1/Surface_018/MP_SEL_SUR_002091.jpg,none,0.0,,,0.9788
aihub_raw/surface/Surface_1/Surface_018/MP_SEL_SUR_002092.jpg,none,0.0,,,0.0
aihub_raw/surface/Surface_1/Surface_018/MP_SEL_SUR_002093.jpg,none,0.0,,,0.9926
aihub_raw/surface/Surface_1/Surface_018/MP_SEL_SUR_002094.jpg,none,0.0,,,0.9052
aihub_raw/surface/Surface_1/Surface_018/MP_SEL_SUR_002095.jpg,none,0.0,,,0.8328
aihub_raw/surface/Surface_1/Surface_018/MP_SEL_SUR_002096.jpg,none,0.0,,,0.8643
aihub_raw/surface/Surface_1/Surface_018/MP_SEL_SUR_002097.jpg,on,0.6863,0.307,1.0,0.3053
aihub_raw/surface/Surface_1/Surface_018/MP_SEL_SUR_002098.jpg,none,0.0,,,0.9546
aihub_raw/surface/Surface_1/Surface_018/MP_SEL_SUR_002099.jpg,approach,0.4988,0.0,0.674,0.4184
aihub_raw/surface/Surface_1/Surface_018/MP_SEL_SUR_002100.jpg,none,0.0,,,0.4055
aihub_raw/surface/Surface_1/Surface_018/MP_SEL_SUR_002101.jpg,none,0.0,,,0.7568
aihub_raw/surface/Surface_1/Surface_018/MP_SEL_SUR_002102.jpg,none_far,0.1266,0.0,0.174,0.7643
aihub_raw/surface/Surface_1/Surface_018/MP_SEL_SUR_002103.jpg,none,0.0,,,0.7171
aihub_raw/surface/Surface_1/Surface_018/MP_SEL_SUR_002104.jpg,none,0.0,,,0.9511
aihub_raw/surface/Surface_1/Surface_018/MP_SEL_SUR_002105.jpg,none,0.0,,,0.0
aihub_raw/surface/Surface_1/Surface_018/MP_SEL_SUR_002107.jpg,none,0.0,,,0.0
aihub_raw/surface/Surface_1/Surface_018/MP_SEL_SUR_002109.jpg,none,0.0,,,0.0
aihub_raw/surface/Surface_1/Surface_018/MP_SEL_SUR_002110.jpg,none,0.0,,,0.9888
aihub_raw/surface/Surface_1/Surface_018/MP_SEL_SUR_002111.jpg,on,0.692,0.0,1.0,0.0983
aihub_raw/surface/Surface_1/Surface_018/MP_SEL_SUR_002112.jpg,none,0.0,,,0.0
aihub_raw/surface/Surface_1/Surface_018/MP_SEL_SUR_002113.jpg,none,0.0,,,0.0
aihub_raw/surface/Surface_1/Surface_018/MP_SEL_SUR_002114.jpg,none,0.0,,,1.0
aihub_raw/surface/Surface_1/Surface_018/MP_SEL_SUR_002116.jpg,none,0.0,,,0.9644
aihub_raw/surface/Surface_1/Surface_018/MP_SEL_SUR_002117.jpg,none,0.0,,,0.2896
aihub_raw/surface/Surface_1/Surface_018/MP_SEL_SUR_002118.jpg,none,0.0,,,0.9031
aihub_raw/surface/Surface_1/Surface_018/MP_SEL_SUR_002119.jpg,none,0.0,,,0.0
aihub_raw/surface/Surface_1/Surface_018/MP_SEL_SUR_002120.jpg,none,0.0,,,0.8208
aihub_raw/surface/Surface_1/Surface_018/MP_SEL_SUR_002121.jpg,none,0.0,,,0.9062
aihub_raw/surface/Surface_1/Surface_018/MP_SEL_SUR_002122.jpg,none,0.0,,,0.8562
aihub_raw/surface/Surface_1/Surface_018/MP_SEL_SUR_002123.jpg,none,0.0,,,0.0
aihub_raw/surface/Surface_1/Surface_018/MP_SEL_SUR_002124.jpg,none,0.0,,,1.0
aihub_raw/surface/Surface_1/Surface_018/MP_SEL_SUR_002126.jpg,none,0.0,,,0.0
aihub_raw/surface/Surface_1/Surface_018/MP_SEL_SUR_002127.jpg,none,0.0,,,0.7034
aihub_raw/surface/Surface_1/Surface_018/MP_SEL_SUR_002128.jpg,none,0.0,,,0.9091
aihub_raw/surface/Surface_1/Surface_018/MP_SEL_SUR_002129.jpg,none,0.0,,,0.0
aihub_raw/surface/Surface_1/Surface_018/MP_SEL_SUR_002130.jpg,none,0.0,,,0.9075
aihub_raw/surface/Surface_1/Surface_018/MP_SEL_SUR_002131.jpg,none,0.0,,,0.9859
aihub_raw/surface/Surface_1/Surface_018/MP_SEL_SUR_002132.jpg,none,0.0,,,0.8701
aihub_raw/surface/Surface_1/Surface_018/MP_SEL_SUR_002133.jpg,none,0.0,,,0.0762
aihub_raw/surface/Surface_1/Surface_018/MP_SEL_SUR_002134.jpg,none,0.0,,,0.8382
aihub_raw/surface/Surface_1/Surface_018/MP_SEL_SUR_002135.jpg,none,0.0,,,0.0
aihub_raw/surface/Surface_1/Surface_018/MP_SEL_SUR_002136.jpg,none,0.0,,,0.9844
aihub_raw/surface/Surface_1/Surface_018/MP_SEL_SUR_002137.jpg,none,0.0,,,0.9824
aihub_raw/surface/Surface_1/Surface_018/MP_SEL_SUR_002138.jpg,none,0.0,,,0.8234
aihub_raw/surface/Surface_1/Surface_018/MP_SEL_SUR_002139.jpg,none,0.0,,,0.0
aihub_raw/surface/Surface_1/Surface_018/MP_SEL_SUR_002140.jpg,none,0.0,,,1.0
aihub_raw/surface/Surface_1/Surface_018/MP_SEL_SUR_002141.jpg,none_far,0.0009,0.015,0.037,0.9478
aihub_raw/surface/Surface_1/Surface_018/MP_SEL_SUR_002142.jpg,none,0.0,,,0.0
aihub_raw/surface/Surface_1/Surface_018/MP_SEL_SUR_002143.jpg,none,0.0,,,0.8004
aihub_raw/surface/Surface_1/Surface_018/MP_SEL_SUR_002144.jpg,none,0.0,,,0.0
aihub_raw/surface/Surface_1/Surface_018/MP_SEL_SUR_002145.jpg,none,0.0,,,0.9998
aihub_raw/surface/Surface_1/Surface_018/MP_SEL_SUR_002146.jpg,none,0.0,,,0.0686
aihub_raw/surface/Surface_1/Surface_018/MP_SEL_SUR_002147.jpg,none,0.0,,,0.6895
aihub_raw/surface/Surface_1/Surface_018/MP_SEL_SUR_002148.jpg,none,0.0,,,0.0
aihub_raw/surface/Surface_1/Surface_018/MP_SEL_SUR_002149.jpg,none,0.0,,,0.0
aihub_raw/surface/Surface_1/Surface_018/MP_SEL_SUR_002150.jpg,none,0.0,,,0.0
aihub_raw/surface/Surface_1/Surface_018/MP_SEL_SUR_002151.jpg,none,0.0,,,0.903
aihub_raw/surface/Surface_1/Surface_018/MP_SEL_SUR_002152.jpg,none,0.0,,,0.0
aihub_raw/surface/Surface_1/Surface_018/MP_SEL_SUR_002153.jpg,none,0.0,,,0.8553
aihub_raw/surface/Surface_1/Surface_018/MP_SEL_SUR_002154.jpg,none,0.0,,,0.9173
aihub_raw/surface/Surface_1/Surface_018/MP_SEL_SUR_002155.jpg,none,0.0,,,0.952
aihub_raw/surface/Surface_1/Surface_018/MP_SEL_SUR_002156.jpg,none,0.0,,,1.0
aihub_raw/surface/Surface_1/Surface_018/MP_SEL_SUR_002157.jpg,none,0.0,,,0.9211
aihub_raw/surface/Surface_1/Surface_018/MP_SEL_SUR_002158.jpg,none,0.0,,,0.0226
aihub_raw/surface/Surface_1/Surface_018/MP_SEL_SUR_002159.jpg,none,0.0,,,0.9488
aihub_raw/surface/Surface_1/Surface_018/MP_SEL_SUR_002160.jpg,none,0.0,,,1.0
aihub_raw/surface/Surface_1/Surface_018/MP_SEL_SUR_002161.jpg,none,0.0,,,0.9979
aihub_raw/surface/Surface_1/Surface_018/MP_SEL_SUR_002162.jpg,none,0.0,,,0.9829
aihub_raw/surface/Surface_1/Surface_019/MP_SEL_SUR_002163.jpg,none,0.0,,,0.9193
aihub_raw/surface/Surface_1/Surface_019/MP_SEL_SUR_002164.jpg,none,0.0,,,0.9251
aihub_raw/surface/Surface_1/Surface_019/MP_SEL_SUR_002165.jpg,none,0.0,,,0.0
aihub_raw/surface/Surface_1/Surface_019/MP_SEL_SUR_002166.jpg,none,0.0,,,0.9967
aihub_raw/surface/Surface_1/Surface_019/MP_SEL_SUR_002167.jpg,none,0.0,,,0.8953
aihub_raw/surface/Surface_1/Surface_019/MP_SEL_SUR_002168.jpg,none,0.0,,,0.9697
aihub_raw/surface/Surface_1/Surface_019/MP_SEL_SUR_002169.jpg,none,0.0,,,0.0
aihub_raw/surface/Surface_1/Surface_019/MP_SEL_SUR_002170.jpg,none,0.0,,,0.8693
aihub_raw/surface/Surface_1/Surface_019/MP_SEL_SUR_002171.jpg,none,0.0,,,0.6803
aihub_raw/surface/Surface_1/Surface_019/MP_SEL_SUR_002172.jpg,none,0.0,,,0.737
aihub_raw/surface/Surface_1/Surface_019/MP_SEL_SUR_002173.jpg,none,0.0,,,0.8963
aihub_raw/surface/Surface_1/Surface_019/MP_SEL_SUR_002174.jpg,none,0.0,,,0.9446
aihub_raw/surface/Surface_1/Surface_019/MP_SEL_SUR_002175.jpg,none_far,0.2517,0.0,0.344,0.6469
aihub_raw/surface/Surface_1/Surface_019/MP_SEL_SUR_002176.jpg,none,0.0,,,0.9652
aihub_raw/surface/Surface_1/Surface_019/MP_SEL_SUR_002177.jpg,none,0.0,,,0.8215
aihub_raw/surface/Surface_1/Surface_019/MP_SEL_SUR_002178.jpg,none,0.0,,,0.0185
aihub_raw/surface/Surface_1/Surface_019/MP_SEL_SUR_002180.jpg,none,0.0,,,0.7387
aihub_raw/surface/Surface_1/Surface_019/MP_SEL_SUR_002181.jpg,none,0.0,,,0.8998
aihub_raw/surface/Surface_1/Surface_019/MP_SEL_SUR_002182.jpg,none,0.0,,,0.0
aihub_raw/surface/Surface_1/Surface_019/MP_SEL_SUR_002183.jpg,none,0.0,,,0.0
aihub_raw/surface/Surface_1/Surface_019/MP_SEL_SUR_002184.jpg,none,0.0,,,0.0
aihub_raw/surface/Surface_1/Surface_019/MP_SEL_SUR_002185.jpg,none,0.0,,,0.8936
aihub_raw/surface/Surface_1/Surface_019/MP_SEL_SUR_002186.jpg,none,0.0,,,0.0
aihub_raw/surface/Surface_1/Surface_019/MP_SEL_SUR_002187.jpg,none,0.0,,,0.784
aihub_raw/surface/Surface_1/Surface_019/MP_SEL_SUR_002188.jpg,none,0.0,,,0.0
aihub_raw/surface/Surface_1/Surface_019/MP_SEL_SUR_002189.jpg,none,0.0,,,0.0023
aihub_raw/surface/Surface_1/Surface_019/MP_SEL_SUR_002190.jpg,none,0.0,,,0.8892
aihub_raw/surface/Surface_1/Surface_019/MP_SEL_SUR_002191.jpg,none,0.0,,,0.8588
aihub_raw/surface/Surface_1/Surface_019/MP_SEL_SUR_002192.jpg,none,0.0,,,0.0155
aihub_raw/surface/Surface_1/Surface_019/MP_SEL_SUR_002193.jpg,approach,0.8331,0.0,0.915,0.1177
aihub_raw/surface/Surface_1/Surface_019/MP_SEL_SUR_002194.jpg,none,0.0,,,0.9832
aihub_raw/surface/Surface_1/Surface_019/MP_SEL_SUR_002195.jpg,none,0.0,,,0.0
aihub_raw/surface/Surface_1/Surface_019/MP_SEL_SUR_002196.jpg,none,0.0,,,0.9263
aihub_raw/surface/Surface_1/Surface_019/MP_SEL_SUR_002197.jpg,none_far,0.3721,0.0,0.581,0.5516
aihub_raw/surface/Surface_1/Surface_019/MP_SEL_SUR_002198.jpg,none,0.0,,,0.0
aihub_raw/surface/Surface_1/Surface_019/MP_SEL_SUR_002199.jpg,none,0.0,,,0.9871
aihub_raw/surface/Surface_1/Surface_019/MP_SEL_SUR_002200.jpg,none,0.0,,,0.0
aihub_raw/surface/Surface_1/Surface_019/MP_SEL_SUR_002201.jpg,none,0.0,,,0.9487
aihub_raw/surface/Surface_1/Surface_019/MP_SEL_SUR_002202.jpg,none,0.0,,,0.9481
aihub_raw/surface/Surface_1/Surface_019/MP_SEL_SUR_002203.jpg,none,0.0,,,0.7361
aihub_raw/surface/Surface_1/Surface_019/MP_SEL_SUR_002204.jpg,none,0.0,,,0.6782
aihub_raw/surface/Surface_1/Surface_019/MP_SEL_SUR_002205.jpg,none,0.0,,,0.0
aihub_raw/surface/Surface_1/Surface_019/MP_SEL_SUR_002206.jpg,none,0.0,,,0.9074
aihub_raw/surface/Surface_1/Surface_019/MP_SEL_SUR_002207.jpg,on,0.7379,0.026,1.0,0.0532
aihub_raw/surface/Surface_1/Surface_019/MP_SEL_SUR_002208.jpg,none_far,0.151,0.0,0.23,0.8113
aihub_raw/surface/Surface_1/Surface_019/MP_SEL_SUR_002209.jpg,none_far,0.1626,0.007,0.222,0.8054
aihub_raw/surface/Surface_1/Surface_019/MP_SEL_SUR_002210.jpg,on,0.998,0.0,1.0,0.0
aihub_raw/surface/Surface_1/Surface_019/MP_SEL_SUR_002211.jpg,none,0.0,,,0.8974
aihub_raw/surface/Surface_1/Surface_019/MP_SEL_SUR_002212.jpg,none,0.0,,,0.9856
aihub_raw/surface/Surface_1/Surface_019/MP_SEL_SUR_002213.jpg,none,0.0,,,0.9216
aihub_raw/surface/Surface_1/Surface_019/MP_SEL_SUR_002214.jpg,on,1.0,0.0,1.0,0.0
aihub_raw/surface/Surface_1/Surface_019/MP_SEL_SUR_002215.jpg,none_far,0.0063,0.0,0.104,0.8602
aihub_raw/surface/Surface_1/Surface_019/MP_SEL_SUR_002216.jpg,none,0.0,,,0.0289
aihub_raw/surface/Surface_1/Surface_019/MP_SEL_SUR_002217.jpg,none,0.0,,,0.9969
aihub_raw/surface/Surface_1/Surface_019/MP_SEL_SUR_002218.jpg,none,0.0,,,0.0
aihub_raw/surface/Surface_1/Surface_019/MP_SEL_SUR_002219.jpg,none,0.0,,,0.9536
aihub_raw/surface/Surface_1/Surface_019/MP_SEL_SUR_002220.jpg,none,0.0,,,0.9071
aihub_raw/surface/Surface_1/Surface_019/MP_SEL_SUR_002221.jpg,none,0.0,,,0.7989
aihub_raw/surface/Surface_1/Surface_019/MP_SEL_SUR_002222.jpg,none,0.0,,,1.0
aihub_raw/surface/Surface_1/Surface_019/MP_SEL_SUR_002223.jpg,none,0.0,,,0.1498
aihub_raw/surface/Surface_1/Surface_019/MP_SEL_SUR_002224.jpg,approach,0.8199,0.0,0.885,0.1811
aihub_raw/surface/Surface_1/Surface_019/MP_SEL_SUR_002225.jpg,none,0.0,,,0.3031
aihub_raw/surface/Surface_1/Surface_019/MP_SEL_SUR_002226.jpg,none,0.0,,,0.882
aihub_raw/surface/Surface_1/Surface_019/MP_SEL_SUR_002227.jpg,none,0.0,,,0.9375
aihub_raw/surface/Surface_1/Surface_019/MP_SEL_SUR_002228.jpg,none,0.0,,,0.0742
aihub_raw/surface/Surface_1/Surface_019/MP_SEL_SUR_002229.jpg,none,0.0,,,0.7866
aihub_raw/surface/Surface_1/Surface_019/MP_SEL_SUR_002230.jpg,none,0.0,,,0.0
aihub_raw/surface/Surface_1/Surface_019/MP_SEL_SUR_002231.jpg,none,0.0,,,0.932
aihub_raw/surface/Surface_1/Surface_019/MP_SEL_SUR_002232.jpg,none,0.0,,,0.5497
aihub_raw/surface/Surface_1/Surface_019/MP_SEL_SUR_002233.jpg,none,0.0,,,0.0
aihub_raw/surface/Surface_1/Surface_019/MP_SEL_SUR_002234.jpg,none,0.0,,,0.0036
aihub_raw/surface/Surface_1/Surface_019/MP_SEL_SUR_002235.jpg,none,0.0,,,0.0
aihub_raw/surface/Surface_1/Surface_019/MP_SEL_SUR_002236.jpg,none,0.0,,,0.8893
aihub_raw/surface/Surface_1/Surface_019/MP_SEL_SUR_002237.jpg,none,0.0,,,0.0
aihub_raw/surface/Surface_1/Surface_019/MP_SEL_SUR_002238.jpg,none,0.0,,,0.0
aihub_raw/surface/Surface_1/Surface_019/MP_SEL_SUR_002239.jpg,none,0.0,,,0.0
aihub_raw/surface/Surface_1/Surface_019/MP_SEL_SUR_002240.jpg,none,0.0,,,0.7501
aihub_raw/surface/Surface_1/Surface_019/MP_SEL_SUR_002241.jpg,none,0.0,,,0.9853
aihub_raw/surface/Surface_1/Surface_019/MP_SEL_SUR_002242.jpg,none,0.0,,,0.9446
aihub_raw/surface/Surface_1/Surface_019/MP_SEL_SUR_002244.jpg,none_far,0.0042,0.007,0.022,0.7231
aihub_raw/surface/Surface_1/Surface_019/MP_SEL_SUR_002245.jpg,none,0.0,,,0.2554
aihub_raw/surface/Surface_1/Surface_019/MP_SEL_SUR_002246.jpg,none,0.0,,,0.9853
aihub_raw/surface/Surface_1/Surface_019/MP_SEL_SUR_002247.jpg,none,0.0,,,0.0
aihub_raw/surface/Surface_1/Surface_019/MP_SEL_SUR_002249.jpg,none,0.0,,,0.0
aihub_raw/surface/Surface_1/Surface_019/MP_SEL_SUR_002250.jpg,none,0.0,,,0.732
aihub_raw/surface/Surface_1/Surface_019/MP_SEL_SUR_002251.jpg,none,0.0,,,0.7265
aihub_raw/surface/Surface_1/Surface_019/MP_SEL_SUR_002252.jpg,none,0.0,,,0.8523
aihub_raw/surface/Surface_1/Surface_019/MP_SEL_SUR_002253.jpg,none,0.0,,,0.9287
aihub_raw/surface/Surface_1/Surface_019/MP_SEL_SUR_002254.jpg,on,1.0,0.0,1.0,0.0
aihub_raw/surface/Surface_1/Surface_019/MP_SEL_SUR_002255.jpg,none,0.0,,,0.0
aihub_raw/surface/Surface_1/Surface_019/MP_SEL_SUR_002256.jpg,none,0.0,,,0.0
aihub_raw/surface/Surface_1/Surface_019/MP_SEL_SUR_002257.jpg,none,0.0,,,0.8317
aihub_raw/surface/Surface_1/Surface_019/MP_SEL_SUR_002258.jpg,none,0.0,,,0.9973
aihub_raw/surface/Surface_1/Surface_019/MP_SEL_SUR_002259.jpg,none,0.0,,,0.0
aihub_raw/surface/Surface_1/Surface_019/MP_SEL_SUR_002260.jpg,none,0.0,,,0.9317
aihub_raw/surface/Surface_1/Surface_019/MP_SEL_SUR_002262.jpg,approach,0.6979,0.0,0.893,0.2527
aihub_raw/surface/Surface_1/Surface_019/MP_SEL_SUR_002263.jpg,none,0.0,,,0.9272
aihub_raw/surface/Surface_1/Surface_019/MP_SEL_SUR_002264.jpg,none,0.0,,,0.9705
aihub_raw/surface/Surface_1/Surface_019/MP_SEL_SUR_002265.jpg,none,0.0,,,0.956
aihub_raw/surface/Surface_1/Surface_019/MP_SEL_SUR_002266.jpg,none,0.0,,,0.979
aihub_raw/surface/Surface_1/Surface_019/MP_SEL_SUR_002267.jpg,none,0.0,,,0.6998
aihub_raw/surface/Surface_1/Surface_019/MP_SEL_SUR_002268.jpg,none,0.0,,,0.0
aihub_raw/surface/Surface_1/Surface_019/MP_SEL_SUR_002269.jpg,none,0.0,,,0.9479
aihub_raw/surface/Surface_1/Surface_019/MP_SEL_SUR_002270.jpg,none_far,0.5098,0.0,0.556,0.4114
aihub_raw/surface/Surface_1/Surface_019/MP_SEL_SUR_002271.jpg,none,0.0,,,0.0
aihub_raw/surface/Surface_1/Surface_019/MP_SEL_SUR_002272.jpg,none,0.0,,,0.0
aihub_raw/surface/Surface_1/Surface_019/MP_SEL_SUR_002273.jpg,none,0.0,,,0.7217
aihub_raw/surface/Surface_1/Surface_019/MP_SEL_SUR_002274.jpg,none,0.0,,,0.0
aihub_raw/surface/Surface_1/Surface_019/MP_SEL_SUR_002275.jpg,none,0.0,,,0.0
aihub_raw/surface/Surface_1/Surface_019/MP_SEL_SUR_002276.jpg,none,0.0,,,0.0
aihub_raw/surface/Surface_1/Surface_019/MP_SEL_SUR_002277.jpg,none,0.0,,,0.0
aihub_raw/surface/Surface_1/Surface_019/MP_SEL_SUR_002278.jpg,none,0.0,,,0.8991
aihub_raw/surface/Surface_1/Surface_019/MP_SEL_SUR_002279.jpg,none,0.0,,,0.9989
aihub_raw/surface/Surface_1/Surface_019/MP_SEL_SUR_002280.jpg,none,0.0,,,0.6308
aihub_raw/surface/Surface_1/Surface_019/MP_SEL_SUR_002281.jpg,none_far,0.0023,0.204,0.259,0.9295
aihub_raw/surface/Surface_1/Surface_019/MP_SEL_SUR_002282.jpg,none,0.0,,,0.9853
aihub_raw/surface/Surface_1/Surface_020/MP_SEL_SUR_002283.jpg,none,0.0,,,0.8912
aihub_raw/surface/Surface_1/Surface_020/MP_SEL_SUR_002284.jpg,none,0.0,,,0.9515
aihub_raw/surface/Surface_1/Surface_020/MP_SEL_SUR_002285.jpg,none,0.0,,,0.0004
aihub_raw/surface/Surface_1/Surface_020/MP_SEL_SUR_002286.jpg,none,0.0,,,0.8621
aihub_raw/surface/Surface_1/Surface_020/MP_SEL_SUR_002287.jpg,none,0.0,,,0.2052
aihub_raw/surface/Surface_1/Surface_020/MP_SEL_SUR_002288.jpg,none,0.0,,,0.9207
aihub_raw/surface/Surface_1/Surface_020/MP_SEL_SUR_002289.jpg,none,0.0,,,0.0
aihub_raw/surface/Surface_1/Surface_020/MP_SEL_SUR_002290.jpg,none,0.0,,,0.0
aihub_raw/surface/Surface_1/Surface_020/MP_SEL_SUR_002291.jpg,none,0.0,,,0.0
aihub_raw/surface/Surface_1/Surface_020/MP_SEL_SUR_002292.jpg,none,0.0,,,0.0
aihub_raw/surface/Surface_1/Surface_020/MP_SEL_SUR_002293.jpg,none,0.0,,,0.0
aihub_raw/surface/Surface_1/Surface_020/MP_SEL_SUR_002294.jpg,none,0.0,,,0.9924
aihub_raw/surface/Surface_1/Surface_020/MP_SEL_SUR_002295.jpg,none,0.0,,,0.0
aihub_raw/surface/Surface_1/Surface_020/MP_SEL_SUR_002296.jpg,none_far,0.024,0.0,0.044,0.9643
aihub_raw/surface/Surface_1/Surface_020/MP_SEL_SUR_002297.jpg,none,0.0,,,0.8671
aihub_raw/surface/Surface_1/Surface_020/MP_SEL_SUR_002298.jpg,none,0.0,,,0.7934
aihub_raw/surface/Surface_1/Surface_020/MP_SEL_SUR_002299.jpg,none,0.0,,,0.8334
aihub_raw/surface/Surface_1/Surface_020/MP_SEL_SUR_002300.jpg,none,0.0,,,0.0
aihub_raw/surface/Surface_1/Surface_020/MP_SEL_SUR_002301.jpg,none,0.0,,,0.8381
aihub_raw/surface/Surface_1/Surface_020/MP_SEL_SUR_002302.jpg,none,0.0,,,0.9789
aihub_raw/surface/Surface_1/Surface_020/MP_SEL_SUR_002303.jpg,none,0.0,,,0.0699
aihub_raw/surface/Surface_1/Surface_020/MP_SEL_SUR_002304.jpg,none,0.0,,,0.9907
aihub_raw/surface/Surface_1/Surface_020/MP_SEL_SUR_002305.jpg,none,0.0,,,0.0
aihub_raw/surface/Surface_1/Surface_020/MP_SEL_SUR_002306.jpg,none,0.0,,,0.7939
aihub_raw/surface/Surface_1/Surface_020/MP_SEL_SUR_002307.jpg,none,0.0,,,0.9835
aihub_raw/surface/Surface_1/Surface_020/MP_SEL_SUR_002308.jpg,on,0.9389,0.019,1.0,0.0298
aihub_raw/surface/Surface_1/Surface_020/MP_SEL_SUR_002309.jpg,none,0.0,,,0.7626
aihub_raw/surface/Surface_1/Surface_020/MP_SEL_SUR_002310.jpg,none,0.0,,,0.909
aihub_raw/surface/Surface_1/Surface_020/MP_SEL_SUR_002311.jpg,none,0.0,,,0.0
aihub_raw/surface/Surface_1/Surface_020/MP_SEL_SUR_002312.jpg,none,0.0,,,0.0
aihub_raw/surface/Surface_1/Surface_020/MP_SEL_SUR_002313.jpg,none,0.0,,,0.7319
aihub_raw/surface/Surface_1/Surface_020/MP_SEL_SUR_002314.jpg,none,0.0,,,0.9815
aihub_raw/surface/Surface_1/Surface_020/MP_SEL_SUR_002315.jpg,none,0.0,,,0.9137
aihub_raw/surface/Surface_1/Surface_020/MP_SEL_SUR_002316.jpg,none,0.0,,,0.9758
aihub_raw/surface/Surface_1/Surface_020/MP_SEL_SUR_002317.jpg,none,0.0,,,0.903
aihub_raw/surface/Surface_1/Surface_020/MP_SEL_SUR_002318.jpg,none,0.0,,,0.9807
aihub_raw/surface/Surface_1/Surface_020/MP_SEL_SUR_002319.jpg,none,0.0,,,0.8491
aihub_raw/surface/Surface_1/Surface_020/MP_SEL_SUR_002320.jpg,none,0.0,,,0.9648
aihub_raw/surface/Surface_1/Surface_020/MP_SEL_SUR_002321.jpg,none,0.0,,,0.9157
aihub_raw/surface/Surface_1/Surface_020/MP_SEL_SUR_002322.jpg,none,0.0,,,0.7361
aihub_raw/surface/Surface_1/Surface_020/MP_SEL_SUR_002323.jpg,none,0.0,,,0.9402
aihub_raw/surface/Surface_1/Surface_020/MP_SEL_SUR_002324.jpg,none,0.0,,,0.0047
aihub_raw/surface/Surface_1/Surface_020/MP_SEL_SUR_002325.jpg,none,0.0,,,0.9838
aihub_raw/surface/Surface_1/Surface_020/MP_SEL_SUR_002326.jpg,none_far,0.1775,0.0,0.181,0.8179
aihub_raw/surface/Surface_1/Surface_020/MP_SEL_SUR_002327.jpg,none,0.0,,,0.9486
aihub_raw/surface/Surface_1/Surface_020/MP_SEL_SUR_002328.jpg,none,0.0,,,0.0
aihub_raw/surface/Surface_1/Surface_020/MP_SEL_SUR_002329.jpg,none,0.0,,,0.8725
aihub_raw/surface/Surface_1/Surface_020/MP_SEL_SUR_002330.jpg,none,0.0,,,0.8089
aihub_raw/surface/Surface_1/Surface_020/MP_SEL_SUR_002331.jpg,none,0.0,,,0.9294
aihub_raw/surface/Surface_1/Surface_020/MP_SEL_SUR_002332.jpg,none,0.0,,,0.9908
aihub_raw/surface/Surface_1/Surface_020/MP_SEL_SUR_002333.jpg,none,0.0,,,0.7771
aihub_raw/surface/Surface_1/Surface_020/MP_SEL_SUR_002334.jpg,none,0.0,,,0.6366
aihub_raw/surface/Surface_1/Surface_020/MP_SEL_SUR_002335.jpg,none,0.0,,,0.9911
aihub_raw/surface/Surface_1/Surface_020/MP_SEL_SUR_002336.jpg,none,0.0,,,0.0
aihub_raw/surface/Surface_1/Surface_020/MP_SEL_SUR_002337.jpg,none,0.0,,,0.021
aihub_raw/surface/Surface_1/Surface_020/MP_SEL_SUR_002338.jpg,none,0.0,,,0.9748
aihub_raw/surface/Surface_1/Surface_020/MP_SEL_SUR_002339.jpg,none,0.0,,,0.8329
aihub_raw/surface/Surface_1/Surface_020/MP_SEL_SUR_002340.jpg,none,0.0,,,0.0
aihub_raw/surface/Surface_1/Surface_020/MP_SEL_SUR_002341.jpg,none,0.0,,,0.0
aihub_raw/surface/Surface_1/Surface_020/MP_SEL_SUR_002342.jpg,none,0.0,,,0.8487
aihub_raw/surface/Surface_1/Surface_020/MP_SEL_SUR_002343.jpg,none,0.0,,,0.9536
aihub_raw/surface/Surface_1/Surface_020/MP_SEL_SUR_002344.jpg,none_far,0.4493,0.0,0.459,0.546
aihub_raw/surface/Surface_1/Surface_020/MP_SEL_SUR_002346.jpg,none,0.0,,,0.0
aihub_raw/surface/Surface_1/Surface_020/MP_SEL_SUR_002347.jpg,none_far,0.0075,0.0,0.104,0.9823
aihub_raw/surface/Surface_1/Surface_020/MP_SEL_SUR_002348.jpg,none,0.0,,,0.9771
aihub_raw/surface/Surface_1/Surface_020/MP_SEL_SUR_002349.jpg,none_far,0.0039,0.048,0.144,0.8384
aihub_raw/surface/Surface_1/Surface_020/MP_SEL_SUR_002350.jpg,none,0.0,,,0.7685
aihub_raw/surface/Surface_1/Surface_020/MP_SEL_SUR_002351.jpg,none,0.0,,,0.1468
aihub_raw/surface/Surface_1/Surface_020/MP_SEL_SUR_002352.jpg,none,0.0,,,0.0
aihub_raw/surface/Surface_1/Surface_020/MP_SEL_SUR_002353.jpg,none,0.0,,,0.943
aihub_raw/surface/Surface_1/Surface_020/MP_SEL_SUR_002354.jpg,none,0.0,,,0.5978
aihub_raw/surface/Surface_1/Surface_020/MP_SEL_SUR_002355.jpg,none,0.0,,,0.9753
aihub_raw/surface/Surface_1/Surface_020/MP_SEL_SUR_002356.jpg,none,0.0,,,0.9807
aihub_raw/surface/Surface_1/Surface_020/MP_SEL_SUR_002357.jpg,none,0.0,,,0.0
aihub_raw/surface/Surface_1/Surface_020/MP_SEL_SUR_002358.jpg,none,0.0,,,0.0
aihub_raw/surface/Surface_1/Surface_020/MP_SEL_SUR_002359.jpg,none,0.0,,,0.89
aihub_raw/surface/Surface_1/Surface_020/MP_SEL_SUR_002360.jpg,none,0.0,,,0.3372
aihub_raw/surface/Surface_1/Surface_020/MP_SEL_SUR_002361.jpg,none,0.0,,,0.0
aihub_raw/surface/Surface_1/Surface_020/MP_SEL_SUR_002362.jpg,none,0.0,,,0.4613
aihub_raw/surface/Surface_1/Surface_020/MP_SEL_SUR_002363.jpg,none,0.0,,,0.0
aihub_raw/surface/Surface_1/Surface_020/MP_SEL_SUR_002364.jpg,none,0.0,,,0.7518
aihub_raw/surface/Surface_1/Surface_020/MP_SEL_SUR_002365.jpg,none,0.0,,,0.0
aihub_raw/surface/Surface_1/Surface_020/MP_SEL_SUR_002366.jpg,none,0.0,,,0.0
aihub_raw/surface/Surface_1/Surface_020/MP_SEL_SUR_002367.jpg,none,0.0,,,0.945
aihub_raw/surface/Surface_1/Surface_020/MP_SEL_SUR_002368.jpg,none,0.0,,,0.0
aihub_raw/surface/Surface_1/Surface_020/MP_SEL_SUR_002369.jpg,none,0.0,,,0.0
aihub_raw/surface/Surface_1/Surface_020/MP_SEL_SUR_002370.jpg,none,0.0,,,0.0298
aihub_raw/surface/Surface_1/Surface_020/MP_SEL_SUR_002371.jpg,none,0.0,,,1.0
aihub_raw/surface/Surface_1/Surface_020/MP_SEL_SUR_002372.jpg,none,0.0,,,0.0
aihub_raw/surface/Surface_1/Surface_020/MP_SEL_SUR_002373.jpg,none,0.0,,,0.9893
aihub_raw/surface/Surface_1/Surface_020/MP_SEL_SUR_002374.jpg,none,0.0,,,0.9129
aihub_raw/surface/Surface_1/Surface_020/MP_SEL_SUR_002375.jpg,none,0.0,,,0.0
aihub_raw/surface/Surface_1/Surface_020/MP_SEL_SUR_002376.jpg,none,0.0,,,0.9961
aihub_raw/surface/Surface_1/Surface_020/MP_SEL_SUR_002377.jpg,none_far,0.0007,0.0,0.03,0.986
aihub_raw/surface/Surface_1/Surface_020/MP_SEL_SUR_002378.jpg,crossed,0.4491,0.544,1.0,0.4954
aihub_raw/surface/Surface_1/Surface_020/MP_SEL_SUR_002379.jpg,none,0.0,,,0.9762
aihub_raw/surface/Surface_1/Surface_020/MP_SEL_SUR_002381.jpg,none,0.0,,,0.0222
aihub_raw/surface/Surface_1/Surface_020/MP_SEL_SUR_002382.jpg,none,0.0,,,0.9809
aihub_raw/surface/Surface_1/Surface_020/MP_SEL_SUR_002383.jpg,none,0.0,,,0.8373
aihub_raw/surface/Surface_1/Surface_020/MP_SEL_SUR_002384.jpg,none,0.0,,,0.9257
aihub_raw/surface/Surface_1/Surface_020/MP_SEL_SUR_002385.jpg,none,0.0,,,0.9968
aihub_raw/surface/Surface_1/Surface_020/MP_SEL_SUR_002386.jpg,none,0.0,,,0.7316
aihub_raw/surface/Surface_1/Surface_020/MP_SEL_SUR_002387.jpg,none,0.0,,,0.9622
aihub_raw/surface/Surface_1/Surface_020/MP_SEL_SUR_002388.jpg,none,0.0,,,0.7409
aihub_raw/surface/Surface_1/Surface_020/MP_SEL_SUR_002389.jpg,none,0.0,,,0.9799
aihub_raw/surface/Surface_1/Surface_020/MP_SEL_SUR_002391.jpg,none,0.0,,,0.2047
aihub_raw/surface/Surface_1/Surface_020/MP_SEL_SUR_002392.jpg,none,0.0,,,0.9315
aihub_raw/surface/Surface_1/Surface_020/MP_SEL_SUR_002393.jpg,none,0.0,,,0.0308
aihub_raw/surface/Surface_1/Surface_020/MP_SEL_SUR_002394.jpg,none,0.0,,,0.9979
aihub_raw/surface/Surface_1/Surface_020/MP_SEL_SUR_002395.jpg,none_far,0.0131,0.0,0.063,0.9281
aihub_raw/surface/Surface_1/Surface_020/MP_SEL_SUR_002396.jpg,none,0.0,,,0.766
aihub_raw/surface/Surface_1/Surface_020/MP_SEL_SUR_002397.jpg,none,0.0,,,0.7246
aihub_raw/surface/Surface_1/Surface_020/MP_SEL_SUR_002399.jpg,none,0.0,,,0.1795
aihub_raw/surface/Surface_1/Surface_020/MP_SEL_SUR_002400.jpg,none_far,0.0006,0.0,0.022,0.9036
aihub_raw/surface/Surface_1/Surface_020/MP_SEL_SUR_002401.jpg,none,0.0,,,0.9423
aihub_raw/surface/Surface_1/Surface_020/MP_SEL_SUR_002402.jpg,none,0.0,,,0.9849
aihub_raw/surface/Surface_1/Surface_021/MP_SEL_SUR_002403.jpg,none_far,0.006,0.0,0.085,0.9464
aihub_raw/surface/Surface_1/Surface_021/MP_SEL_SUR_002404.jpg,none,0.0,,,0.969
aihub_raw/surface/Surface_1/Surface_021/MP_SEL_SUR_002405.jpg,none,0.0,,,0.8643
aihub_raw/surface/Surface_1/Surface_021/MP_SEL_SUR_002406.jpg,none,0.0,,,0.9845
aihub_raw/surface/Surface_1/Surface_021/MP_SEL_SUR_002407.jpg,none,0.0,,,0.8194
aihub_raw/surface/Surface_1/Surface_021/MP_SEL_SUR_002408.jpg,none,0.0,,,0.8896
aihub_raw/surface/Surface_1/Surface_021/MP_SEL_SUR_002409.jpg,none,0.0,,,0.8353
aihub_raw/surface/Surface_1/Surface_021/MP_SEL_SUR_002410.jpg,none,0.0,,,0.0
aihub_raw/surface/Surface_1/Surface_021/MP_SEL_SUR_002411.jpg,none,0.0,,,0.0
aihub_raw/surface/Surface_1/Surface_021/MP_SEL_SUR_002412.jpg,none,0.0,,,0.0177
aihub_raw/surface/Surface_1/Surface_021/MP_SEL_SUR_002413.jpg,none,0.0,,,0.9425
aihub_raw/surface/Surface_1/Surface_021/MP_SEL_SUR_002414.jpg,none,0.0,,,0.974
aihub_raw/surface/Surface_1/Surface_021/MP_SEL_SUR_002415.jpg,none,0.0,,,0.6719
aihub_raw/surface/Surface_1/Surface_021/MP_SEL_SUR_002416.jpg,none,0.0,,,0.8153
aihub_raw/surface/Surface_1/Surface_021/MP_SEL_SUR_002417.jpg,none,0.0,,,0.7579
aihub_raw/surface/Surface_1/Surface_021/MP_SEL_SUR_002418.jpg,none,0.0,,,0.8565
aihub_raw/surface/Surface_1/Surface_021/MP_SEL_SUR_002419.jpg,none,0.0,,,0.8748
aihub_raw/surface/Surface_1/Surface_021/MP_SEL_SUR_002420.jpg,none,0.0,,,1.0
aihub_raw/surface/Surface_1/Surface_021/MP_SEL_SUR_002421.jpg,none,0.0,,,0.9013
aihub_raw/surface/Surface_1/Surface_021/MP_SEL_SUR_002422.jpg,none,0.0,,,0.3624
aihub_raw/surface/Surface_1/Surface_021/MP_SEL_SUR_002423.jpg,none,0.0,,,0.8165
aihub_raw/surface/Surface_1/Surface_021/MP_SEL_SUR_002424.jpg,on,0.6277,0.07,1.0,0.2153
aihub_raw/surface/Surface_1/Surface_021/MP_SEL_SUR_002425.jpg,none,0.0,,,0.0113
aihub_raw/surface/Surface_1/Surface_021/MP_SEL_SUR_002426.jpg,none_far,0.2422,0.0,0.281,0.7354
aihub_raw/surface/Surface_1/Surface_021/MP_SEL_SUR_002427.jpg,none,0.0,,,0.8506
aihub_raw/surface/Surface_1/Surface_021/MP_SEL_SUR_002428.jpg,none,0.0,,,0.0
aihub_raw/surface/Surface_1/Surface_021/MP_SEL_SUR_002429.jpg,none,0.0,,,0.9811
aihub_raw/surface/Surface_1/Surface_021/MP_SEL_SUR_002430.jpg,none,0.0,,,0.78
aihub_raw/surface/Surface_1/Surface_021/MP_SEL_SUR_002431.jpg,none,0.0,,,0.0
aihub_raw/surface/Surface_1/Surface_021/MP_SEL_SUR_002432.jpg,none,0.0,,,0.0
aihub_raw/surface/Surface_1/Surface_021/MP_SEL_SUR_002433.jpg,none,0.0,,,0.7692
aihub_raw/surface/Surface_1/Surface_021/MP_SEL_SUR_002434.jpg,none,0.0,,,0.93
aihub_raw/surface/Surface_1/Surface_021/MP_SEL_SUR_002435.jpg,none,0.0,,,0.9561
aihub_raw/surface/Surface_1/Surface_021/MP_SEL_SUR_002436.jpg,none,0.0,,,0.8588
aihub_raw/surface/Surface_1/Surface_021/MP_SEL_SUR_002437.jpg,none,0.0,,,0.0
aihub_raw/surface/Surface_1/Surface_021/MP_SEL_SUR_002438.jpg,none,0.0,,,0.2962
aihub_raw/surface/Surface_1/Surface_021/MP_SEL_SUR_002439.jpg,none,0.0,,,0.7685
aihub_raw/surface/Surface_1/Surface_021/MP_SEL_SUR_002440.jpg,none,0.0,,,0.9265
aihub_raw/surface/Surface_1/Surface_021/MP_SEL_SUR_002441.jpg,on,0.9968,0.0,1.0,0.0
aihub_raw/surface/Surface_1/Surface_021/MP_SEL_SUR_002442.jpg,none,0.0,,,0.9941
aihub_raw/surface/Surface_1/Surface_021/MP_SEL_SUR_002443.jpg,none,0.0,,,0.9083
aihub_raw/surface/Surface_1/Surface_021/MP_SEL_SUR_002444.jpg,none,0.0,,,1.0
aihub_raw/surface/Surface_1/Surface_021/MP_SEL_SUR_002445.jpg,none,0.0,,,0.0
aihub_raw/surface/Surface_1/Surface_021/MP_SEL_SUR_002446.jpg,none,0.0,,,0.0
aihub_raw/surface/Surface_1/Surface_021/MP_SEL_SUR_002447.jpg,none,0.0,,,0.9973
aihub_raw/surface/Surface_1/Surface_021/MP_SEL_SUR_002448.jpg,none,0.0,,,0.9664
aihub_raw/surface/Surface_1/Surface_021/MP_SEL_SUR_002449.jpg,none,0.0,,,0.0
aihub_raw/surface/Surface_1/Surface_021/MP_SEL_SUR_002450.jpg,none,0.0,,,0.9841
aihub_raw/surface/Surface_1/Surface_021/MP_SEL_SUR_002451.jpg,none,0.0,,,0.0
aihub_raw/surface/Surface_1/Surface_021/MP_SEL_SUR_002452.jpg,none,0.0,,,0.0
aihub_raw/surface/Surface_1/Surface_021/MP_SEL_SUR_002453.jpg,none,0.0,,,0.7971
aihub_raw/surface/Surface_1/Surface_021/MP_SEL_SUR_002454.jpg,none,0.0,,,0.9222
aihub_raw/surface/Surface_1/Surface_021/MP_SEL_SUR_002455.jpg,none,0.0,,,0.8331
aihub_raw/surface/Surface_1/Surface_021/MP_SEL_SUR_002456.jpg,none,0.0,,,0.4252
aihub_raw/surface/Surface_1/Surface_021/MP_SEL_SUR_002457.jpg,none,0.0,,,0.0
aihub_raw/surface/Surface_1/Surface_021/MP_SEL_SUR_002458.jpg,none,0.0,,,0.4733
aihub_raw/surface/Surface_1/Surface_021/MP_SEL_SUR_002459.jpg,none,0.0,,,1.0
aihub_raw/surface/Surface_1/Surface_021/MP_SEL_SUR_002460.jpg,none,0.0,,,0.0226
aihub_raw/surface/Surface_1/Surface_021/MP_SEL_SUR_002461.jpg,none,0.0,,,0.9076
aihub_raw/surface/Surface_1/Surface_021/MP_SEL_SUR_002462.jpg,none,0.0,,,0.7791
aihub_raw/surface/Surface_1/Surface_021/MP_SEL_SUR_002463.jpg,none_far,0.0593,0.0,0.178,0.8791
aihub_raw/surface/Surface_1/Surface_021/MP_SEL_SUR_002465.jpg,none,0.0,,,0.9463
aihub_raw/surface/Surface_1/Surface_021/MP_SEL_SUR_002466.jpg,none,0.0,,,0.0
aihub_raw/surface/Surface_1/Surface_021/MP_SEL_SUR_002467.jpg,none,0.0,,,0.9169
aihub_raw/surface/Surface_1/Surface_021/MP_SEL_SUR_002468.jpg,none,0.0,,,0.5607
aihub_raw/surface/Surface_1/Surface_021/MP_SEL_SUR_002469.jpg,none,0.0,,,0.0
aihub_raw/surface/Surface_1/Surface_021/MP_SEL_SUR_002470.jpg,none,0.0,,,1.0
aihub_raw/surface/Surface_1/Surface_021/MP_SEL_SUR_002471.jpg,none,0.0,,,0.8822
aihub_raw/surface/Surface_1/Surface_021/MP_SEL_SUR_002472.jpg,none,0.0,,,0.9199
aihub_raw/surface/Surface_1/Surface_021/MP_SEL_SUR_002474.jpg,none,0.0,,,1.0
aihub_raw/surface/Surface_1/Surface_021/MP_SEL_SUR_002475.jpg,none,0.0,,,0.123
aihub_raw/surface/Surface_1/Surface_021/MP_SEL_SUR_002476.jpg,none,0.0,,,0.1493
aihub_raw/surface/Surface_1/Surface_021/MP_SEL_SUR_002477.jpg,none,0.0,,,0.9646
aihub_raw/surface/Surface_1/Surface_021/MP_SEL_SUR_002478.jpg,none,0.0,,,0.8345
aihub_raw/surface/Surface_1/Surface_021/MP_SEL_SUR_002479.jpg,none,0.0,,,0.0
aihub_raw/surface/Surface_1/Surface_021/MP_SEL_SUR_002480.jpg,none,0.0,,,0.004
aihub_raw/surface/Surface_1/Surface_021/MP_SEL_SUR_002481.jpg,none,0.0,,,1.0
aihub_raw/surface/Surface_1/Surface_021/MP_SEL_SUR_002482.jpg,approach,0.5785,0.0,0.637,0.4117
aihub_raw/surface/Surface_1/Surface_021/MP_SEL_SUR_002483.jpg,none,0.0,,,0.4216
aihub_raw/surface/Surface_1/Surface_021/MP_SEL_SUR_002484.jpg,none,0.0,,,0.9404
aihub_raw/surface/Surface_1/Surface_021/MP_SEL_SUR_002485.jpg,none,0.0,,,0.0155
aihub_raw/surface/Surface_1/Surface_021/MP_SEL_SUR_002486.jpg,none,0.0,,,0.9613
aihub_raw/surface/Surface_1/Surface_021/MP_SEL_SUR_002487.jpg,none,0.0,,,0.8111
aihub_raw/surface/Surface_1/Surface_021/MP_SEL_SUR_002488.jpg,none,0.0,,,0.8893
aihub_raw/surface/Surface_1/Surface_021/MP_SEL_SUR_002489.jpg,none,0.0,,,0.0
aihub_raw/surface/Surface_1/Surface_021/MP_SEL_SUR_002490.jpg,none,0.0,,,0.0
aihub_raw/surface/Surface_1/Surface_021/MP_SEL_SUR_002491.jpg,none,0.0,,,0.5751
aihub_raw/surface/Surface_1/Surface_021/MP_SEL_SUR_002492.jpg,none,0.0,,,0.0
aihub_raw/surface/Surface_1/Surface_021/MP_SEL_SUR_002493.jpg,none,0.0,,,0.9604
aihub_raw/surface/Surface_1/Surface_021/MP_SEL_SUR_002494.jpg,none,0.0,,,0.0
aihub_raw/surface/Surface_1/Surface_021/MP_SEL_SUR_002495.jpg,none,0.0,,,0.9209
aihub_raw/surface/Surface_1/Surface_021/MP_SEL_SUR_002496.jpg,none,0.0,,,0.8876
aihub_raw/surface/Surface_1/Surface_021/MP_SEL_SUR_002497.jpg,none,0.0,,,0.9832
aihub_raw/surface/Surface_1/Surface_021/MP_SEL_SUR_002498.jpg,none,0.0,,,0.8659
aihub_raw/surface/Surface_1/Surface_021/MP_SEL_SUR_002499.jpg,none,0.0,,,0.237
aihub_raw/surface/Surface_1/Surface_021/MP_SEL_SUR_002500.jpg,none,0.0,,,0.9671
aihub_raw/surface/Surface_1/Surface_021/MP_SEL_SUR_002501.jpg,none,0.0,,,0.6461
aihub_raw/surface/Surface_1/Surface_021/MP_SEL_SUR_002502.jpg,none,0.0,,,0.9557
aihub_raw/surface/Surface_1/Surface_021/MP_SEL_SUR_002503.jpg,none,0.0,,,0.5038
aihub_raw/surface/Surface_1/Surface_021/MP_SEL_SUR_002504.jpg,none,0.0,,,0.989
aihub_raw/surface/Surface_1/Surface_021/MP_SEL_SUR_002505.jpg,none,0.0,,,0.0
aihub_raw/surface/Surface_1/Surface_021/MP_SEL_SUR_002506.jpg,none,0.0,,,0.6086
aihub_raw/surface/Surface_1/Surface_021/MP_SEL_SUR_002507.jpg,none,0.0,,,0.9973
aihub_raw/surface/Surface_1/Surface_021/MP_SEL_SUR_002508.jpg,none,0.0,,,0.8055
aihub_raw/surface/Surface_1/Surface_021/MP_SEL_SUR_002509.jpg,none,0.0,,,0.9104
aihub_raw/surface/Surface_1/Surface_021/MP_SEL_SUR_002510.jpg,none,0.0,,,0.9998
aihub_raw/surface/Surface_1/Surface_021/MP_SEL_SUR_002511.jpg,none,0.0,,,0.8243
aihub_raw/surface/Surface_1/Surface_021/MP_SEL_SUR_002512.jpg,none,0.0,,,0.9929
aihub_raw/surface/Surface_1/Surface_021/MP_SEL_SUR_002513.jpg,none,0.0,,,0.9911
aihub_raw/surface/Surface_1/Surface_021/MP_SEL_SUR_002514.jpg,none,0.0,,,0.7162
aihub_raw/surface/Surface_1/Surface_021/MP_SEL_SUR_002515.jpg,none,0.0,,,0.9976
aihub_raw/surface/Surface_1/Surface_021/MP_SEL_SUR_002516.jpg,none,0.0,,,0.0
aihub_raw/surface/Surface_1/Surface_021/MP_SEL_SUR_002517.jpg,none,0.0,,,0.9687
aihub_raw/surface/Surface_1/Surface_021/MP_SEL_SUR_002518.jpg,crossed,0.3813,0.548,1.0,0.3776
aihub_raw/surface/Surface_1/Surface_021/MP_SEL_SUR_002519.jpg,none,0.0,,,0.0
aihub_raw/surface/Surface_1/Surface_021/MP_SEL_SUR_002520.jpg,none,0.0,,,0.0
aihub_raw/surface/Surface_1/Surface_021/MP_SEL_SUR_002521.jpg,none,0.0,,,0.9593
aihub_raw/surface/Surface_1/Surface_021/MP_SEL_SUR_002522.jpg,none_far,0.2686,0.0,0.367,0.6857
aihub_raw/surface/Surface_1/Surface_022/MP_SEL_SUR_002523.jpg,none,0.0,,,0.1831
aihub_raw/surface/Surface_1/Surface_022/MP_SEL_SUR_002524.jpg,none,0.0,,,0.9282
aihub_raw/surface/Surface_1/Surface_022/MP_SEL_SUR_002525.jpg,none,0.0,,,0.9337
aihub_raw/surface/Surface_1/Surface_022/MP_SEL_SUR_002526.jpg,approach,0.6354,0.0,1.0,0.0
aihub_raw/surface/Surface_1/Surface_022/MP_SEL_SUR_002527.jpg,none,0.0,,,0.0
aihub_raw/surface/Surface_1/Surface_022/MP_SEL_SUR_002528.jpg,none_far,0.0801,0.0,0.159,0.8076
aihub_raw/surface/Surface_1/Surface_022/MP_SEL_SUR_002529.jpg,none,0.0,,,0.9872
aihub_raw/surface/Surface_1/Surface_022/MP_SEL_SUR_002530.jpg,none,0.0,,,0.0508
aihub_raw/surface/Surface_1/Surface_022/MP_SEL_SUR_002531.jpg,none,0.0,,,0.7648
aihub_raw/surface/Surface_1/Surface_022/MP_SEL_SUR_002532.jpg,none,0.0,,,0.0
aihub_raw/surface/Surface_1/Surface_022/MP_SEL_SUR_002533.jpg,none,0.0,,,0.0
aihub_raw/surface/Surface_1/Surface_022/MP_SEL_SUR_002534.jpg,none,0.0,,,0.0
aihub_raw/surface/Surface_1/Surface_022/MP_SEL_SUR_002535.jpg,none,0.0,,,0.0426
aihub_raw/surface/Surface_1/Surface_022/MP_SEL_SUR_002536.jpg,none,0.0,,,0.9937
aihub_raw/surface/Surface_1/Surface_022/MP_SEL_SUR_002537.jpg,none,0.0,,,0.0
aihub_raw/surface/Surface_1/Surface_022/MP_SEL_SUR_002538.jpg,none,0.0,,,1.0
aihub_raw/surface/Surface_1/Surface_022/MP_SEL_SUR_002539.jpg,none,0.0,,,0.4123
aihub_raw/surface/Surface_1/Surface_022/MP_SEL_SUR_002540.jpg,none,0.0,,,0.0
aihub_raw/surface/Surface_1/Surface_022/MP_SEL_SUR_002541.jpg,none,0.0,,,0.7682
aihub_raw/surface/Surface_1/Surface_022/MP_SEL_SUR_002542.jpg,none,0.0,,,0.915
aihub_raw/surface/Surface_1/Surface_022/MP_SEL_SUR_002543.jpg,none,0.0,,,0.0
aihub_raw/surface/Surface_1/Surface_022/MP_SEL_SUR_002544.jpg,none,0.0,,,0.9636
aihub_raw/surface/Surface_1/Surface_022/MP_SEL_SUR_002545.jpg,none,0.0,,,0.6953
aihub_raw/surface/Surface_1/Surface_022/MP_SEL_SUR_002546.jpg,none,0.0,,,0.0
aihub_raw/surface/Surface_1/Surface_022/MP_SEL_SUR_002547.jpg,none,0.0,,,0.9743
aihub_raw/surface/Surface_1/Surface_022/MP_SEL_SUR_002548.jpg,none,0.0,,,0.993
aihub_raw/surface/Surface_1/Surface_022/MP_SEL_SUR_002549.jpg,none,0.0,,,0.8857
aihub_raw/surface/Surface_1/Surface_022/MP_SEL_SUR_002550.jpg,none,0.0,,,0.0
aihub_raw/surface/Surface_1/Surface_022/MP_SEL_SUR_002551.jpg,none,0.0,,,0.8672
aihub_raw/surface/Surface_1/Surface_022/MP_SEL_SUR_002552.jpg,none,0.0,,,0.0
aihub_raw/surface/Surface_1/Surface_022/MP_SEL_SUR_002553.jpg,none,0.0,,,0.8652
aihub_raw/surface/Surface_1/Surface_022/MP_SEL_SUR_002554.jpg,none,0.0,,,1.0
aihub_raw/surface/Surface_1/Surface_022/MP_SEL_SUR_002555.jpg,none,0.0,,,0.6906
aihub_raw/surface/Surface_1/Surface_022/MP_SEL_SUR_002556.jpg,none,0.0,,,0.0
aihub_raw/surface/Surface_1/Surface_022/MP_SEL_SUR_002557.jpg,on,0.7551,0.0,1.0,0.0553
aihub_raw/surface/Surface_1/Surface_022/MP_SEL_SUR_002558.jpg,none,0.0,,,0.9587
aihub_raw/surface/Surface_1/Surface_022/MP_SEL_SUR_002559.jpg,none,0.0,,,0.0
aihub_raw/surface/Surface_1/Surface_022/MP_SEL_SUR_002560.jpg,none,0.0,,,0.0
aihub_raw/surface/Surface_1/Surface_022/MP_SEL_SUR_002561.jpg,none,0.0,,,0.7157
aihub_raw/surface/Surface_1/Surface_022/MP_SEL_SUR_002562.jpg,none,0.0,,,0.8369
aihub_raw/surface/Surface_1/Surface_022/MP_SEL_SUR_002563.jpg,none,0.0,,,0.9208
aihub_raw/surface/Surface_1/Surface_022/MP_SEL_SUR_002564.jpg,none,0.0,,,0.0
aihub_raw/surface/Surface_1/Surface_022/MP_SEL_SUR_002565.jpg,none,0.0,,,1.0
aihub_raw/surface/Surface_1/Surface_022/MP_SEL_SUR_002566.jpg,none,0.0,,,0.9682
aihub_raw/surface/Surface_1/Surface_022/MP_SEL_SUR_002567.jpg,none,0.0,,,1.0
aihub_raw/surface/Surface_1/Surface_022/MP_SEL_SUR_002568.jpg,on,0.5233,0.144,1.0,0.3078
aihub_raw/surface/Surface_1/Surface_022/MP_SEL_SUR_002569.jpg,none,0.0,,,0.0872
aihub_raw/surface/Surface_1/Surface_022/MP_SEL_SUR_002570.jpg,none,0.0,,,0.6884
aihub_raw/surface/Surface_1/Surface_022/MP_SEL_SUR_002571.jpg,none,0.0,,,0.9154
aihub_raw/surface/Surface_1/Surface_022/MP_SEL_SUR_002572.jpg,none,0.0,,,0.0
aihub_raw/surface/Surface_1/Surface_022/MP_SEL_SUR_002573.jpg,none,0.0,,,0.9811
aihub_raw/surface/Surface_1/Surface_022/MP_SEL_SUR_002574.jpg,none,0.0,,,0.0
aihub_raw/surface/Surface_1/Surface_022/MP_SEL_SUR_002575.jpg,none,0.0,,,0.9174
aihub_raw/surface/Surface_1/Surface_022/MP_SEL_SUR_002576.jpg,none,0.0,,,0.0
aihub_raw/surface/Surface_1/Surface_022/MP_SEL_SUR_002577.jpg,none,0.0,,,0.7612
aihub_raw/surface/Surface_1/Surface_022/MP_SEL_SUR_002578.jpg,on,0.6508,0.0,1.0,0.1663
aihub_raw/surface/Surface_1/Surface_022/MP_SEL_SUR_002579.jpg,none,0.0,,,0.9952
aihub_raw/surface/Surface_1/Surface_022/MP_SEL_SUR_002580.jpg,none,0.0,,,0.0
aihub_raw/surface/Surface_1/Surface_022/MP_SEL_SUR_002581.jpg,none_far,0.0195,0.0,0.022,0.0
aihub_raw/surface/Surface_1/Surface_022/MP_SEL_SUR_002582.jpg,none,0.0,,,0.0409
aihub_raw/surface/Surface_1/Surface_022/MP_SEL_SUR_002583.jpg,none,0.0,,,0.8905
aihub_raw/surface/Surface_1/Surface_022/MP_SEL_SUR_002584.jpg,none,0.0,,,0.0
aihub_raw/surface/Surface_1/Surface_022/MP_SEL_SUR_002585.jpg,none,0.0,,,1.0
aihub_raw/surface/Surface_1/Surface_022/MP_SEL_SUR_002587.jpg,none,0.0,,,0.9905
aihub_raw/surface/Surface_1/Surface_022/MP_SEL_SUR_002589.jpg,none,0.0,,,0.8881
aihub_raw/surface/Surface_1/Surface_022/MP_SEL_SUR_002590.jpg,none,0.0,,,0.9759
aihub_raw/surface/Surface_1/Surface_022/MP_SEL_SUR_002591.jpg,none,0.0,,,1.0
aihub_raw/surface/Surface_1/Surface_022/MP_SEL_SUR_002592.jpg,none,0.0,,,0.973
aihub_raw/surface/Surface_1/Surface_022/MP_SEL_SUR_002593.jpg,none,0.0,,,0.9634
aihub_raw/surface/Surface_1/Surface_022/MP_SEL_SUR_002594.jpg,none,0.0,,,0.9519
aihub_raw/surface/Surface_1/Surface_022/MP_SEL_SUR_002595.jpg,none,0.0,,,0.7395
aihub_raw/surface/Surface_1/Surface_022/MP_SEL_SUR_002596.jpg,none_far,0.0218,0.048,0.163,0.6486
aihub_raw/surface/Surface_1/Surface_022/MP_SEL_SUR_002597.jpg,none,0.0,,,0.0
aihub_raw/surface/Surface_1/Surface_022/MP_SEL_SUR_002598.jpg,none,0.0,,,0.0
aihub_raw/surface/Surface_1/Surface_022/MP_SEL_SUR_002599.jpg,none,0.0,,,0.948
aihub_raw/surface/Surface_1/Surface_022/MP_SEL_SUR_002600.jpg,none,0.0,,,0.6672
aihub_raw/surface/Surface_1/Surface_022/MP_SEL_SUR_002601.jpg,none,0.0,,,0.7198
aihub_raw/surface/Surface_1/Surface_022/MP_SEL_SUR_002602.jpg,none,0.0,,,0.4175
aihub_raw/surface/Surface_1/Surface_022/MP_SEL_SUR_002603.jpg,none_far,0.2563,0.0,0.267,0.743
aihub_raw/surface/Surface_1/Surface_022/MP_SEL_SUR_002604.jpg,none,0.0,,,0.6173
aihub_raw/surface/Surface_1/Surface_022/MP_SEL_SUR_002605.jpg,none,0.0,,,0.9987
aihub_raw/surface/Surface_1/Surface_022/MP_SEL_SUR_002606.jpg,none,0.0,,,0.991
aihub_raw/surface/Surface_1/Surface_022/MP_SEL_SUR_002607.jpg,none,0.0,,,0.7499
aihub_raw/surface/Surface_1/Surface_022/MP_SEL_SUR_002608.jpg,none,0.0,,,0.0
aihub_raw/surface/Surface_1/Surface_022/MP_SEL_SUR_002609.jpg,none,0.0,,,0.9997
aihub_raw/surface/Surface_1/Surface_022/MP_SEL_SUR_002610.jpg,none,0.0,,,0.7874
aihub_raw/surface/Surface_1/Surface_022/MP_SEL_SUR_002611.jpg,none,0.0,,,0.6748
aihub_raw/surface/Surface_1/Surface_022/MP_SEL_SUR_002612.jpg,none,0.0,,,0.8538
aihub_raw/surface/Surface_1/Surface_022/MP_SEL_SUR_002613.jpg,none,0.0,,,0.9591
aihub_raw/surface/Surface_1/Surface_022/MP_SEL_SUR_002614.jpg,none,0.0,,,0.9632
aihub_raw/surface/Surface_1/Surface_022/MP_SEL_SUR_002615.jpg,none,0.0,,,0.0
aihub_raw/surface/Surface_1/Surface_022/MP_SEL_SUR_002616.jpg,none,0.0,,,0.0
aihub_raw/surface/Surface_1/Surface_022/MP_SEL_SUR_002617.jpg,none_far,0.0007,0.0,0.011,0.8037
aihub_raw/surface/Surface_1/Surface_022/MP_SEL_SUR_002618.jpg,none,0.0,,,0.9787
aihub_raw/surface/Surface_1/Surface_022/MP_SEL_SUR_002619.jpg,none,0.0,,,0.8256
aihub_raw/surface/Surface_1/Surface_022/MP_SEL_SUR_002620.jpg,none,0.0,,,0.9438
aihub_raw/surface/Surface_1/Surface_022/MP_SEL_SUR_002621.jpg,none,0.0,,,0.9144
aihub_raw/surface/Surface_1/Surface_022/MP_SEL_SUR_002622.jpg,none,0.0,,,0.9724
aihub_raw/surface/Surface_1/Surface_022/MP_SEL_SUR_002623.jpg,none,0.0,,,0.8908
aihub_raw/surface/Surface_1/Surface_022/MP_SEL_SUR_002625.jpg,none,0.0,,,0.0
aihub_raw/surface/Surface_1/Surface_022/MP_SEL_SUR_002626.jpg,none,0.0,,,0.8962
aihub_raw/surface/Surface_1/Surface_022/MP_SEL_SUR_002627.jpg,none,0.0,,,0.9382
aihub_raw/surface/Surface_1/Surface_022/MP_SEL_SUR_002629.jpg,none,0.0,,,0.8091
aihub_raw/surface/Surface_1/Surface_022/MP_SEL_SUR_002630.jpg,none,0.0,,,0.9672
aihub_raw/surface/Surface_1/Surface_022/MP_SEL_SUR_002631.jpg,none,0.0,,,0.0
aihub_raw/surface/Surface_1/Surface_022/MP_SEL_SUR_002632.jpg,none,0.0,,,0.0
aihub_raw/surface/Surface_1/Surface_022/MP_SEL_SUR_002633.jpg,none,0.0,,,0.9711
aihub_raw/surface/Surface_1/Surface_022/MP_SEL_SUR_002634.jpg,none,0.0,,,0.0
aihub_raw/surface/Surface_1/Surface_022/MP_SEL_SUR_002635.jpg,none,0.0,,,0.7546
aihub_raw/surface/Surface_1/Surface_022/MP_SEL_SUR_002636.jpg,none,0.0,,,0.8919
aihub_raw/surface/Surface_1/Surface_022/MP_SEL_SUR_002637.jpg,none,0.0,,,0.9591
aihub_raw/surface/Surface_1/Surface_022/MP_SEL_SUR_002638.jpg,none_far,0.1536,0.0,0.563,0.5459
aihub_raw/surface/Surface_1/Surface_022/MP_SEL_SUR_002639.jpg,none,0.0,,,0.0
aihub_raw/surface/Surface_1/Surface_022/MP_SEL_SUR_002640.jpg,none,0.0,,,0.0
aihub_raw/surface/Surface_1/Surface_022/MP_SEL_SUR_002641.jpg,none,0.0,,,0.0
aihub_raw/surface/Surface_1/Surface_022/MP_SEL_SUR_002642.jpg,none,0.0,,,0.9864
aihub_raw/surface/Surface_1/Surface_023/MP_SEL_SUR_002643.jpg,none,0.0,,,0.8812
aihub_raw/surface/Surface_1/Surface_023/MP_SEL_SUR_002644.jpg,none,0.0,,,0.9719
aihub_raw/surface/Surface_1/Surface_023/MP_SEL_SUR_002645.jpg,none,0.0,,,0.8169
aihub_raw/surface/Surface_1/Surface_023/MP_SEL_SUR_002646.jpg,none,0.0,,,0.9906
aihub_raw/surface/Surface_1/Surface_023/MP_SEL_SUR_002647.jpg,none,0.0,,,0.0
aihub_raw/surface/Surface_1/Surface_023/MP_SEL_SUR_002648.jpg,none,0.0,,,0.9539
aihub_raw/surface/Surface_1/Surface_023/MP_SEL_SUR_002649.jpg,none,0.0,,,0.0
aihub_raw/surface/Surface_1/Surface_023/MP_SEL_SUR_002650.jpg,none,0.0,,,0.9706
aihub_raw/surface/Surface_1/Surface_023/MP_SEL_SUR_002651.jpg,none,0.0,,,0.5824
aihub_raw/surface/Surface_1/Surface_023/MP_SEL_SUR_002652.jpg,none,0.0,,,0.0
aihub_raw/surface/Surface_1/Surface_023/MP_SEL_SUR_002653.jpg,none,0.0,,,0.9541
aihub_raw/surface/Surface_1/Surface_023/MP_SEL_SUR_002654.jpg,none,0.0,,,0.0
aihub_raw/surface/Surface_1/Surface_023/MP_SEL_SUR_002655.jpg,none,0.0,,,0.9998
aihub_raw/surface/Surface_1/Surface_023/MP_SEL_SUR_002656.jpg,none,0.0,,,0.9521
aihub_raw/surface/Surface_1/Surface_023/MP_SEL_SUR_002657.jpg,none,0.0,,,0.0
aihub_raw/surface/Surface_1/Surface_023/MP_SEL_SUR_002658.jpg,none,0.0,,,0.0
aihub_raw/surface/Surface_1/Surface_023/MP_SEL_SUR_002659.jpg,none,0.0,,,0.0
aihub_raw/surface/Surface_1/Surface_023/MP_SEL_SUR_002660.jpg,none,0.0,,,0.0
aihub_raw/surface/Surface_1/Surface_023/MP_SEL_SUR_002661.jpg,none,0.0,,,0.6865
aihub_raw/surface/Surface_1/Surface_023/MP_SEL_SUR_002662.jpg,none,0.0,,,0.9738
aihub_raw/surface/Surface_1/Surface_023/MP_SEL_SUR_002663.jpg,none_far,0.0037,0.052,0.148,0.7866
aihub_raw/surface/Surface_1/Surface_023/MP_SEL_SUR_002664.jpg,none,0.0,,,0.8879
aihub_raw/surface/Surface_1/Surface_023/MP_SEL_SUR_002666.jpg,none,0.0,,,0.674
aihub_raw/surface/Surface_1/Surface_023/MP_SEL_SUR_002667.jpg,none_far,0.2588,0.0,0.415,0.6165
aihub_raw/surface/Surface_1/Surface_023/MP_SEL_SUR_002668.jpg,none,0.0,,,0.9408
aihub_raw/surface/Surface_1/Surface_023/MP_SEL_SUR_002669.jpg,none,0.0,,,0.8821
aihub_raw/surface/Surface_1/Surface_023/MP_SEL_SUR_002670.jpg,none,0.0,,,0.0
aihub_raw/surface/Surface_1/Surface_023/MP_SEL_SUR_002671.jpg,none,0.0,,,0.9687
aihub_raw/surface/Surface_1/Surface_023/MP_SEL_SUR_002672.jpg,none,0.0,,,0.8891
aihub_raw/surface/Surface_1/Surface_023/MP_SEL_SUR_002673.jpg,none,0.0,,,0.8938
aihub_raw/surface/Surface_1/Surface_023/MP_SEL_SUR_002674.jpg,none,0.0,,,0.0061
aihub_raw/surface/Surface_1/Surface_023/MP_SEL_SUR_002675.jpg,none_far,0.0016,0.0,0.011,0.0
aihub_raw/surface/Surface_1/Surface_023/MP_SEL_SUR_002676.jpg,none,0.0,,,0.0
aihub_raw/surface/Surface_1/Surface_023/MP_SEL_SUR_002677.jpg,on,0.3878,0.0,0.956,0.1189
aihub_raw/surface/Surface_1/Surface_023/MP_SEL_SUR_002678.jpg,none_far,0.0164,0.0,0.089,0.7207
aihub_raw/surface/Surface_1/Surface_023/MP_SEL_SUR_002679.jpg,none,0.0,,,0.0
aihub_raw/surface/Surface_1/Surface_023/MP_SEL_SUR_002680.jpg,none,0.0,,,0.8521
aihub_raw/surface/Surface_1/Surface_023/MP_SEL_SUR_002681.jpg,none,0.0,,,1.0
aihub_raw/surface/Surface_1/Surface_023/MP_SEL_SUR_002682.jpg,none,0.0,,,0.0
aihub_raw/surface/Surface_1/Surface_023/MP_SEL_SUR_002683.jpg,none,0.0,,,0.9723
aihub_raw/surface/Surface_1/Surface_023/MP_SEL_SUR_002684.jpg,none,0.0,,,0.7964
aihub_raw/surface/Surface_1/Surface_023/MP_SEL_SUR_002685.jpg,none,0.0,,,0.0
aihub_raw/surface/Surface_1/Surface_023/MP_SEL_SUR_002686.jpg,none,0.0,,,1.0
aihub_raw/surface/Surface_1/Surface_023/MP_SEL_SUR_002687.jpg,none,0.0,,,0.9916
aihub_raw/surface/Surface_1/Surface_023/MP_SEL_SUR_002688.jpg,none,0.0,,,0.9697
aihub_raw/surface/Surface_1/Surface_023/MP_SEL_SUR_002689.jpg,none,0.0,,,0.0
aihub_raw/surface/Surface_1/Surface_023/MP_SEL_SUR_002690.jpg,none,0.0,,,0.8751
aihub_raw/surface/Surface_1/Surface_023/MP_SEL_SUR_002691.jpg,none,0.0,,,0.9979
aihub_raw/surface/Surface_1/Surface_023/MP_SEL_SUR_002692.jpg,none_far,0.0133,0.0,0.048,0.9729
aihub_raw/surface/Surface_1/Surface_023/MP_SEL_SUR_002693.jpg,none,0.0,,,0.0
aihub_raw/surface/Surface_1/Surface_023/MP_SEL_SUR_002694.jpg,none,0.0,,,0.0
aihub_raw/surface/Surface_1/Surface_023/MP_SEL_SUR_002695.jpg,on,0.9504,0.0,1.0,0.0
aihub_raw/surface/Surface_1/Surface_023/MP_SEL_SUR_002696.jpg,none,0.0,,,0.9945
aihub_raw/surface/Surface_1/Surface_023/MP_SEL_SUR_002697.jpg,none,0.0,,,0.0
aihub_raw/surface/Surface_1/Surface_023/MP_SEL_SUR_002698.jpg,none,0.0,,,0.9187
aihub_raw/surface/Surface_1/Surface_023/MP_SEL_SUR_002699.jpg,none,0.0,,,0.9492
aihub_raw/surface/Surface_1/Surface_023/MP_SEL_SUR_002700.jpg,none,0.0,,,0.9595
aihub_raw/surface/Surface_1/Surface_023/MP_SEL_SUR_002701.jpg,none,0.0,,,0.9982
aihub_raw/surface/Surface_1/Surface_023/MP_SEL_SUR_002702.jpg,none,0.0,,,0.8962
aihub_raw/surface/Surface_1/Surface_023/MP_SEL_SUR_002703.jpg,none,0.0,,,0.6777
aihub_raw/surface/Surface_1/Surface_023/MP_SEL_SUR_002704.jpg,none,0.0,,,0.0
aihub_raw/surface/Surface_1/Surface_023/MP_SEL_SUR_002705.jpg,none,0.0,,,0.9679
aihub_raw/surface/Surface_1/Surface_023/MP_SEL_SUR_002706.jpg,none,0.0,,,0.9933
aihub_raw/surface/Surface_1/Surface_023/MP_SEL_SUR_002707.jpg,none,0.0,,,1.0
aihub_raw/surface/Surface_1/Surface_023/MP_SEL_SUR_002708.jpg,none,0.0,,,0.99
aihub_raw/surface/Surface_1/Surface_023/MP_SEL_SUR_002709.jpg,none,0.0,,,1.0
aihub_raw/surface/Surface_1/Surface_023/MP_SEL_SUR_002710.jpg,none,0.0,,,0.0
aihub_raw/surface/Surface_1/Surface_023/MP_SEL_SUR_002711.jpg,none,0.0,,,0.0
aihub_raw/surface/Surface_1/Surface_023/MP_SEL_SUR_002712.jpg,none,0.0,,,0.9652
aihub_raw/surface/Surface_1/Surface_023/MP_SEL_SUR_002713.jpg,none,0.0,,,0.0
aihub_raw/surface/Surface_1/Surface_023/MP_SEL_SUR_002714.jpg,none,0.0,,,0.9816
aihub_raw/surface/Surface_1/Surface_023/MP_SEL_SUR_002715.jpg,none,0.0,,,0.875
aihub_raw/surface/Surface_1/Surface_023/MP_SEL_SUR_002716.jpg,none,0.0,,,0.9724
aihub_raw/surface/Surface_1/Surface_023/MP_SEL_SUR_002717.jpg,none,0.0,,,0.0561
aihub_raw/surface/Surface_1/Surface_023/MP_SEL_SUR_002718.jpg,none,0.0,,,0.918
aihub_raw/surface/Surface_1/Surface_023/MP_SEL_SUR_002719.jpg,none,0.0,,,0.8491
aihub_raw/surface/Surface_1/Surface_023/MP_SEL_SUR_002720.jpg,none,0.0,,,0.0
aihub_raw/surface/Surface_1/Surface_023/MP_SEL_SUR_002721.jpg,none_far,0.27,0.0,0.289,0.7261
aihub_raw/surface/Surface_1/Surface_023/MP_SEL_SUR_002722.jpg,none,0.0,,,0.0
aihub_raw/surface/Surface_1/Surface_023/MP_SEL_SUR_002723.jpg,none,0.0,,,0.4791
aihub_raw/surface/Surface_1/Surface_023/MP_SEL_SUR_002724.jpg,none,0.0,,,0.0613
aihub_raw/surface/Surface_1/Surface_023/MP_SEL_SUR_002725.jpg,none,0.0,,,0.1978
aihub_raw/surface/Surface_1/Surface_023/MP_SEL_SUR_002726.jpg,none,0.0,,,0.9867
aihub_raw/surface/Surface_1/Surface_023/MP_SEL_SUR_002727.jpg,none,0.0,,,0.9875
aihub_raw/surface/Surface_1/Surface_023/MP_SEL_SUR_002728.jpg,none,0.0,,,0.8767
aihub_raw/surface/Surface_1/Surface_023/MP_SEL_SUR_002729.jpg,none,0.0,,,0.9692
aihub_raw/surface/Surface_1/Surface_023/MP_SEL_SUR_002730.jpg,none,0.0,,,0.9167
aihub_raw/surface/Surface_1/Surface_023/MP_SEL_SUR_002731.jpg,none,0.0,,,0.0
aihub_raw/surface/Surface_1/Surface_023/MP_SEL_SUR_002732.jpg,none,0.0,,,0.4695
aihub_raw/surface/Surface_1/Surface_023/MP_SEL_SUR_002733.jpg,none,0.0,,,0.0
aihub_raw/surface/Surface_1/Surface_023/MP_SEL_SUR_002734.jpg,none,0.0,,,0.0
aihub_raw/surface/Surface_1/Surface_023/MP_SEL_SUR_002735.jpg,none,0.0,,,0.0
aihub_raw/surface/Surface_1/Surface_023/MP_SEL_SUR_002736.jpg,none,0.0,,,0.9113
aihub_raw/surface/Surface_1/Surface_023/MP_SEL_SUR_002737.jpg,none,0.0,,,0.9734
aihub_raw/surface/Surface_1/Surface_023/MP_SEL_SUR_002738.jpg,none_far,0.0127,0.015,0.078,0.8215
aihub_raw/surface/Surface_1/Surface_023/MP_SEL_SUR_002739.jpg,none,0.0,,,0.0
aihub_raw/surface/Surface_1/Surface_023/MP_SEL_SUR_002740.jpg,none,0.0,,,1.0
aihub_raw/surface/Surface_1/Surface_023/MP_SEL_SUR_002741.jpg,none,0.0,,,0.8515
aihub_raw/surface/Surface_1/Surface_023/MP_SEL_SUR_002742.jpg,none,0.0,,,0.7345
aihub_raw/surface/Surface_1/Surface_023/MP_SEL_SUR_002743.jpg,none,0.0,,,0.9282
aihub_raw/surface/Surface_1/Surface_023/MP_SEL_SUR_002744.jpg,none,0.0,,,0.0
aihub_raw/surface/Surface_1/Surface_023/MP_SEL_SUR_002745.jpg,none,0.0,,,0.0
aihub_raw/surface/Surface_1/Surface_023/MP_SEL_SUR_002746.jpg,none,0.0,,,0.0
aihub_raw/surface/Surface_1/Surface_023/MP_SEL_SUR_002747.jpg,none,0.0,,,0.9583
aihub_raw/surface/Surface_1/Surface_023/MP_SEL_SUR_002748.jpg,none,0.0,,,0.927
aihub_raw/surface/Surface_1/Surface_023/MP_SEL_SUR_002749.jpg,none,0.0,,,0.0
aihub_raw/surface/Surface_1/Surface_023/MP_SEL_SUR_002750.jpg,none,0.0,,,0.0
aihub_raw/surface/Surface_1/Surface_023/MP_SEL_SUR_002751.jpg,none,0.0,,,0.421
aihub_raw/surface/Surface_1/Surface_023/MP_SEL_SUR_002752.jpg,none,0.0,,,0.8916
aihub_raw/surface/Surface_1/Surface_023/MP_SEL_SUR_002753.jpg,none,0.0,,,0.0
aihub_raw/surface/Surface_1/Surface_023/MP_SEL_SUR_002754.jpg,none,0.0,,,0.9704
aihub_raw/surface/Surface_1/Surface_023/MP_SEL_SUR_002755.jpg,none,0.0,,,0.6421
aihub_raw/surface/Surface_1/Surface_023/MP_SEL_SUR_002756.jpg,none,0.0,,,0.9773
aihub_raw/surface/Surface_1/Surface_023/MP_SEL_SUR_002757.jpg,none,0.0,,,0.9282
aihub_raw/surface/Surface_1/Surface_023/MP_SEL_SUR_002758.jpg,none,0.0,,,0.0
aihub_raw/surface/Surface_1/Surface_023/MP_SEL_SUR_002759.jpg,none,0.0,,,0.9993
aihub_raw/surface/Surface_1/Surface_023/MP_SEL_SUR_002760.jpg,none,0.0,,,0.0
aihub_raw/surface/Surface_1/Surface_023/MP_SEL_SUR_002761.jpg,none,0.0,,,1.0
aihub_raw/surface/Surface_1/Surface_023/MP_SEL_SUR_002762.jpg,none,0.0,,,1.0
aihub_raw/surface/Surface_1/Surface_024/MP_SEL_SUR_002763.jpg,none,0.0,,,0.9325
aihub_raw/surface/Surface_1/Surface_024/MP_SEL_SUR_002764.jpg,none,0.0,,,0.2961
aihub_raw/surface/Surface_1/Surface_024/MP_SEL_SUR_002765.jpg,none,0.0,,,0.8982
aihub_raw/surface/Surface_1/Surface_024/MP_SEL_SUR_002766.jpg,on,0.9455,0.0,1.0,0.0
aihub_raw/surface/Surface_1/Surface_024/MP_SEL_SUR_002767.jpg,on,0.9997,0.0,1.0,0.0
aihub_raw/surface/Surface_1/Surface_024/MP_SEL_SUR_002768.jpg,none,0.0,,,0.0
aihub_raw/surface/Surface_1/Surface_024/MP_SEL_SUR_002769.jpg,none,0.0,,,0.8667
aihub_raw/surface/Surface_1/Surface_024/MP_SEL_SUR_002770.jpg,none,0.0,,,0.3342
aihub_raw/surface/Surface_1/Surface_024/MP_SEL_SUR_002771.jpg,none_far,0.0,0.0,0.004,0.6713
aihub_raw/surface/Surface_1/Surface_024/MP_SEL_SUR_002772.jpg,none,0.0,,,0.0277
aihub_raw/surface/Surface_1/Surface_024/MP_SEL_SUR_002773.jpg,none,0.0,,,0.0
aihub_raw/surface/Surface_1/Surface_024/MP_SEL_SUR_002774.jpg,none,0.0,,,0.974
aihub_raw/surface/Surface_1/Surface_024/MP_SEL_SUR_002775.jpg,none,0.0,,,0.7371
aihub_raw/surface/Surface_1/Surface_024/MP_SEL_SUR_002776.jpg,none,0.0,,,1.0
aihub_raw/surface/Surface_1/Surface_024/MP_SEL_SUR_002777.jpg,on,0.7511,0.056,0.952,0.1403
aihub_raw/surface/Surface_1/Surface_024/MP_SEL_SUR_002778.jpg,none,0.0,,,0.0
aihub_raw/surface/Surface_1/Surface_024/MP_SEL_SUR_002779.jpg,none,0.0,,,0.0
aihub_raw/surface/Surface_1/Surface_024/MP_SEL_SUR_002780.jpg,none,0.0,,,0.717
aihub_raw/surface/Surface_1/Surface_024/MP_SEL_SUR_002781.jpg,none,0.0,,,0.0
aihub_raw/surface/Surface_1/Surface_024/MP_SEL_SUR_002782.jpg,none,0.0,,,0.9525
aihub_raw/surface/Surface_1/Surface_024/MP_SEL_SUR_002783.jpg,none,0.0,,,0.996
aihub_raw/surface/Surface_1/Surface_024/MP_SEL_SUR_002784.jpg,none,0.0,,,0.927
aihub_raw/surface/Surface_1/Surface_024/MP_SEL_SUR_002785.jpg,none,0.0,,,0.86
aihub_raw/surface/Surface_1/Surface_024/MP_SEL_SUR_002786.jpg,none,0.0,,,0.0
aihub_raw/surface/Surface_1/Surface_024/MP_SEL_SUR_002787.jpg,none,0.0,,,0.7181
aihub_raw/surface/Surface_1/Surface_024/MP_SEL_SUR_002789.jpg,none,0.0,,,0.9283
aihub_raw/surface/Surface_1/Surface_024/MP_SEL_SUR_002790.jpg,none_far,0.0142,0.0,0.052,0.0947
aihub_raw/surface/Surface_1/Surface_024/MP_SEL_SUR_002791.jpg,none,0.0,,,0.0
aihub_raw/surface/Surface_1/Surface_024/MP_SEL_SUR_002792.jpg,none,0.0,,,0.0
aihub_raw/surface/Surface_1/Surface_024/MP_SEL_SUR_002793.jpg,none,0.0,,,0.011
aihub_raw/surface/Surface_1/Surface_024/MP_SEL_SUR_002794.jpg,none,0.0,,,0.9177
aihub_raw/surface/Surface_1/Surface_024/MP_SEL_SUR_002795.jpg,none,0.0,,,0.0
aihub_raw/surface/Surface_1/Surface_024/MP_SEL_SUR_002796.jpg,none,0.0,,,0.8565
aihub_raw/surface/Surface_1/Surface_024/MP_SEL_SUR_002797.jpg,none,0.0,,,0.9986
aihub_raw/surface/Surface_1/Surface_024/MP_SEL_SUR_002798.jpg,none,0.0,,,0.5736
aihub_raw/surface/Surface_1/Surface_024/MP_SEL_SUR_002799.jpg,none,0.0,,,0.8962
aihub_raw/surface/Surface_1/Surface_024/MP_SEL_SUR_002800.jpg,none,0.0,,,1.0
aihub_raw/surface/Surface_1/Surface_024/MP_SEL_SUR_002801.jpg,none,0.0,,,0.0
aihub_raw/surface/Surface_1/Surface_024/MP_SEL_SUR_002802.jpg,none,0.0,,,0.0
aihub_raw/surface/Surface_1/Surface_024/MP_SEL_SUR_002803.jpg,none,0.0,,,0.0074
aihub_raw/surface/Surface_1/Surface_024/MP_SEL_SUR_002804.jpg,none,0.0,,,0.9333
aihub_raw/surface/Surface_1/Surface_024/MP_SEL_SUR_002805.jpg,none,0.0,,,0.0
aihub_raw/surface/Surface_1/Surface_024/MP_SEL_SUR_002806.jpg,none,0.0,,,0.0
aihub_raw/surface/Surface_1/Surface_024/MP_SEL_SUR_002807.jpg,none,0.0,,,0.7123
aihub_raw/surface/Surface_1/Surface_024/MP_SEL_SUR_002808.jpg,none,0.0,,,0.8747
aihub_raw/surface/Surface_1/Surface_024/MP_SEL_SUR_002809.jpg,none,0.0,,,0.0
aihub_raw/surface/Surface_1/Surface_024/MP_SEL_SUR_002810.jpg,none,0.0,,,0.0
aihub_raw/surface/Surface_1/Surface_024/MP_SEL_SUR_002811.jpg,none,0.0,,,0.0
aihub_raw/surface/Surface_1/Surface_024/MP_SEL_SUR_002812.jpg,none,0.0,,,0.5334
aihub_raw/surface/Surface_1/Surface_024/MP_SEL_SUR_002813.jpg,none,0.0,,,0.9532
aihub_raw/surface/Surface_1/Surface_024/MP_SEL_SUR_002814.jpg,none_far,0.0031,0.13,0.204,0.8903
aihub_raw/surface/Surface_1/Surface_024/MP_SEL_SUR_002815.jpg,none,0.0,,,0.0
aihub_raw/surface/Surface_1/Surface_024/MP_SEL_SUR_002816.jpg,none_far,0.0101,0.044,0.1,0.7023
aihub_raw/surface/Surface_1/Surface_024/MP_SEL_SUR_002818.jpg,none_far,0.0662,0.0,0.426,0.9308
aihub_raw/surface/Surface_1/Surface_024/MP_SEL_SUR_002819.jpg,none,0.0,,,0.0
aihub_raw/surface/Surface_1/Surface_024/MP_SEL_SUR_002820.jpg,none,0.0,,,0.0
aihub_raw/surface/Surface_1/Surface_024/MP_SEL_SUR_002821.jpg,none,0.0,,,0.8626
aihub_raw/surface/Surface_1/Surface_024/MP_SEL_SUR_002822.jpg,none,0.0,,,1.0
aihub_raw/surface/Surface_1/Surface_024/MP_SEL_SUR_002823.jpg,none,0.0,,,0.9993
aihub_raw/surface/Surface_1/Surface_024/MP_SEL_SUR_002824.jpg,none,0.0,,,0.0
aihub_raw/surface/Surface_1/Surface_024/MP_SEL_SUR_002825.jpg,none,0.0,,,0.9463
aihub_raw/surface/Surface_1/Surface_024/MP_SEL_SUR_002826.jpg,on,0.2864,0.048,1.0,0.0143
aihub_raw/surface/Surface_1/Surface_024/MP_SEL_SUR_002827.jpg,none,0.0,,,0.7652
aihub_raw/surface/Surface_1/Surface_024/MP_SEL_SUR_002828.jpg,none,0.0,,,0.8162
aihub_raw/surface/Surface_1/Surface_024/MP_SEL_SUR_002829.jpg,none,0.0,,,0.5775
aihub_raw/surface/Surface_1/Surface_024/MP_SEL_SUR_002830.jpg,none,0.0,,,0.8696
aihub_raw/surface/Surface_1/Surface_024/MP_SEL_SUR_002831.jpg,none_far,0.0041,0.07,0.115,0.8859
aihub_raw/surface/Surface_1/Surface_024/MP_SEL_SUR_002832.jpg,none,0.0,,,0.0
aihub_raw/surface/Surface_1/Surface_024/MP_SEL_SUR_002833.jpg,none,0.0,,,0.8532
aihub_raw/surface/Surface_1/Surface_024/MP_SEL_SUR_002834.jpg,none,0.0,,,0.2171
aihub_raw/surface/Surface_1/Surface_024/MP_SEL_SUR_002835.jpg,none,0.0,,,0.9574
aihub_raw/surface/Surface_1/Surface_024/MP_SEL_SUR_002836.jpg,none_far,0.008,0.0,0.107,0.8346
aihub_raw/surface/Surface_1/Surface_024/MP_SEL_SUR_002837.jpg,none,0.0,,,0.0
aihub_raw/surface/Surface_1/Surface_024/MP_SEL_SUR_002838.jpg,none,0.0,,,0.0
aihub_raw/surface/Surface_1/Surface_024/MP_SEL_SUR_002839.jpg,none,0.0,,,0.9406
aihub_raw/surface/Surface_1/Surface_024/MP_SEL_SUR_002840.jpg,none,0.0,,,0.8127
aihub_raw/surface/Surface_1/Surface_024/MP_SEL_SUR_002841.jpg,none,0.0,,,0.0
aihub_raw/surface/Surface_1/Surface_024/MP_SEL_SUR_002842.jpg,none,0.0,,,0.7048
aihub_raw/surface/Surface_1/Surface_024/MP_SEL_SUR_002843.jpg,none,0.0,,,0.7939
aihub_raw/surface/Surface_1/Surface_024/MP_SEL_SUR_002844.jpg,none,0.0,,,0.0121
aihub_raw/surface/Surface_1/Surface_024/MP_SEL_SUR_002845.jpg,approach,0.8215,0.0,0.83,0.1748
aihub_raw/surface/Surface_1/Surface_024/MP_SEL_SUR_002846.jpg,none,0.0,,,1.0
aihub_raw/surface/Surface_1/Surface_024/MP_SEL_SUR_002847.jpg,none,0.0,,,0.7509
aihub_raw/surface/Surface_1/Surface_024/MP_SEL_SUR_002848.jpg,none,0.0,,,0.888
aihub_raw/surface/Surface_1/Surface_024/MP_SEL_SUR_002849.jpg,none,0.0,,,0.7444
aihub_raw/surface/Surface_1/Surface_024/MP_SEL_SUR_002850.jpg,none,0.0,,,0.9409
aihub_raw/surface/Surface_1/Surface_024/MP_SEL_SUR_002851.jpg,none_far,0.0087,0.141,0.259,0.9245
aihub_raw/surface/Surface_1/Surface_024/MP_SEL_SUR_002852.jpg,none,0.0,,,0.0008
aihub_raw/surface/Surface_1/Surface_024/MP_SEL_SUR_002853.jpg,none,0.0,,,0.8492
aihub_raw/surface/Surface_1/Surface_024/MP_SEL_SUR_002854.jpg,none_far,0.0604,0.0,0.226,0.8803
aihub_raw/surface/Surface_1/Surface_024/MP_SEL_SUR_002855.jpg,none,0.0,,,0.0303
aihub_raw/surface/Surface_1/Surface_024/MP_SEL_SUR_002856.jpg,none,0.0,,,1.0
aihub_raw/surface/Surface_1/Surface_024/MP_SEL_SUR_002857.jpg,none,0.0,,,0.8957
aihub_raw/surface/Surface_1/Surface_024/MP_SEL_SUR_002858.jpg,none,0.0,,,0.0
aihub_raw/surface/Surface_1/Surface_024/MP_SEL_SUR_002859.jpg,none,0.0,,,0.8316
aihub_raw/surface/Surface_1/Surface_024/MP_SEL_SUR_002860.jpg,none,0.0,,,0.9998
aihub_raw/surface/Surface_1/Surface_024/MP_SEL_SUR_002861.jpg,none,0.0,,,0.8999
aihub_raw/surface/Surface_1/Surface_024/MP_SEL_SUR_002862.jpg,none,0.0,,,0.0
aihub_raw/surface/Surface_1/Surface_024/MP_SEL_SUR_002863.jpg,none,0.0,,,0.9041
aihub_raw/surface/Surface_1/Surface_024/MP_SEL_SUR_002864.jpg,none,0.0,,,0.9355
aihub_raw/surface/Surface_1/Surface_024/MP_SEL_SUR_002865.jpg,none,0.0,,,0.9981
aihub_raw/surface/Surface_1/Surface_024/MP_SEL_SUR_002866.jpg,none,0.0,,,0.6731
aihub_raw/surface/Surface_1/Surface_024/MP_SEL_SUR_002867.jpg,none,0.0,,,0.9725
aihub_raw/surface/Surface_1/Surface_024/MP_SEL_SUR_002868.jpg,none,0.0,,,0.8139
aihub_raw/surface/Surface_1/Surface_024/MP_SEL_SUR_002869.jpg,none,0.0,,,0.8757
aihub_raw/surface/Surface_1/Surface_024/MP_SEL_SUR_002871.jpg,none,0.0,,,0.866
aihub_raw/surface/Surface_1/Surface_024/MP_SEL_SUR_002872.jpg,none,0.0,,,0.0858
aihub_raw/surface/Surface_1/Surface_024/MP_SEL_SUR_002873.jpg,none,0.0,,,0.7089
aihub_raw/surface/Surface_1/Surface_024/MP_SEL_SUR_002874.jpg,none,0.0,,,0.5123
aihub_raw/surface/Surface_1/Surface_024/MP_SEL_SUR_002875.jpg,none,0.0,,,0.0
aihub_raw/surface/Surface_1/Surface_024/MP_SEL_SUR_002876.jpg,none,0.0,,,0.7016
aihub_raw/surface/Surface_1/Surface_024/MP_SEL_SUR_002877.jpg,none,0.0,,,0.9972
aihub_raw/surface/Surface_1/Surface_024/MP_SEL_SUR_002878.jpg,none,0.0,,,0.8245
aihub_raw/surface/Surface_1/Surface_024/MP_SEL_SUR_002879.jpg,none,0.0,,,0.0
aihub_raw/surface/Surface_1/Surface_024/MP_SEL_SUR_002880.jpg,none,0.0,,,0.146
aihub_raw/surface/Surface_1/Surface_024/MP_SEL_SUR_002881.jpg,none,0.0,,,0.9013
aihub_raw/surface/Surface_1/Surface_024/MP_SEL_SUR_002882.jpg,none,0.0,,,0.0069
aihub_raw/surface/Surface_1/Surface_024/MP_SEL_SUR_002883.jpg,none,0.0,,,0.6176
aihub_raw/surface/Surface_1/Surface_025/MP_SEL_SUR_002884.jpg,none,0.0,,,0.9926
aihub_raw/surface/Surface_1/Surface_025/MP_SEL_SUR_002886.jpg,none,0.0,,,0.8447
aihub_raw/surface/Surface_1/Surface_025/MP_SEL_SUR_002887.jpg,none,0.0,,,0.0032
aihub_raw/surface/Surface_1/Surface_025/MP_SEL_SUR_002888.jpg,none,0.0,,,0.7283
aihub_raw/surface/Surface_1/Surface_025/MP_SEL_SUR_002889.jpg,none,0.0,,,0.8714
aihub_raw/surface/Surface_1/Surface_025/MP_SEL_SUR_002890.jpg,none,0.0,,,0.8981
aihub_raw/surface/Surface_1/Surface_025/MP_SEL_SUR_002891.jpg,none,0.0,,,0.9902
aihub_raw/surface/Surface_1/Surface_025/MP_SEL_SUR_002892.jpg,none,0.0,,,0.9827
aihub_raw/surface/Surface_1/Surface_025/MP_SEL_SUR_002893.jpg,none,0.0,,,0.7865
aihub_raw/surface/Surface_1/Surface_025/MP_SEL_SUR_002894.jpg,none,0.0,,,0.8183
aihub_raw/surface/Surface_1/Surface_025/MP_SEL_SUR_002895.jpg,none_far,0.0095,0.019,0.063,0.5274
aihub_raw/surface/Surface_1/Surface_025/MP_SEL_SUR_002896.jpg,none,0.0,,,0.7649
aihub_raw/surface/Surface_1/Surface_025/MP_SEL_SUR_002897.jpg,none,0.0,,,1.0
aihub_raw/surface/Surface_1/Surface_025/MP_SEL_SUR_002898.jpg,none,0.0,,,0.0
aihub_raw/surface/Surface_1/Surface_025/MP_SEL_SUR_002900.jpg,none,0.0,,,0.9882
aihub_raw/surface/Surface_1/Surface_025/MP_SEL_SUR_002901.jpg,none,0.0,,,0.0
aihub_raw/surface/Surface_1/Surface_025/MP_SEL_SUR_002902.jpg,none,0.0,,,0.0
aihub_raw/surface/Surface_1/Surface_025/MP_SEL_SUR_002903.jpg,none,0.0,,,0.0
aihub_raw/surface/Surface_1/Surface_025/MP_SEL_SUR_002904.jpg,none,0.0,,,0.7769
aihub_raw/surface/Surface_1/Surface_025/MP_SEL_SUR_002905.jpg,none,0.0,,,0.8463
aihub_raw/surface/Surface_1/Surface_025/MP_SEL_SUR_002906.jpg,none,0.0,,,0.8384
aihub_raw/surface/Surface_1/Surface_025/MP_SEL_SUR_002907.jpg,none,0.0,,,0.9967
aihub_raw/surface/Surface_1/Surface_025/MP_SEL_SUR_002908.jpg,none,0.0,,,0.0
aihub_raw/surface/Surface_1/Surface_025/MP_SEL_SUR_002909.jpg,none,0.0,,,0.8405
aihub_raw/surface/Surface_1/Surface_025/MP_SEL_SUR_002910.jpg,none,0.0,,,0.9596
aihub_raw/surface/Surface_1/Surface_025/MP_SEL_SUR_002911.jpg,none,0.0,,,1.0
aihub_raw/surface/Surface_1/Surface_025/MP_SEL_SUR_002912.jpg,none,0.0,,,0.9942
aihub_raw/surface/Surface_1/Surface_025/MP_SEL_SUR_002913.jpg,none,0.0,,,0.0
aihub_raw/surface/Surface_1/Surface_025/MP_SEL_SUR_002914.jpg,none,0.0,,,0.9057
aihub_raw/surface/Surface_1/Surface_025/MP_SEL_SUR_002915.jpg,none,0.0,,,0.8688
aihub_raw/surface/Surface_1/Surface_025/MP_SEL_SUR_002916.jpg,none,0.0,,,0.9858
aihub_raw/surface/Surface_1/Surface_025/MP_SEL_SUR_002917.jpg,none,0.0,,,0.8673
aihub_raw/surface/Surface_1/Surface_025/MP_SEL_SUR_002918.jpg,none,0.0,,,0.952
aihub_raw/surface/Surface_1/Surface_025/MP_SEL_SUR_002919.jpg,none,0.0,,,0.9998
aihub_raw/surface/Surface_1/Surface_025/MP_SEL_SUR_002920.jpg,none,0.0,,,0.853
aihub_raw/surface/Surface_1/Surface_025/MP_SEL_SUR_002921.jpg,none,0.0,,,0.0114
aihub_raw/surface/Surface_1/Surface_025/MP_SEL_SUR_002922.jpg,none,0.0,,,0.0
aihub_raw/surface/Surface_1/Surface_025/MP_SEL_SUR_002923.jpg,none,0.0,,,0.9917
aihub_raw/surface/Surface_1/Surface_025/MP_SEL_SUR_002924.jpg,none,0.0,,,0.7837
aihub_raw/surface/Surface_1/Surface_025/MP_SEL_SUR_002925.jpg,none,0.0,,,0.7954
aihub_raw/surface/Surface_1/Surface_025/MP_SEL_SUR_002926.jpg,none,0.0,,,0.6667
aihub_raw/surface/Surface_1/Surface_025/MP_SEL_SUR_002927.jpg,none,0.0,,,0.6779
aihub_raw/surface/Surface_1/Surface_025/MP_SEL_SUR_002928.jpg,none,0.0,,,0.0
aihub_raw/surface/Surface_1/Surface_025/MP_SEL_SUR_002929.jpg,none,0.0,,,0.8595
aihub_raw/surface/Surface_1/Surface_025/MP_SEL_SUR_002930.jpg,none,0.0,,,0.7221
aihub_raw/surface/Surface_1/Surface_025/MP_SEL_SUR_002931.jpg,none,0.0,,,0.0
aihub_raw/surface/Surface_1/Surface_025/MP_SEL_SUR_002932.jpg,none,0.0,,,0.833
aihub_raw/surface/Surface_1/Surface_025/MP_SEL_SUR_002933.jpg,none,0.0,,,0.0876
aihub_raw/surface/Surface_1/Surface_025/MP_SEL_SUR_002934.jpg,none,0.0,,,0.8445
aihub_raw/surface/Surface_1/Surface_025/MP_SEL_SUR_002935.jpg,none,0.0,,,1.0
aihub_raw/surface/Surface_1/Surface_025/MP_SEL_SUR_002936.jpg,none,0.0,,,0.0
aihub_raw/surface/Surface_1/Surface_025/MP_SEL_SUR_002937.jpg,none,0.0,,,0.9784
aihub_raw/surface/Surface_1/Surface_025/MP_SEL_SUR_002939.jpg,none,0.0,,,0.1398
aihub_raw/surface/Surface_1/Surface_025/MP_SEL_SUR_002940.jpg,none,0.0,,,0.9459
aihub_raw/surface/Surface_1/Surface_025/MP_SEL_SUR_002942.jpg,none_far,0.0087,0.0,0.081,0.9783
aihub_raw/surface/Surface_1/Surface_025/MP_SEL_SUR_002943.jpg,none,0.0,,,0.088
aihub_raw/surface/Surface_1/Surface_025/MP_SEL_SUR_002944.jpg,none,0.0,,,0.9751
aihub_raw/surface/Surface_1/Surface_025/MP_SEL_SUR_002945.jpg,none,0.0,,,0.7203
aihub_raw/surface/Surface_1/Surface_025/MP_SEL_SUR_002946.jpg,none,0.0,,,0.9256
aihub_raw/surface/Surface_1/Surface_025/MP_SEL_SUR_002947.jpg,none,0.0,,,0.9369
aihub_raw/surface/Surface_1/Surface_025/MP_SEL_SUR_002948.jpg,none,0.0,,,0.9459
aihub_raw/surface/Surface_1/Surface_025/MP_SEL_SUR_002949.jpg,none,0.0,,,0.0518
aihub_raw/surface/Surface_1/Surface_025/MP_SEL_SUR_002950.jpg,none,0.0,,,0.9515
aihub_raw/surface/Surface_1/Surface_025/MP_SEL_SUR_002951.jpg,none,0.0,,,0.9953
aihub_raw/surface/Surface_1/Surface_025/MP_SEL_SUR_002952.jpg,none,0.0,,,0.9749
aihub_raw/surface/Surface_1/Surface_025/MP_SEL_SUR_002953.jpg,none,0.0,,,0.9803
aihub_raw/surface/Surface_1/Surface_025/MP_SEL_SUR_002954.jpg,none,0.0,,,0.7422
aihub_raw/surface/Surface_1/Surface_025/MP_SEL_SUR_002955.jpg,none_far,0.0043,0.007,0.03,0.8167
aihub_raw/surface/Surface_1/Surface_025/MP_SEL_SUR_002956.jpg,none,0.0,,,0.9989
aihub_raw/surface/Surface_1/Surface_025/MP_SEL_SUR_002957.jpg,none,0.0,,,0.0
aihub_raw/surface/Surface_1/Surface_025/MP_SEL_SUR_002958.jpg,none,0.0,,,0.7052
aihub_raw/surface/Surface_1/Surface_025/MP_SEL_SUR_002959.jpg,none,0.0,,,0.9907
aihub_raw/surface/Surface_1/Surface_025/MP_SEL_SUR_002960.jpg,none,0.0,,,0.8246
aihub_raw/surface/Surface_1/Surface_025/MP_SEL_SUR_002961.jpg,none,0.0,,,0.6989
aihub_raw/surface/Surface_1/Surface_025/MP_SEL_SUR_002962.jpg,none,0.0,,,0.9992
aihub_raw/surface/Surface_1/Surface_025/MP_SEL_SUR_002963.jpg,none,0.0,,,0.1813
aihub_raw/surface/Surface_1/Surface_025/MP_SEL_SUR_002964.jpg,none,0.0,,,0.6552
aihub_raw/surface/Surface_1/Surface_025/MP_SEL_SUR_002965.jpg,none,0.0,,,0.2073
aihub_raw/surface/Surface_1/Surface_025/MP_SEL_SUR_002966.jpg,none,0.0,,,0.0
aihub_raw/surface/Surface_1/Surface_025/MP_SEL_SUR_002967.jpg,none,0.0,,,0.9611
aihub_raw/surface/Surface_1/Surface_025/MP_SEL_SUR_002968.jpg,none,0.0,,,0.0
aihub_raw/surface/Surface_1/Surface_025/MP_SEL_SUR_002970.jpg,none,0.0,,,0.8888
aihub_raw/surface/Surface_1/Surface_025/MP_SEL_SUR_002971.jpg,none,0.0,,,1.0
aihub_raw/surface/Surface_1/Surface_025/MP_SEL_SUR_002972.jpg,none,0.0,,,0.9229
aihub_raw/surface/Surface_1/Surface_025/MP_SEL_SUR_002973.jpg,none,0.0,,,0.9701
aihub_raw/surface/Surface_1/Surface_025/MP_SEL_SUR_002974.jpg,none,0.0,,,0.674
aihub_raw/surface/Surface_1/Surface_025/MP_SEL_SUR_002975.jpg,none,0.0,,,0.9398
aihub_raw/surface/Surface_1/Surface_025/MP_SEL_SUR_002976.jpg,none,0.0,,,0.0
aihub_raw/surface/Surface_1/Surface_025/MP_SEL_SUR_002977.jpg,none,0.0,,,0.0
aihub_raw/surface/Surface_1/Surface_025/MP_SEL_SUR_002978.jpg,none,0.0,,,0.8882
aihub_raw/surface/Surface_1/Surface_025/MP_SEL_SUR_002979.jpg,none,0.0,,,0.0
aihub_raw/surface/Surface_1/Surface_025/MP_SEL_SUR_002980.jpg,none,0.0,,,0.0
aihub_raw/surface/Surface_1/Surface_025/MP_SEL_SUR_002982.jpg,none,0.0,,,0.0
aihub_raw/surface/Surface_1/Surface_025/MP_SEL_SUR_002983.jpg,none,0.0,,,0.9943
aihub_raw/surface/Surface_1/Surface_025/MP_SEL_SUR_002984.jpg,none,0.0,,,0.8641
aihub_raw/surface/Surface_1/Surface_025/MP_SEL_SUR_002985.jpg,none,0.0,,,0.9999
aihub_raw/surface/Surface_1/Surface_025/MP_SEL_SUR_002986.jpg,none,0.0,,,0.6799
aihub_raw/surface/Surface_1/Surface_025/MP_SEL_SUR_002987.jpg,none,0.0,,,0.6744
aihub_raw/surface/Surface_1/Surface_025/MP_SEL_SUR_002988.jpg,none,0.0,,,0.0
aihub_raw/surface/Surface_1/Surface_025/MP_SEL_SUR_002990.jpg,none,0.0,,,0.9538
aihub_raw/surface/Surface_1/Surface_025/MP_SEL_SUR_002991.jpg,none,0.0,,,0.0
aihub_raw/surface/Surface_1/Surface_025/MP_SEL_SUR_002992.jpg,none,0.0,,,0.0
aihub_raw/surface/Surface_1/Surface_025/MP_SEL_SUR_002993.jpg,none,0.0,,,0.0
aihub_raw/surface/Surface_1/Surface_025/MP_SEL_SUR_002994.jpg,none,0.0,,,0.1278
aihub_raw/surface/Surface_1/Surface_025/MP_SEL_SUR_002995.jpg,none,0.0,,,0.0
aihub_raw/surface/Surface_1/Surface_025/MP_SEL_SUR_002996.jpg,none,0.0,,,0.5907
aihub_raw/surface/Surface_1/Surface_025/MP_SEL_SUR_002997.jpg,none,0.0,,,0.9035
aihub_raw/surface/Surface_1/Surface_025/MP_SEL_SUR_002998.jpg,on,0.8967,0.0,1.0,0.0
aihub_raw/surface/Surface_1/Surface_025/MP_SEL_SUR_002999.jpg,none,0.0,,,0.0
aihub_raw/surface/Surface_1/Surface_025/MP_SEL_SUR_003000.jpg,none,0.0,,,0.0
aihub_raw/surface/Surface_1/Surface_025/MP_SEL_SUR_003001.jpg,none,0.0,,,0.8444
aihub_raw/surface/Surface_1/Surface_025/MP_SEL_SUR_003002.jpg,none,0.0,,,0.8937
aihub_raw/surface/Surface_1/Surface_025/MP_SEL_SUR_003003.jpg,on,0.7866,0.111,1.0,0.0673
aihub_raw/surface/Surface_1/Surface_026/MP_SEL_SUR_003004.jpg,none,0.0,,,0.0
aihub_raw/surface/Surface_1/Surface_026/MP_SEL_SUR_003005.jpg,none,0.0,,,0.8406
aihub_raw/surface/Surface_1/Surface_026/MP_SEL_SUR_003006.jpg,none,0.0,,,0.0
aihub_raw/surface/Surface_1/Surface_026/MP_SEL_SUR_003007.jpg,none,0.0,,,0.9999
aihub_raw/surface/Surface_1/Surface_026/MP_SEL_SUR_003008.jpg,on,0.8328,0.0,0.922,0.1269
aihub_raw/surface/Surface_1/Surface_026/MP_SEL_SUR_003009.jpg,none,0.0,,,0.8919
aihub_raw/surface/Surface_1/Surface_026/MP_SEL_SUR_003010.jpg,none,0.0,,,0.8029
aihub_raw/surface/Surface_1/Surface_026/MP_SEL_SUR_003011.jpg,none,0.0,,,0.8945
aihub_raw/surface/Surface_1/Surface_026/MP_SEL_SUR_003012.jpg,none,0.0,,,0.6469
aihub_raw/surface/Surface_1/Surface_026/MP_SEL_SUR_003013.jpg,none,0.0,,,0.7326
aihub_raw/surface/Surface_1/Surface_026/MP_SEL_SUR_003015.jpg,none,0.0,,,0.9706
aihub_raw/surface/Surface_1/Surface_026/MP_SEL_SUR_003016.jpg,none,0.0,,,0.0
aihub_raw/surface/Surface_1/Surface_026/MP_SEL_SUR_003017.jpg,none,0.0,,,0.0248
aihub_raw/surface/Surface_1/Surface_026/MP_SEL_SUR_003018.jpg,none_far,0.0039,0.007,0.033,0.1157
aihub_raw/surface/Surface_1/Surface_026/MP_SEL_SUR_003019.jpg,none,0.0,,,1.0
aihub_raw/surface/Surface_1/Surface_026/MP_SEL_SUR_003020.jpg,none,0.0,,,0.3691
aihub_raw/surface/Surface_1/Surface_026/MP_SEL_SUR_003021.jpg,none,0.0,,,0.7988
aihub_raw/surface/Surface_1/Surface_026/MP_SEL_SUR_003022.jpg,none,0.0,,,0.0
aihub_raw/surface/Surface_1/Surface_026/MP_SEL_SUR_003023.jpg,none,0.0,,,0.1299
aihub_raw/surface/Surface_1/Surface_026/MP_SEL_SUR_003024.jpg,none,0.0,,,0.8279
aihub_raw/surface/Surface_1/Surface_026/MP_SEL_SUR_003025.jpg,none,0.0,,,0.14
aihub_raw/surface/Surface_1/Surface_026/MP_SEL_SUR_003026.jpg,none,0.0,,,0.0
aihub_raw/surface/Surface_1/Surface_026/MP_SEL_SUR_003027.jpg,none,0.0,,,0.6801
aihub_raw/surface/Surface_1/Surface_026/MP_SEL_SUR_003028.jpg,none_far,0.2078,0.0,0.304,0.7063
aihub_raw/surface/Surface_1/Surface_026/MP_SEL_SUR_003029.jpg,none,0.0,,,0.9804
aihub_raw/surface/Surface_1/Surface_026/MP_SEL_SUR_003030.jpg,none,0.0,,,0.9854
aihub_raw/surface/Surface_1/Surface_026/MP_SEL_SUR_003031.jpg,none,0.0,,,0.9539
aihub_raw/surface/Surface_1/Surface_026/MP_SEL_SUR_003032.jpg,none,0.0,,,0.0
aihub_raw/surface/Surface_1/Surface_026/MP_SEL_SUR_003033.jpg,none,0.0,,,0.7553
aihub_raw/surface/Surface_1/Surface_026/MP_SEL_SUR_003034.jpg,none,0.0,,,0.3571
aihub_raw/surface/Surface_1/Surface_026/MP_SEL_SUR_003035.jpg,none,0.0,,,0.7219
aihub_raw/surface/Surface_1/Surface_026/MP_SEL_SUR_003036.jpg,none,0.0,,,0.9468
aihub_raw/surface/Surface_1/Surface_026/MP_SEL_SUR_003037.jpg,none,0.0,,,0.8684
aihub_raw/surface/Surface_1/Surface_026/MP_SEL_SUR_003038.jpg,none,0.0,,,0.9487
aihub_raw/surface/Surface_1/Surface_026/MP_SEL_SUR_003039.jpg,none,0.0,,,0.4767
aihub_raw/surface/Surface_1/Surface_026/MP_SEL_SUR_003040.jpg,none,0.0,,,0.0
aihub_raw/surface/Surface_1/Surface_026/MP_SEL_SUR_003041.jpg,none,0.0,,,0.0001
aihub_raw/surface/Surface_1/Surface_026/MP_SEL_SUR_003042.jpg,none,0.0,,,0.0028
aihub_raw/surface/Surface_1/Surface_026/MP_SEL_SUR_003043.jpg,approach,0.825,0.0,1.0,0.0472
aihub_raw/surface/Surface_1/Surface_026/MP_SEL_SUR_003044.jpg,none,0.0,,,0.9818
aihub_raw/surface/Surface_1/Surface_026/MP_SEL_SUR_003045.jpg,none_far,0.1379,0.0,0.233,0.7893
aihub_raw/surface/Surface_1/Surface_026/MP_SEL_SUR_003046.jpg,none,0.0,,,0.95
aihub_raw/surface/Surface_1/Surface_026/MP_SEL_SUR_003047.jpg,none,0.0,,,0.8643
aihub_raw/surface/Surface_1/Surface_026/MP_SEL_SUR_003048.jpg,none,0.0,,,0.0
aihub_raw/surface/Surface_1/Surface_026/MP_SEL_SUR_003049.jpg,none,0.0,,,0.0
aihub_raw/surface/Surface_1/Surface_026/MP_SEL_SUR_003050.jpg,none,0.0,,,0.0364
aihub_raw/surface/Surface_1/Surface_026/MP_SEL_SUR_003051.jpg,none,0.0,,,0.9269
aihub_raw/surface/Surface_1/Surface_026/MP_SEL_SUR_003052.jpg,none,0.0,,,0.0005
aihub_raw/surface/Surface_1/Surface_026/MP_SEL_SUR_003053.jpg,none,0.0,,,0.0806
aihub_raw/surface/Surface_1/Surface_026/MP_SEL_SUR_003054.jpg,none,0.0,,,0.7088
aihub_raw/surface/Surface_1/Surface_026/MP_SEL_SUR_003055.jpg,approach,0.5068,0.189,0.793,0.3634
aihub_raw/surface/Surface_1/Surface_026/MP_SEL_SUR_003056.jpg,none,0.0,,,0.9248
aihub_raw/surface/Surface_1/Surface_026/MP_SEL_SUR_003057.jpg,none,0.0,,,1.0
aihub_raw/surface/Surface_1/Surface_026/MP_SEL_SUR_003058.jpg,none,0.0,,,0.9509
aihub_raw/surface/Surface_1/Surface_026/MP_SEL_SUR_003059.jpg,none,0.0,,,0.9953
aihub_raw/surface/Surface_1/Surface_026/MP_SEL_SUR_003060.jpg,none,0.0,,,0.9868
aihub_raw/surface/Surface_1/Surface_026/MP_SEL_SUR_003061.jpg,none,0.0,,,0.951
aihub_raw/surface/Surface_1/Surface_026/MP_SEL_SUR_003062.jpg,none,0.0,,,0.0
aihub_raw/surface/Surface_1/Surface_026/MP_SEL_SUR_003063.jpg,none,0.0,,,0.0335
aihub_raw/surface/Surface_1/Surface_026/MP_SEL_SUR_003064.jpg,none,0.0,,,0.9081
aihub_raw/surface/Surface_1/Surface_026/MP_SEL_SUR_003065.jpg,none,0.0,,,1.0
aihub_raw/surface/Surface_1/Surface_026/MP_SEL_SUR_003066.jpg,none,0.0,,,0.0
aihub_raw/surface/Surface_1/Surface_026/MP_SEL_SUR_003067.jpg,none,0.0,,,0.9347
aihub_raw/surface/Surface_1/Surface_026/MP_SEL_SUR_003068.jpg,none,0.0,,,0.0072
aihub_raw/surface/Surface_1/Surface_026/MP_SEL_SUR_003069.jpg,none,0.0,,,0.8893
aihub_raw/surface/Surface_1/Surface_026/MP_SEL_SUR_003070.jpg,none,0.0,,,0.0
aihub_raw/surface/Surface_1/Surface_026/MP_SEL_SUR_003071.jpg,none,0.0,,,0.0
aihub_raw/surface/Surface_1/Surface_026/MP_SEL_SUR_003072.jpg,none,0.0,,,0.944
aihub_raw/surface/Surface_1/Surface_026/MP_SEL_SUR_003073.jpg,none_far,0.0096,0.048,0.104,0.8486
aihub_raw/surface/Surface_1/Surface_026/MP_SEL_SUR_003074.jpg,none,0.0,,,0.8184
aihub_raw/surface/Surface_1/Surface_026/MP_SEL_SUR_003075.jpg,none,0.0,,,0.0
aihub_raw/surface/Surface_1/Surface_026/MP_SEL_SUR_003076.jpg,none_far,0.0021,0.0,0.089,0.9676
aihub_raw/surface/Surface_1/Surface_026/MP_SEL_SUR_003077.jpg,none,0.0,,,0.0
aihub_raw/surface/Surface_1/Surface_026/MP_SEL_SUR_003078.jpg,none,0.0,,,0.8791
aihub_raw/surface/Surface_1/Surface_026/MP_SEL_SUR_003079.jpg,none,0.0,,,0.9521
aihub_raw/surface/Surface_1/Surface_026/MP_SEL_SUR_003080.jpg,none,0.0,,,0.0
aihub_raw/surface/Surface_1/Surface_026/MP_SEL_SUR_003081.jpg,none,0.0,,,0.936
aihub_raw/surface/Surface_1/Surface_026/MP_SEL_SUR_003082.jpg,none,0.0,,,0.0
aihub_raw/surface/Surface_1/Surface_026/MP_SEL_SUR_003083.jpg,none,0.0,,,0.9763
aihub_raw/surface/Surface_1/Surface_027/MP_SEL_SUR_003084.jpg,none,0.0,,,0.9694
aihub_raw/surface/Surface_1/Surface_027/MP_SEL_SUR_003085.jpg,none,0.0,,,0.1853
aihub_raw/surface/Surface_1/Surface_027/MP_SEL_SUR_003086.jpg,none,0.0,,,0.0
aihub_raw/surface/Surface_1/Surface_027/MP_SEL_SUR_003087.jpg,none,0.0,,,0.2614
aihub_raw/surface/Surface_1/Surface_027/MP_SEL_SUR_003088.jpg,none,0.0,,,0.0
aihub_raw/surface/Surface_1/Surface_027/MP_SEL_SUR_003089.jpg,none,0.0,,,0.9328
aihub_raw/surface/Surface_1/Surface_027/MP_SEL_SUR_003090.jpg,none,0.0,,,0.9746
aihub_raw/surface/Surface_1/Surface_027/MP_SEL_SUR_003091.jpg,none,0.0,,,0.9996
aihub_raw/surface/Surface_1/Surface_027/MP_SEL_SUR_003092.jpg,none,0.0,,,0.0
aihub_raw/surface/Surface_1/Surface_027/MP_SEL_SUR_003093.jpg,on,0.9806,0.0,1.0,0.0191
aihub_raw/surface/Surface_1/Surface_027/MP_SEL_SUR_003094.jpg,none,0.0,,,0.0
aihub_raw/surface/Surface_1/Surface_027/MP_SEL_SUR_003095.jpg,none,0.0,,,0.9846
aihub_raw/surface/Surface_1/Surface_027/MP_SEL_SUR_003096.jpg,none,0.0,,,0.9388
aihub_raw/surface/Surface_1/Surface_027/MP_SEL_SUR_003097.jpg,none,0.0,,,0.1298
aihub_raw/surface/Surface_1/Surface_027/MP_SEL_SUR_003098.jpg,none,0.0,,,0.8366
aihub_raw/surface/Surface_1/Surface_027/MP_SEL_SUR_003099.jpg,none,0.0,,,0.8782
aihub_raw/surface/Surface_1/Surface_027/MP_SEL_SUR_003100.jpg,none,0.0,,,0.8978
aihub_raw/surface/Surface_1/Surface_027/MP_SEL_SUR_003101.jpg,none,0.0,,,0.9289
aihub_raw/surface/Surface_1/Surface_027/MP_SEL_SUR_003102.jpg,none,0.0,,,0.0
aihub_raw/surface/Surface_1/Surface_027/MP_SEL_SUR_003103.jpg,none,0.0,,,0.0
aihub_raw/surface/Surface_1/Surface_027/MP_SEL_SUR_003104.jpg,approach,0.5726,0.0,0.648,0.3613
aihub_raw/surface/Surface_1/Surface_027/MP_SEL_SUR_003105.jpg,none,0.0,,,0.9441
aihub_raw/surface/Surface_1/Surface_027/MP_SEL_SUR_003106.jpg,none,0.0,,,0.9165
aihub_raw/surface/Surface_1/Surface_027/MP_SEL_SUR_003107.jpg,none,0.0,,,0.0
aihub_raw/surface/Surface_1/Surface_027/MP_SEL_SUR_003108.jpg,none,0.0,,,0.8387
aihub_raw/surface/Surface_1/Surface_027/MP_SEL_SUR_003109.jpg,none_far,0.0001,0.156,0.159,0.8746
aihub_raw/surface/Surface_1/Surface_027/MP_SEL_SUR_003110.jpg,none,0.0,,,0.0
aihub_raw/surface/Surface_1/Surface_027/MP_SEL_SUR_003111.jpg,none,0.0,,,0.4923
aihub_raw/surface/Surface_1/Surface_027/MP_SEL_SUR_003112.jpg,none,0.0,,,0.6493
aihub_raw/surface/Surface_1/Surface_027/MP_SEL_SUR_003113.jpg,none,0.0,,,0.4779
aihub_raw/surface/Surface_1/Surface_027/MP_SEL_SUR_003114.jpg,none,0.0,,,0.9457
aihub_raw/surface/Surface_1/Surface_027/MP_SEL_SUR_003115.jpg,none,0.0,,,0.8821
aihub_raw/surface/Surface_1/Surface_027/MP_SEL_SUR_003116.jpg,none,0.0,,,0.9998
aihub_raw/surface/Surface_1/Surface_027/MP_SEL_SUR_003117.jpg,none,0.0,,,0.9936
aihub_raw/surface/Surface_1/Surface_027/MP_SEL_SUR_003118.jpg,none,0.0,,,0.8686
aihub_raw/surface/Surface_1/Surface_027/MP_SEL_SUR_003119.jpg,none,0.0,,,0.0
aihub_raw/surface/Surface_1/Surface_027/MP_SEL_SUR_003120.jpg,none_far,0.2614,0.0,0.581,0.4434
aihub_raw/surface/Surface_1/Surface_027/MP_SEL_SUR_003121.jpg,none,0.0,,,0.9746
aihub_raw/surface/Surface_1/Surface_027/MP_SEL_SUR_003122.jpg,none,0.0,,,0.903
aihub_raw/surface/Surface_1/Surface_027/MP_SEL_SUR_003123.jpg,none,0.0,,,0.0
aihub_raw/surface/Surface_1/Surface_027/MP_SEL_SUR_003124.jpg,none,0.0,,,0.0
aihub_raw/surface/Surface_1/Surface_027/MP_SEL_SUR_003125.jpg,none,0.0,,,0.8197
aihub_raw/surface/Surface_1/Surface_027/MP_SEL_SUR_003126.jpg,none,0.0,,,0.9715
aihub_raw/surface/Surface_1/Surface_027/MP_SEL_SUR_003127.jpg,none,0.0,,,0.0
aihub_raw/surface/Surface_1/Surface_027/MP_SEL_SUR_003128.jpg,none,0.0,,,0.9887
aihub_raw/surface/Surface_1/Surface_027/MP_SEL_SUR_003129.jpg,none,0.0,,,0.8553
aihub_raw/surface/Surface_1/Surface_027/MP_SEL_SUR_003130.jpg,none,0.0,,,0.0
aihub_raw/surface/Surface_1/Surface_027/MP_SEL_SUR_003131.jpg,none,0.0,,,0.0
aihub_raw/surface/Surface_1/Surface_027/MP_SEL_SUR_003132.jpg,none,0.0,,,0.0
aihub_raw/surface/Surface_1/Surface_027/MP_SEL_SUR_003133.jpg,none,0.0,,,0.7707
aihub_raw/surface/Surface_1/Surface_027/MP_SEL_SUR_003134.jpg,none,0.0,,,0.9983
aihub_raw/surface/Surface_1/Surface_027/MP_SEL_SUR_003135.jpg,none,0.0,,,0.7121
aihub_raw/surface/Surface_1/Surface_027/MP_SEL_SUR_003136.jpg,none,0.0,,,0.951
aihub_raw/surface/Surface_1/Surface_027/MP_SEL_SUR_003137.jpg,none,0.0,,,0.8547
aihub_raw/surface/Surface_1/Surface_027/MP_SEL_SUR_003138.jpg,on,0.7395,0.248,1.0,0.186
aihub_raw/surface/Surface_1/Surface_027/MP_SEL_SUR_003139.jpg,none,0.0,,,0.4315
aihub_raw/surface/Surface_1/Surface_027/MP_SEL_SUR_003140.jpg,none,0.0,,,0.8358
aihub_raw/surface/Surface_1/Surface_027/MP_SEL_SUR_003141.jpg,none,0.0,,,0.2504
aihub_raw/surface/Surface_1/Surface_027/MP_SEL_SUR_003142.jpg,none,0.0,,,0.9302
aihub_raw/surface/Surface_1/Surface_027/MP_SEL_SUR_003143.jpg,none,0.0,,,0.8992
aihub_raw/surface/Surface_1/Surface_027/MP_SEL_SUR_003144.jpg,none,0.0,,,0.7891
aihub_raw/surface/Surface_1/Surface_027/MP_SEL_SUR_003145.jpg,none,0.0,,,0.5245
aihub_raw/surface/Surface_1/Surface_027/MP_SEL_SUR_003147.jpg,none,0.0,,,0.0
aihub_raw/surface/Surface_1/Surface_027/MP_SEL_SUR_003148.jpg,none,0.0,,,0.9895
aihub_raw/surface/Surface_1/Surface_027/MP_SEL_SUR_003149.jpg,none,0.0,,,0.0
aihub_raw/surface/Surface_1/Surface_027/MP_SEL_SUR_003150.jpg,none,0.0,,,0.8551
aihub_raw/surface/Surface_1/Surface_027/MP_SEL_SUR_003151.jpg,none,0.0,,,0.0004
aihub_raw/surface/Surface_1/Surface_027/MP_SEL_SUR_003152.jpg,none,0.0,,,0.775
aihub_raw/surface/Surface_1/Surface_027/MP_SEL_SUR_003153.jpg,none,0.0,,,0.9044
aihub_raw/surface/Surface_1/Surface_027/MP_SEL_SUR_003154.jpg,none,0.0,,,0.9676
aihub_raw/surface/Surface_1/Surface_027/MP_SEL_SUR_003155.jpg,none,0.0,,,0.9512
aihub_raw/surface/Surface_1/Surface_027/MP_SEL_SUR_003156.jpg,none,0.0,,,0.8174
aihub_raw/surface/Surface_1/Surface_027/MP_SEL_SUR_003157.jpg,none,0.0,,,0.9735
aihub_raw/surface/Surface_1/Surface_027/MP_SEL_SUR_003158.jpg,none,0.0,,,0.808
aihub_raw/surface/Surface_1/Surface_027/MP_SEL_SUR_003159.jpg,none,0.0,,,0.4926
aihub_raw/surface/Surface_1/Surface_027/MP_SEL_SUR_003160.jpg,none,0.0,,,0.7609
aihub_raw/surface/Surface_1/Surface_027/MP_SEL_SUR_003161.jpg,none,0.0,,,0.9769
aihub_raw/surface/Surface_1/Surface_027/MP_SEL_SUR_003162.jpg,none,0.0,,,0.0
aihub_raw/surface/Surface_1/Surface_027/MP_SEL_SUR_003163.jpg,none,0.0,,,0.9036
aihub_raw/surface/Surface_1/Surface_028/MP_SEL_SUR_003164.jpg,none,0.0,,,0.9859
aihub_raw/surface/Surface_1/Surface_028/MP_SEL_SUR_003165.jpg,none,0.0,,,0.7361
aihub_raw/surface/Surface_1/Surface_028/MP_SEL_SUR_003166.jpg,none,0.0,,,0.9972
aihub_raw/surface/Surface_1/Surface_028/MP_SEL_SUR_003167.jpg,none,0.0,,,0.553
aihub_raw/surface/Surface_1/Surface_028/MP_SEL_SUR_003168.jpg,none,0.0,,,0.8949
aihub_raw/surface/Surface_1/Surface_028/MP_SEL_SUR_003169.jpg,none,0.0,,,0.8958
aihub_raw/surface/Surface_1/Surface_028/MP_SEL_SUR_003170.jpg,none,0.0,,,0.9982
aihub_raw/surface/Surface_1/Surface_028/MP_SEL_SUR_003171.jpg,none,0.0,,,0.2776
aihub_raw/surface/Surface_1/Surface_028/MP_SEL_SUR_003172.jpg,none_far,0.1682,0.0,0.226,0.8222
aihub_raw/surface/Surface_1/Surface_028/MP_SEL_SUR_003173.jpg,none,0.0,,,0.0
aihub_raw/surface/Surface_1/Surface_028/MP_SEL_SUR_003174.jpg,none,0.0,,,0.0
aihub_raw/surface/Surface_1/Surface_028/MP_SEL_SUR_003175.jpg,none,0.0,,,0.8808
aihub_raw/surface/Surface_1/Surface_028/MP_SEL_SUR_003176.jpg,none,0.0,,,0.7352
aihub_raw/surface/Surface_1/Surface_028/MP_SEL_SUR_003177.jpg,on,0.8743,0.063,1.0,0.0
aihub_raw/surface/Surface_1/Surface_028/MP_SEL_SUR_003178.jpg,none,0.0,,,0.7771
aihub_raw/surface/Surface_1/Surface_028/MP_SEL_SUR_003179.jpg,none,0.0,,,0.8093
aihub_raw/surface/Surface_1/Surface_028/MP_SEL_SUR_003180.jpg,none,0.0,,,0.0
aihub_raw/surface/Surface_1/Surface_028/MP_SEL_SUR_003181.jpg,none,0.0,,,0.0
aihub_raw/surface/Surface_1/Surface_028/MP_SEL_SUR_003182.jpg,none,0.0,,,1.0
aihub_raw/surface/Surface_1/Surface_028/MP_SEL_SUR_003183.jpg,none,0.0,,,1.0
aihub_raw/surface/Surface_1/Surface_028/MP_SEL_SUR_003184.jpg,none,0.0,,,0.0
aihub_raw/surface/Surface_1/Surface_028/MP_SEL_SUR_003185.jpg,none,0.0,,,0.0
aihub_raw/surface/Surface_1/Surface_028/MP_SEL_SUR_003186.jpg,none,0.0,,,0.7745
aihub_raw/surface/Surface_1/Surface_028/MP_SEL_SUR_003187.jpg,none,0.0,,,0.8625
aihub_raw/surface/Surface_1/Surface_028/MP_SEL_SUR_003188.jpg,none,0.0,,,0.8075
aihub_raw/surface/Surface_1/Surface_028/MP_SEL_SUR_003189.jpg,none,0.0,,,0.0
aihub_raw/surface/Surface_1/Surface_028/MP_SEL_SUR_003190.jpg,none,0.0,,,0.689
aihub_raw/surface/Surface_1/Surface_028/MP_SEL_SUR_003191.jpg,none,0.0,,,0.7473
aihub_raw/surface/Surface_1/Surface_028/MP_SEL_SUR_003192.jpg,none_far,0.009,0.0,0.081,0.8427
aihub_raw/surface/Surface_1/Surface_028/MP_SEL_SUR_003193.jpg,none,0.0,,,0.0
aihub_raw/surface/Surface_1/Surface_028/MP_SEL_SUR_003194.jpg,none,0.0,,,0.0
aihub_raw/surface/Surface_1/Surface_028/MP_SEL_SUR_003195.jpg,none,0.0,,,0.9359
aihub_raw/surface/Surface_1/Surface_028/MP_SEL_SUR_003196.jpg,none,0.0,,,0.877
aihub_raw/surface/Surface_1/Surface_028/MP_SEL_SUR_003197.jpg,none,0.0,,,0.0632
aihub_raw/surface/Surface_1/Surface_028/MP_SEL_SUR_003198.jpg,none,0.0,,,0.6422
aihub_raw/surface/Surface_1/Surface_028/MP_SEL_SUR_003199.jpg,none,0.0,,,0.6971
aihub_raw/surface/Surface_1/Surface_028/MP_SEL_SUR_003200.jpg,none,0.0,,,0.992
aihub_raw/surface/Surface_1/Surface_028/MP_SEL_SUR_003201.jpg,none,0.0,,,0.0
aihub_raw/surface/Surface_1/Surface_028/MP_SEL_SUR_003202.jpg,none,0.0,,,0.1498
aihub_raw/surface/Surface_1/Surface_028/MP_SEL_SUR_003203.jpg,none,0.0,,,0.0
aihub_raw/surface/Surface_1/Surface_028/MP_SEL_SUR_003204.jpg,none,0.0,,,0.9708
aihub_raw/surface/Surface_1/Surface_028/MP_SEL_SUR_003205.jpg,none,0.0,,,0.0
aihub_raw/surface/Surface_1/Surface_028/MP_SEL_SUR_003206.jpg,none,0.0,,,0.8956
aihub_raw/surface/Surface_1/Surface_028/MP_SEL_SUR_003207.jpg,none,0.0,,,0.5524
aihub_raw/surface/Surface_1/Surface_028/MP_SEL_SUR_003209.jpg,none,0.0,,,0.0
aihub_raw/surface/Surface_1/Surface_028/MP_SEL_SUR_003210.jpg,none,0.0,,,0.9727
aihub_raw/surface/Surface_1/Surface_028/MP_SEL_SUR_003211.jpg,none,0.0,,,0.8819
aihub_raw/surface/Surface_1/Surface_028/MP_SEL_SUR_003212.jpg,none,0.0,,,0.0004
aihub_raw/surface/Surface_1/Surface_028/MP_SEL_SUR_003213.jpg,none,0.0,,,0.9817
aihub_raw/surface/Surface_1/Surface_028/MP_SEL_SUR_003214.jpg,none,0.0,,,0.0
aihub_raw/surface/Surface_1/Surface_028/MP_SEL_SUR_003215.jpg,none,0.0,,,0.0
aihub_raw/surface/Surface_1/Surface_028/MP_SEL_SUR_003216.jpg,none,0.0,,,0.8042
aihub_raw/surface/Surface_1/Surface_028/MP_SEL_SUR_003217.jpg,none,0.0,,,0.9611
aihub_raw/surface/Surface_1/Surface_028/MP_SEL_SUR_003219.jpg,none_far,0.0272,0.0,0.059,0.6163
aihub_raw/surface/Surface_1/Surface_028/MP_SEL_SUR_003220.jpg,none,0.0,,,0.8469
aihub_raw/surface/Surface_1/Surface_028/MP_SEL_SUR_003221.jpg,none,0.0,,,0.0
aihub_raw/surface/Surface_1/Surface_028/MP_SEL_SUR_003222.jpg,none,0.0,,,0.0
aihub_raw/surface/Surface_1/Surface_028/MP_SEL_SUR_003223.jpg,none,0.0,,,0.937
aihub_raw/surface/Surface_1/Surface_028/MP_SEL_SUR_003224.jpg,none,0.0,,,0.0
aihub_raw/surface/Surface_1/Surface_028/MP_SEL_SUR_003225.jpg,none,0.0,,,0.0
aihub_raw/surface/Surface_1/Surface_028/MP_SEL_SUR_003226.jpg,none,0.0,,,0.0
aihub_raw/surface/Surface_1/Surface_028/MP_SEL_SUR_003227.jpg,none,0.0,,,0.5744
aihub_raw/surface/Surface_1/Surface_028/MP_SEL_SUR_003228.jpg,none,0.0,,,0.9585
aihub_raw/surface/Surface_1/Surface_028/MP_SEL_SUR_003229.jpg,none,0.0,,,0.8956
aihub_raw/surface/Surface_1/Surface_028/MP_SEL_SUR_003230.jpg,none,0.0,,,0.9657
aihub_raw/surface/Surface_1/Surface_028/MP_SEL_SUR_003231.jpg,none,0.0,,,0.7991
aihub_raw/surface/Surface_1/Surface_028/MP_SEL_SUR_003232.jpg,none,0.0,,,0.0
aihub_raw/surface/Surface_1/Surface_028/MP_SEL_SUR_003233.jpg,none,0.0,,,0.7574
aihub_raw/surface/Surface_1/Surface_028/MP_SEL_SUR_003234.jpg,none,0.0,,,0.3937
aihub_raw/surface/Surface_1/Surface_028/MP_SEL_SUR_003235.jpg,none,0.0,,,0.7013
aihub_raw/surface/Surface_1/Surface_028/MP_SEL_SUR_003236.jpg,none,0.0,,,0.0254
aihub_raw/surface/Surface_1/Surface_028/MP_SEL_SUR_003237.jpg,none,0.0,,,0.9591
aihub_raw/surface/Surface_1/Surface_028/MP_SEL_SUR_003238.jpg,none,0.0,,,0.0948
aihub_raw/surface/Surface_1/Surface_028/MP_SEL_SUR_003239.jpg,none,0.0,,,0.0189
aihub_raw/surface/Surface_1/Surface_028/MP_SEL_SUR_003240.jpg,none,0.0,,,0.0728
aihub_raw/surface/Surface_1/Surface_028/MP_SEL_SUR_003242.jpg,none,0.0,,,0.9333
aihub_raw/surface/Surface_1/Surface_028/MP_SEL_SUR_003243.jpg,none,0.0,,,0.1248
aihub_raw/surface/Surface_1/Surface_029/MP_SEL_SUR_003244.jpg,none,0.0,,,0.0
aihub_raw/surface/Surface_1/Surface_029/MP_SEL_SUR_003245.jpg,none,0.0,,,0.8876
aihub_raw/surface/Surface_1/Surface_029/MP_SEL_SUR_003246.jpg,none,0.0,,,0.8788
aihub_raw/surface/Surface_1/Surface_029/MP_SEL_SUR_003247.jpg,none,0.0,,,0.0
aihub_raw/surface/Surface_1/Surface_029/MP_SEL_SUR_003248.jpg,none,0.0,,,0.8685
aihub_raw/surface/Surface_1/Surface_029/MP_SEL_SUR_003249.jpg,none,0.0,,,1.0
aihub_raw/surface/Surface_1/Surface_029/MP_SEL_SUR_003250.jpg,none,0.0,,,0.8676
aihub_raw/surface/Surface_1/Surface_029/MP_SEL_SUR_003251.jpg,none,0.0,,,0.8391
aihub_raw/surface/Surface_1/Surface_029/MP_SEL_SUR_003253.jpg,none,0.0,,,0.999
aihub_raw/surface/Surface_1/Surface_029/MP_SEL_SUR_003254.jpg,none,0.0,,,0.0
aihub_raw/surface/Surface_1/Surface_029/MP_SEL_SUR_003255.jpg,none,0.0,,,0.0
aihub_raw/surface/Surface_1/Surface_029/MP_SEL_SUR_003256.jpg,none,0.0,,,0.9768
aihub_raw/surface/Surface_1/Surface_029/MP_SEL_SUR_003257.jpg,none,0.0,,,0.0
aihub_raw/surface/Surface_1/Surface_029/MP_SEL_SUR_003258.jpg,none,0.0,,,0.6705
aihub_raw/surface/Surface_1/Surface_029/MP_SEL_SUR_003259.jpg,none,0.0,,,0.0
aihub_raw/surface/Surface_1/Surface_029/MP_SEL_SUR_003260.jpg,none,0.0,,,0.3678
aihub_raw/surface/Surface_1/Surface_029/MP_SEL_SUR_003261.jpg,none,0.0,,,0.7793
aihub_raw/surface/Surface_1/Surface_029/MP_SEL_SUR_003262.jpg,none,0.0,,,0.9217
aihub_raw/surface/Surface_1/Surface_029/MP_SEL_SUR_003263.jpg,none,0.0,,,0.0
aihub_raw/surface/Surface_1/Surface_029/MP_SEL_SUR_003264.jpg,none,0.0,,,0.0
aihub_raw/surface/Surface_1/Surface_029/MP_SEL_SUR_003265.jpg,none,0.0,,,0.8491
aihub_raw/surface/Surface_1/Surface_029/MP_SEL_SUR_003266.jpg,none,0.0,,,0.9929
aihub_raw/surface/Surface_1/Surface_029/MP_SEL_SUR_003267.jpg,none,0.0,,,0.0
aihub_raw/surface/Surface_1/Surface_029/MP_SEL_SUR_003268.jpg,none,0.0,,,0.1064
aihub_raw/surface/Surface_1/Surface_029/MP_SEL_SUR_003269.jpg,none,0.0,,,0.8266
aihub_raw/surface/Surface_1/Surface_029/MP_SEL_SUR_003270.jpg,none,0.0,,,0.8816
aihub_raw/surface/Surface_1/Surface_029/MP_SEL_SUR_003271.jpg,none,0.0,,,0.0
aihub_raw/surface/Surface_1/Surface_029/MP_SEL_SUR_003272.jpg,none,0.0,,,0.9252
aihub_raw/surface/Surface_1/Surface_029/MP_SEL_SUR_003274.jpg,none,0.0,,,0.995
aihub_raw/surface/Surface_1/Surface_029/MP_SEL_SUR_003275.jpg,none,0.0,,,0.9599
aihub_raw/surface/Surface_1/Surface_029/MP_SEL_SUR_003276.jpg,none,0.0,,,0.0
aihub_raw/surface/Surface_1/Surface_029/MP_SEL_SUR_003277.jpg,none,0.0,,,0.9385
aihub_raw/surface/Surface_1/Surface_029/MP_SEL_SUR_003278.jpg,none,0.0,,,0.9324
aihub_raw/surface/Surface_1/Surface_029/MP_SEL_SUR_003279.jpg,none,0.0,,,0.0
aihub_raw/surface/Surface_1/Surface_029/MP_SEL_SUR_003280.jpg,none,0.0,,,0.6421
aihub_raw/surface/Surface_1/Surface_029/MP_SEL_SUR_003281.jpg,none,0.0,,,1.0
aihub_raw/surface/Surface_1/Surface_029/MP_SEL_SUR_003282.jpg,none,0.0,,,0.8048
aihub_raw/surface/Surface_1/Surface_029/MP_SEL_SUR_003283.jpg,none,0.0,,,0.9279
aihub_raw/surface/Surface_1/Surface_029/MP_SEL_SUR_003284.jpg,none,0.0,,,0.735
aihub_raw/surface/Surface_1/Surface_029/MP_SEL_SUR_003285.jpg,none,0.0,,,0.5721
aihub_raw/surface/Surface_1/Surface_029/MP_SEL_SUR_003286.jpg,none,0.0,,,0.929
aihub_raw/surface/Surface_1/Surface_029/MP_SEL_SUR_003287.jpg,none,0.0,,,0.0
aihub_raw/surface/Surface_1/Surface_029/MP_SEL_SUR_003288.jpg,none,0.0,,,0.815
aihub_raw/surface/Surface_1/Surface_029/MP_SEL_SUR_003289.jpg,none,0.0,,,0.0
aihub_raw/surface/Surface_1/Surface_029/MP_SEL_SUR_003290.jpg,none,0.0,,,0.003
aihub_raw/surface/Surface_1/Surface_029/MP_SEL_SUR_003291.jpg,none,0.0,,,0.9597
aihub_raw/surface/Surface_1/Surface_029/MP_SEL_SUR_003292.jpg,none,0.0,,,0.9121
aihub_raw/surface/Surface_1/Surface_029/MP_SEL_SUR_003293.jpg,approach,0.5252,0.0,0.874,0.1565
aihub_raw/surface/Surface_1/Surface_029/MP_SEL_SUR_003294.jpg,none,0.0,,,0.6493
aihub_raw/surface/Surface_1/Surface_029/MP_SEL_SUR_003295.jpg,none,0.0,,,0.7951
aihub_raw/surface/Surface_1/Surface_029/MP_SEL_SUR_003296.jpg,none,0.0,,,0.9387
aihub_raw/surface/Surface_1/Surface_029/MP_SEL_SUR_003297.jpg,none,0.0,,,0.9563
aihub_raw/surface/Surface_1/Surface_029/MP_SEL_SUR_003298.jpg,none,0.0,,,0.0
aihub_raw/surface/Surface_1/Surface_029/MP_SEL_SUR_003299.jpg,none,0.0,,,0.0
aihub_raw/surface/Surface_1/Surface_029/MP_SEL_SUR_003300.jpg,none,0.0,,,0.8941
aihub_raw/surface/Surface_1/Surface_029/MP_SEL_SUR_003301.jpg,none,0.0,,,0.9391
aihub_raw/surface/Surface_1/Surface_029/MP_SEL_SUR_003302.jpg,none,0.0,,,0.0426
aihub_raw/surface/Surface_1/Surface_029/MP_SEL_SUR_003303.jpg,none_far,0.006,0.0,0.052,0.8124
aihub_raw/surface/Surface_1/Surface_029/MP_SEL_SUR_003304.jpg,none,0.0,,,0.9635
aihub_raw/surface/Surface_1/Surface_029/MP_SEL_SUR_003305.jpg,none,0.0,,,0.9185
aihub_raw/surface/Surface_1/Surface_029/MP_SEL_SUR_003306.jpg,none,0.0,,,0.9914
aihub_raw/surface/Surface_1/Surface_029/MP_SEL_SUR_003307.jpg,none,0.0,,,0.8755
aihub_raw/surface/Surface_1/Surface_029/MP_SEL_SUR_003308.jpg,none,0.0,,,0.9711
aihub_raw/surface/Surface_1/Surface_029/MP_SEL_SUR_003309.jpg,none,0.0,,,0.0
aihub_raw/surface/Surface_1/Surface_029/MP_SEL_SUR_003310.jpg,none,0.0,,,0.9851
aihub_raw/surface/Surface_1/Surface_029/MP_SEL_SUR_003311.jpg,none,0.0,,,1.0
aihub_raw/surface/Surface_1/Surface_029/MP_SEL_SUR_003312.jpg,none,0.0,,,0.0
aihub_raw/surface/Surface_1/Surface_029/MP_SEL_SUR_003313.jpg,none,0.0,,,0.0
aihub_raw/surface/Surface_1/Surface_029/MP_SEL_SUR_003314.jpg,none,0.0,,,0.9473
aihub_raw/surface/Surface_1/Surface_029/MP_SEL_SUR_003315.jpg,none,0.0,,,0.0
aihub_raw/surface/Surface_1/Surface_029/MP_SEL_SUR_003316.jpg,none,0.0,,,0.0
aihub_raw/surface/Surface_1/Surface_029/MP_SEL_SUR_003317.jpg,none,0.0,,,0.0
aihub_raw/surface/Surface_1/Surface_029/MP_SEL_SUR_003318.jpg,none,0.0,,,0.2569
aihub_raw/surface/Surface_1/Surface_029/MP_SEL_SUR_003319.jpg,none,0.0,,,0.9916
aihub_raw/surface/Surface_1/Surface_029/MP_SEL_SUR_003320.jpg,none,0.0,,,0.8387
aihub_raw/surface/Surface_1/Surface_029/MP_SEL_SUR_003321.jpg,none,0.0,,,0.0
aihub_raw/surface/Surface_1/Surface_029/MP_SEL_SUR_003322.jpg,none,0.0,,,0.0117
aihub_raw/surface/Surface_1/Surface_029/MP_SEL_SUR_003323.jpg,none,0.0,,,0.6315
aihub_raw/surface/Surface_1/Surface_030/MP_SEL_SUR_003324.jpg,none,0.0,,,0.986
aihub_raw/surface/Surface_1/Surface_030/MP_SEL_SUR_003325.jpg,none,0.0,,,0.9589
aihub_raw/surface/Surface_1/Surface_030/MP_SEL_SUR_003326.jpg,none,0.0,,,0.9476
aihub_raw/surface/Surface_1/Surface_030/MP_SEL_SUR_003327.jpg,none,0.0,,,0.0
aihub_raw/surface/Surface_1/Surface_030/MP_SEL_SUR_003328.jpg,none,0.0,,,0.9983
aihub_raw/surface/Surface_1/Surface_030/MP_SEL_SUR_003329.jpg,none,0.0,,,0.8346
aihub_raw/surface/Surface_1/Surface_030/MP_SEL_SUR_003330.jpg,none,0.0,,,1.0
aihub_raw/surface/Surface_1/Surface_030/MP_SEL_SUR_003331.jpg,none,0.0,,,0.0
aihub_raw/surface/Surface_1/Surface_030/MP_SEL_SUR_003332.jpg,none,0.0,,,0.9168
aihub_raw/surface/Surface_1/Surface_030/MP_SEL_SUR_003333.jpg,none,0.0,,,0.0
aihub_raw/surface/Surface_1/Surface_030/MP_SEL_SUR_003334.jpg,none,0.0,,,0.0
aihub_raw/surface/Surface_1/Surface_030/MP_SEL_SUR_003335.jpg,none,0.0,,,0.9927
aihub_raw/surface/Surface_1/Surface_030/MP_SEL_SUR_003336.jpg,none,0.0,,,0.8486
aihub_raw/surface/Surface_1/Surface_030/MP_SEL_SUR_003337.jpg,none,0.0,,,0.066
aihub_raw/surface/Surface_1/Surface_030/MP_SEL_SUR_003338.jpg,none,0.0,,,0.168
aihub_raw/surface/Surface_1/Surface_030/MP_SEL_SUR_003339.jpg,none,0.0,,,0.9724
aihub_raw/surface/Surface_1/Surface_030/MP_SEL_SUR_003340.jpg,none,0.0,,,0.5055
aihub_raw/surface/Surface_1/Surface_030/MP_SEL_SUR_003341.jpg,none,0.0,,,0.833
aihub_raw/surface/Surface_1/Surface_030/MP_SEL_SUR_003342.jpg,none,0.0,,,0.0
aihub_raw/surface/Surface_1/Surface_030/MP_SEL_SUR_003343.jpg,none,0.0,,,0.002
aihub_raw/surface/Surface_1/Surface_030/MP_SEL_SUR_003344.jpg,none,0.0,,,0.7573
aihub_raw/surface/Surface_1/Surface_030/MP_SEL_SUR_003345.jpg,none,0.0,,,0.0
aihub_raw/surface/Surface_1/Surface_030/MP_SEL_SUR_003346.jpg,none,0.0,,,0.918
aihub_raw/surface/Surface_1/Surface_030/MP_SEL_SUR_003347.jpg,none_far,0.0475,0.0,0.133,0.8257
aihub_raw/surface/Surface_1/Surface_030/MP_SEL_SUR_003348.jpg,none,0.0,,,0.8256
aihub_raw/surface/Surface_1/Surface_030/MP_SEL_SUR_003349.jpg,none_far,0.0045,0.0,0.026,0.1818
aihub_raw/surface/Surface_1/Surface_030/MP_SEL_SUR_003350.jpg,none,0.0,,,0.0
aihub_raw/surface/Surface_1/Surface_030/MP_SEL_SUR_003351.jpg,none,0.0,,,0.9182
aihub_raw/surface/Surface_1/Surface_030/MP_SEL_SUR_003352.jpg,none,0.0,,,0.935
aihub_raw/surface/Surface_1/Surface_030/MP_SEL_SUR_003353.jpg,none,0.0,,,0.0
aihub_raw/surface/Surface_1/Surface_030/MP_SEL_SUR_003354.jpg,none,0.0,,,0.8354
aihub_raw/surface/Surface_1/Surface_030/MP_SEL_SUR_003355.jpg,none,0.0,,,0.9536
aihub_raw/surface/Surface_1/Surface_030/MP_SEL_SUR_003356.jpg,none,0.0,,,0.9011
aihub_raw/surface/Surface_1/Surface_030/MP_SEL_SUR_003358.jpg,none,0.0,,,0.0
aihub_raw/surface/Surface_1/Surface_030/MP_SEL_SUR_003359.jpg,none,0.0,,,0.0
aihub_raw/surface/Surface_1/Surface_030/MP_SEL_SUR_003360.jpg,none,0.0,,,0.6642
aihub_raw/surface/Surface_1/Surface_030/MP_SEL_SUR_003361.jpg,none,0.0,,,0.0
aihub_raw/surface/Surface_1/Surface_030/MP_SEL_SUR_003362.jpg,none,0.0,,,0.8557
aihub_raw/surface/Surface_1/Surface_030/MP_SEL_SUR_003363.jpg,none,0.0,,,0.8411
aihub_raw/surface/Surface_1/Surface_030/MP_SEL_SUR_003364.jpg,none,0.0,,,0.9287
aihub_raw/surface/Surface_1/Surface_030/MP_SEL_SUR_003365.jpg,none,0.0,,,0.5458
aihub_raw/surface/Surface_1/Surface_030/MP_SEL_SUR_003366.jpg,none,0.0,,,0.8929
aihub_raw/surface/Surface_1/Surface_030/MP_SEL_SUR_003367.jpg,none_far,0.1351,0.0,0.307,0.7173
aihub_raw/surface/Surface_1/Surface_030/MP_SEL_SUR_003368.jpg,none,0.0,,,0.8883
aihub_raw/surface/Surface_1/Surface_030/MP_SEL_SUR_003369.jpg,none_far,0.0059,0.0,0.078,0.9575
aihub_raw/surface/Surface_1/Surface_030/MP_SEL_SUR_003370.jpg,none_far,0.0122,0.048,0.119,0.745
aihub_raw/surface/Surface_1/Surface_030/MP_SEL_SUR_003371.jpg,none,0.0,,,0.8908
aihub_raw/surface/Surface_1/Surface_030/MP_SEL_SUR_003372.jpg,none,0.0,,,0.5499
aihub_raw/surface/Surface_1/Surface_030/MP_SEL_SUR_003373.jpg,none,0.0,,,0.9017
aihub_raw/surface/Surface_1/Surface_030/MP_SEL_SUR_003374.jpg,none,0.0,,,0.9401
aihub_raw/surface/Surface_1/Surface_030/MP_SEL_SUR_003375.jpg,none,0.0,,,0.0
aihub_raw/surface/Surface_1/Surface_030/MP_SEL_SUR_003376.jpg,none,0.0,,,0.8621
aihub_raw/surface/Surface_1/Surface_030/MP_SEL_SUR_003377.jpg,none,0.0,,,0.0
aihub_raw/surface/Surface_1/Surface_030/MP_SEL_SUR_003378.jpg,none,0.0,,,0.8993
aihub_raw/surface/Surface_1/Surface_030/MP_SEL_SUR_003379.jpg,none,0.0,,,0.8221
aihub_raw/surface/Surface_1/Surface_030/MP_SEL_SUR_003380.jpg,none,0.0,,,0.9337
aihub_raw/surface/Surface_1/Surface_030/MP_SEL_SUR_003381.jpg,none,0.0,,,0.0
aihub_raw/surface/Surface_1/Surface_030/MP_SEL_SUR_003382.jpg,none,0.0,,,0.9681
aihub_raw/surface/Surface_1/Surface_030/MP_SEL_SUR_003384.jpg,none,0.0,,,0.0
aihub_raw/surface/Surface_1/Surface_030/MP_SEL_SUR_003385.jpg,none,0.0,,,0.8459
aihub_raw/surface/Surface_1/Surface_030/MP_SEL_SUR_003386.jpg,none,0.0,,,1.0
aihub_raw/surface/Surface_1/Surface_030/MP_SEL_SUR_003387.jpg,none,0.0,,,0.9404
aihub_raw/surface/Surface_1/Surface_030/MP_SEL_SUR_003388.jpg,none,0.0,,,0.9604
aihub_raw/surface/Surface_1/Surface_030/MP_SEL_SUR_003389.jpg,none,0.0,,,0.9667
aihub_raw/surface/Surface_1/Surface_030/MP_SEL_SUR_003390.jpg,none,0.0,,,0.0
aihub_raw/surface/Surface_1/Surface_030/MP_SEL_SUR_003391.jpg,none,0.0,,,0.0
aihub_raw/surface/Surface_1/Surface_030/MP_SEL_SUR_003392.jpg,none_far,0.1907,0.0,0.404,0.6406
aihub_raw/surface/Surface_1/Surface_030/MP_SEL_SUR_003393.jpg,none,0.0,,,0.9445
aihub_raw/surface/Surface_1/Surface_030/MP_SEL_SUR_003394.jpg,none,0.0,,,0.0722
aihub_raw/surface/Surface_1/Surface_030/MP_SEL_SUR_003395.jpg,none,0.0,,,0.9892
aihub_raw/surface/Surface_1/Surface_030/MP_SEL_SUR_003396.jpg,none,0.0,,,1.0
aihub_raw/surface/Surface_1/Surface_030/MP_SEL_SUR_003397.jpg,none,0.0,,,0.805
aihub_raw/surface/Surface_1/Surface_030/MP_SEL_SUR_003398.jpg,none,0.0,,,0.0
aihub_raw/surface/Surface_1/Surface_030/MP_SEL_SUR_003399.jpg,none,0.0,,,0.7371
aihub_raw/surface/Surface_1/Surface_030/MP_SEL_SUR_003400.jpg,none,0.0,,,0.0
aihub_raw/surface/Surface_1/Surface_030/MP_SEL_SUR_003401.jpg,none_far,0.2908,0.0,0.348,0.5588
aihub_raw/surface/Surface_1/Surface_030/MP_SEL_SUR_003402.jpg,none,0.0,,,0.8177
aihub_raw/surface/Surface_1/Surface_030/MP_SEL_SUR_003403.jpg,none,0.0,,,0.8367
aihub_raw/surface/Surface_1/Surface_031/MP_SEL_SUR_003404.jpg,none,0.0,,,0.755
aihub_raw/surface/Surface_1/Surface_031/MP_SEL_SUR_003405.jpg,none,0.0,,,0.8532
aihub_raw/surface/Surface_1/Surface_031/MP_SEL_SUR_003406.jpg,on,0.9962,0.0,1.0,0.0
aihub_raw/surface/Surface_1/Surface_031/MP_SEL_SUR_003408.jpg,none,0.0,,,1.0
aihub_raw/surface/Surface_1/Surface_031/MP_SEL_SUR_003409.jpg,none,0.0,,,0.7581
aihub_raw/surface/Surface_1/Surface_031/MP_SEL_SUR_003410.jpg,none_far,0.0161,0.0,0.081,0.8085
aihub_raw/surface/Surface_1/Surface_031/MP_SEL_SUR_003411.jpg,none,0.0,,,0.8034
aihub_raw/surface/Surface_1/Surface_031/MP_SEL_SUR_003412.jpg,on,0.6073,0.033,1.0,0.0528
aihub_raw/surface/Surface_1/Surface_031/MP_SEL_SUR_003413.jpg,none,0.0,,,0.0
aihub_raw/surface/Surface_1/Surface_031/MP_SEL_SUR_003414.jpg,none,0.0,,,0.763
aihub_raw/surface/Surface_1/Surface_031/MP_SEL_SUR_003415.jpg,none,0.0,,,0.9704
aihub_raw/surface/Surface_1/Surface_031/MP_SEL_SUR_003416.jpg,none,0.0,,,0.0
aihub_raw/surface/Surface_1/Surface_031/MP_SEL_SUR_003417.jpg,none,0.0,,,0.8135
aihub_raw/surface/Surface_1/Surface_031/MP_SEL_SUR_003418.jpg,none,0.0,,,0.0
aihub_raw/surface/Surface_1/Surface_031/MP_SEL_SUR_003419.jpg,none_far,0.0236,0.13,0.256,0.7812
aihub_raw/surface/Surface_1/Surface_031/MP_SEL_SUR_003420.jpg,none,0.0,,,1.0
aihub_raw/surface/Surface_1/Surface_031/MP_SEL_SUR_003421.jpg,none,0.0,,,0.9869
aihub_raw/surface/Surface_1/Surface_031/MP_SEL_SUR_003422.jpg,none,0.0,,,0.0
aihub_raw/surface/Surface_1/Surface_031/MP_SEL_SUR_003423.jpg,crossed,0.4012,0.478,1.0,0.4379
aihub_raw/surface/Surface_1/Surface_031/MP_SEL_SUR_003424.jpg,none,0.0,,,0.8832
aihub_raw/surface/Surface_1/Surface_031/MP_SEL_SUR_003425.jpg,none,0.0,,,0.0
aihub_raw/surface/Surface_1/Surface_031/MP_SEL_SUR_003426.jpg,none,0.0,,,0.9863
aihub_raw/surface/Surface_1/Surface_031/MP_SEL_SUR_003427.jpg,none,0.0,,,0.0
aihub_raw/surface/Surface_1/Surface_031/MP_SEL_SUR_003428.jpg,none,0.0,,,0.998
aihub_raw/surface/Surface_1/Surface_031/MP_SEL_SUR_003429.jpg,none,0.0,,,0.9999
aihub_raw/surface/Surface_1/Surface_031/MP_SEL_SUR_003430.jpg,none,0.0,,,0.0
aihub_raw/surface/Surface_1/Surface_031/MP_SEL_SUR_003431.jpg,none,0.0,,,0.925
aihub_raw/surface/Surface_1/Surface_031/MP_SEL_SUR_003432.jpg,none,0.0,,,0.9229
aihub_raw/surface/Surface_1/Surface_031/MP_SEL_SUR_003433.jpg,none,0.0,,,0.9855
aihub_raw/surface/Surface_1/Surface_031/MP_SEL_SUR_003434.jpg,none_far,0.0002,0.078,0.093,0.8727
aihub_raw/surface/Surface_1/Surface_031/MP_SEL_SUR_003435.jpg,none,0.0,,,0.0
aihub_raw/surface/Surface_1/Surface_031/MP_SEL_SUR_003436.jpg,none,0.0,,,0.8961
aihub_raw/surface/Surface_1/Surface_031/MP_SEL_SUR_003437.jpg,none,0.0,,,0.0
aihub_raw/surface/Surface_1/Surface_031/MP_SEL_SUR_003438.jpg,none,0.0,,,0.7026
aihub_raw/surface/Surface_1/Surface_031/MP_SEL_SUR_003439.jpg,none,0.0,,,0.9899
aihub_raw/surface/Surface_1/Surface_031/MP_SEL_SUR_003440.jpg,none,0.0,,,0.0548
aihub_raw/surface/Surface_1/Surface_031/MP_SEL_SUR_003441.jpg,none,0.0,,,0.7783
aihub_raw/surface/Surface_1/Surface_031/MP_SEL_SUR_003442.jpg,none,0.0,,,0.8279
aihub_raw/surface/Surface_1/Surface_031/MP_SEL_SUR_003443.jpg,none,0.0,,,0.8653
aihub_raw/surface/Surface_1/Surface_031/MP_SEL_SUR_003444.jpg,none,0.0,,,1.0
aihub_raw/surface/Surface_1/Surface_031/MP_SEL_SUR_003445.jpg,none,0.0,,,0.4421
aihub_raw/surface/Surface_1/Surface_031/MP_SEL_SUR_003446.jpg,none,0.0,,,0.9127
aihub_raw/surface/Surface_1/Surface_031/MP_SEL_SUR_003447.jpg,none,0.0,,,0.8604
aihub_raw/surface/Surface_1/Surface_031/MP_SEL_SUR_003448.jpg,none,0.0,,,0.9983
aihub_raw/surface/Surface_1/Surface_031/MP_SEL_SUR_003449.jpg,none,0.0,,,0.0486
aihub_raw/surface/Surface_1/Surface_031/MP_SEL_SUR_003450.jpg,none,0.0,,,0.9762
aihub_raw/surface/Surface_1/Surface_031/MP_SEL_SUR_003451.jpg,none,0.0,,,0.0
aihub_raw/surface/Surface_1/Surface_031/MP_SEL_SUR_003452.jpg,none,0.0,,,0.0
aihub_raw/surface/Surface_1/Surface_031/MP_SEL_SUR_003453.jpg,none,0.0,,,0.9861
aihub_raw/surface/Surface_1/Surface_031/MP_SEL_SUR_003454.jpg,none,0.0,,,0.9886
aihub_raw/surface/Surface_1/Surface_031/MP_SEL_SUR_003455.jpg,none,0.0,,,0.0
aihub_raw/surface/Surface_1/Surface_031/MP_SEL_SUR_003456.jpg,none,0.0,,,0.8815
aihub_raw/surface/Surface_1/Surface_031/MP_SEL_SUR_003457.jpg,none,0.0,,,0.9859
aihub_raw/surface/Surface_1/Surface_031/MP_SEL_SUR_003458.jpg,none,0.0,,,0.3382
aihub_raw/surface/Surface_1/Surface_031/MP_SEL_SUR_003459.jpg,none,0.0,,,0.9235
aihub_raw/surface/Surface_1/Surface_031/MP_SEL_SUR_003460.jpg,none,0.0,,,0.9871
aihub_raw/surface/Surface_1/Surface_031/MP_SEL_SUR_003461.jpg,none,0.0,,,0.0442
aihub_raw/surface/Surface_1/Surface_031/MP_SEL_SUR_003462.jpg,none,0.0,,,0.8952
aihub_raw/surface/Surface_1/Surface_031/MP_SEL_SUR_003463.jpg,none,0.0,,,1.0
aihub_raw/surface/Surface_1/Surface_031/MP_SEL_SUR_003464.jpg,none,0.0,,,0.0
aihub_raw/surface/Surface_1/Surface_031/MP_SEL_SUR_003465.jpg,none,0.0,,,0.8831
aihub_raw/surface/Surface_1/Surface_031/MP_SEL_SUR_003466.jpg,none,0.0,,,0.9944
aihub_raw/surface/Surface_1/Surface_031/MP_SEL_SUR_003467.jpg,none_far,0.0006,0.0,0.026,0.947
aihub_raw/surface/Surface_1/Surface_031/MP_SEL_SUR_003468.jpg,none,0.0,,,0.8654
aihub_raw/surface/Surface_1/Surface_031/MP_SEL_SUR_003469.jpg,none,0.0,,,0.9782
aihub_raw/surface/Surface_1/Surface_031/MP_SEL_SUR_003470.jpg,none,0.0,,,0.7674
aihub_raw/surface/Surface_1/Surface_031/MP_SEL_SUR_003471.jpg,none,0.0,,,1.0
aihub_raw/surface/Surface_1/Surface_031/MP_SEL_SUR_003472.jpg,none,0.0,,,0.0
aihub_raw/surface/Surface_1/Surface_031/MP_SEL_SUR_003473.jpg,none,0.0,,,0.0
aihub_raw/surface/Surface_1/Surface_031/MP_SEL_SUR_003474.jpg,none,0.0,,,0.8814
aihub_raw/surface/Surface_1/Surface_031/MP_SEL_SUR_003475.jpg,none,0.0,,,0.9995
aihub_raw/surface/Surface_1/Surface_031/MP_SEL_SUR_003476.jpg,none,0.0,,,0.0
aihub_raw/surface/Surface_1/Surface_031/MP_SEL_SUR_003477.jpg,none,0.0,,,0.8318
aihub_raw/surface/Surface_1/Surface_031/MP_SEL_SUR_003478.jpg,none,0.0,,,0.0285
aihub_raw/surface/Surface_1/Surface_031/MP_SEL_SUR_003479.jpg,none,0.0,,,0.0
aihub_raw/surface/Surface_1/Surface_031/MP_SEL_SUR_003480.jpg,none,0.0,,,0.9117
aihub_raw/surface/Surface_1/Surface_031/MP_SEL_SUR_003481.jpg,none,0.0,,,0.111
aihub_raw/surface/Surface_1/Surface_031/MP_SEL_SUR_003482.jpg,none,0.0,,,0.9944
aihub_raw/surface/Surface_1/Surface_031/MP_SEL_SUR_003483.jpg,none,0.0,,,0.0022
aihub_raw/surface/Surface_1/Surface_032/MP_SEL_SUR_003484.jpg,none,0.0,,,0.8531
aihub_raw/surface/Surface_1/Surface_032/MP_SEL_SUR_003485.jpg,none,0.0,,,0.9644
aihub_raw/surface/Surface_1/Surface_032/MP_SEL_SUR_003486.jpg,none,0.0,,,0.7273
aihub_raw/surface/Surface_1/Surface_032/MP_SEL_SUR_003487.jpg,none_far,0.1085,0.0,0.115,0.0
aihub_raw/surface/Surface_1/Surface_032/MP_SEL_SUR_003488.jpg,none,0.0,,,0.9999
aihub_raw/surface/Surface_1/Surface_032/MP_SEL_SUR_003489.jpg,none,0.0,,,0.0
aihub_raw/surface/Surface_1/Surface_032/MP_SEL_SUR_003490.jpg,none,0.0,,,0.8427
aihub_raw/surface/Surface_1/Surface_032/MP_SEL_SUR_003491.jpg,none,0.0,,,0.0
aihub_raw/surface/Surface_1/Surface_032/MP_SEL_SUR_003492.jpg,none,0.0,,,1.0
aihub_raw/surface/Surface_1/Surface_032/MP_SEL_SUR_003493.jpg,none,0.0,,,0.9691
aihub_raw/surface/Surface_1/Surface_032/MP_SEL_SUR_003494.jpg,none,0.0,,,0.038
aihub_raw/surface/Surface_1/Surface_032/MP_SEL_SUR_003495.jpg,none,0.0,,,0.0
aihub_raw/surface/Surface_1/Surface_032/MP_SEL_SUR_003496.jpg,none,0.0,,,0.9997
aihub_raw/surface/Surface_1/Surface_032/MP_SEL_SUR_003497.jpg,none,0.0,,,0.8042
aihub_raw/surface/Surface_1/Surface_032/MP_SEL_SUR_003498.jpg,none,0.0,,,0.9904
aihub_raw/surface/Surface_1/Surface_032/MP_SEL_SUR_003499.jpg,none,0.0,,,0.0
aihub_raw/surface/Surface_1/Surface_032/MP_SEL_SUR_003500.jpg,none,0.0,,,0.6293
aihub_raw/surface/Surface_1/Surface_032/MP_SEL_SUR_003501.jpg,none,0.0,,,0.917
aihub_raw/surface/Surface_1/Surface_032/MP_SEL_SUR_003502.jpg,none,0.0,,,0.9351
aihub_raw/surface/Surface_1/Surface_032/MP_SEL_SUR_003503.jpg,none,0.0,,,0.8721
aihub_raw/surface/Surface_1/Surface_032/MP_SEL_SUR_003504.jpg,none,0.0,,,0.0
aihub_raw/surface/Surface_1/Surface_032/MP_SEL_SUR_003505.jpg,none,0.0,,,0.0
aihub_raw/surface/Surface_1/Surface_032/MP_SEL_SUR_003506.jpg,none,0.0,,,0.7078
aihub_raw/surface/Surface_1/Surface_032/MP_SEL_SUR_003507.jpg,none,0.0,,,0.8077
aihub_raw/surface/Surface_1/Surface_032/MP_SEL_SUR_003508.jpg,none,0.0,,,0.8797
aihub_raw/surface/Surface_1/Surface_032/MP_SEL_SUR_003509.jpg,none,0.0,,,0.9052
aihub_raw/surface/Surface_1/Surface_032/MP_SEL_SUR_003510.jpg,none,0.0,,,0.0
aihub_raw/surface/Surface_1/Surface_032/MP_SEL_SUR_003511.jpg,none,0.0,,,0.9379
aihub_raw/surface/Surface_1/Surface_032/MP_SEL_SUR_003512.jpg,none,0.0,,,0.9444
aihub_raw/surface/Surface_1/Surface_032/MP_SEL_SUR_003513.jpg,on,0.9594,0.0,1.0,0.0
aihub_raw/surface/Surface_1/Surface_032/MP_SEL_SUR_003514.jpg,none,0.0,,,0.0
aihub_raw/surface/Surface_1/Surface_032/MP_SEL_SUR_003515.jpg,none,0.0,,,0.9022
aihub_raw/surface/Surface_1/Surface_032/MP_SEL_SUR_003516.jpg,none,0.0,,,0.9168
aihub_raw/surface/Surface_1/Surface_032/MP_SEL_SUR_003517.jpg,none,0.0,,,0.0
aihub_raw/surface/Surface_1/Surface_032/MP_SEL_SUR_003518.jpg,approach,0.4395,0.0,0.619,0.4688
aihub_raw/surface/Surface_1/Surface_032/MP_SEL_SUR_003519.jpg,none,0.0,,,0.9356
aihub_raw/surface/Surface_1/Surface_032/MP_SEL_SUR_003520.jpg,none,0.0,,,1.0
aihub_raw/surface/Surface_1/Surface_032/MP_SEL_SUR_003521.jpg,none,0.0,,,0.988
aihub_raw/surface/Surface_1/Surface_032/MP_SEL_SUR_003522.jpg,none,0.0,,,0.8951
aihub_raw/surface/Surface_1/Surface_032/MP_SEL_SUR_003523.jpg,none,0.0,,,0.8769
aihub_raw/surface/Surface_1/Surface_032/MP_SEL_SUR_003524.jpg,none_far,0.0475,0.0,0.178,0.8986
aihub_raw/surface/Surface_1/Surface_032/MP_SEL_SUR_003525.jpg,none,0.0,,,0.9973
aihub_raw/surface/Surface_1/Surface_032/MP_SEL_SUR_003526.jpg,none,0.0,,,0.6813
aihub_raw/surface/Surface_1/Surface_032/MP_SEL_SUR_003527.jpg,none,0.0,,,0.9728
aihub_raw/surface/Surface_1/Surface_032/MP_SEL_SUR_003528.jpg,none,0.0,,,0.8024
aihub_raw/surface/Surface_1/Surface_032/MP_SEL_SUR_003529.jpg,none,0.0,,,0.8935
aihub_raw/surface/Surface_1/Surface_032/MP_SEL_SUR_003530.jpg,none,0.0,,,0.8925
aihub_raw/surface/Surface_1/Surface_032/MP_SEL_SUR_003531.jpg,none,0.0,,,0.0
aihub_raw/surface/Surface_1/Surface_032/MP_SEL_SUR_003532.jpg,none,0.0,,,0.9737
aihub_raw/surface/Surface_1/Surface_032/MP_SEL_SUR_003533.jpg,none,0.0,,,0.9953
aihub_raw/surface/Surface_1/Surface_032/MP_SEL_SUR_003534.jpg,none,0.0,,,0.4676
aihub_raw/surface/Surface_1/Surface_032/MP_SEL_SUR_003535.jpg,none,0.0,,,0.8984
aihub_raw/surface/Surface_1/Surface_032/MP_SEL_SUR_003536.jpg,crossed,0.3228,0.567,1.0,0.366
aihub_raw/surface/Surface_1/Surface_032/MP_SEL_SUR_003537.jpg,none,0.0,,,0.8607
aihub_raw/surface/Surface_1/Surface_032/MP_SEL_SUR_003538.jpg,none,0.0,,,0.9604
aihub_raw/surface/Surface_1/Surface_032/MP_SEL_SUR_003539.jpg,none,0.0,,,0.955
aihub_raw/surface/Surface_1/Surface_032/MP_SEL_SUR_003540.jpg,none,0.0,,,0.8468
aihub_raw/surface/Surface_1/Surface_032/MP_SEL_SUR_003542.jpg,none,0.0,,,0.9129
aihub_raw/surface/Surface_1/Surface_032/MP_SEL_SUR_003543.jpg,none,0.0,,,1.0
aihub_raw/surface/Surface_1/Surface_032/MP_SEL_SUR_003544.jpg,none,0.0,,,0.0
aihub_raw/surface/Surface_1/Surface_032/MP_SEL_SUR_003545.jpg,none,0.0,,,0.8044
aihub_raw/surface/Surface_1/Surface_032/MP_SEL_SUR_003546.jpg,none,0.0,,,0.0
aihub_raw/surface/Surface_1/Surface_032/MP_SEL_SUR_003547.jpg,none,0.0,,,0.0
aihub_raw/surface/Surface_1/Surface_032/MP_SEL_SUR_003548.jpg,none,0.0,,,0.9759
aihub_raw/surface/Surface_1/Surface_032/MP_SEL_SUR_003549.jpg,none,0.0,,,0.9499
aihub_raw/surface/Surface_1/Surface_032/MP_SEL_SUR_003550.jpg,none_far,0.0011,0.104,0.144,0.779
aihub_raw/surface/Surface_1/Surface_032/MP_SEL_SUR_003551.jpg,none,0.0,,,0.9361
aihub_raw/surface/Surface_1/Surface_032/MP_SEL_SUR_003552.jpg,none,0.0,,,0.0
aihub_raw/surface/Surface_1/Surface_032/MP_SEL_SUR_003553.jpg,none,0.0,,,0.916
aihub_raw/surface/Surface_1/Surface_032/MP_SEL_SUR_003554.jpg,none,0.0,,,0.8795
aihub_raw/surface/Surface_1/Surface_032/MP_SEL_SUR_003555.jpg,none,0.0,,,1.0
aihub_raw/surface/Surface_1/Surface_032/MP_SEL_SUR_003556.jpg,none,0.0,,,0.0
aihub_raw/surface/Surface_1/Surface_032/MP_SEL_SUR_003557.jpg,none,0.0,,,0.7684
aihub_raw/surface/Surface_1/Surface_032/MP_SEL_SUR_003558.jpg,none,0.0,,,0.8032
aihub_raw/surface/Surface_1/Surface_032/MP_SEL_SUR_003560.jpg,none,0.0,,,0.0
aihub_raw/surface/Surface_1/Surface_032/MP_SEL_SUR_003561.jpg,none,0.0,,,0.0
aihub_raw/surface/Surface_1/Surface_032/MP_SEL_SUR_003562.jpg,none,0.0,,,0.9518
aihub_raw/surface/Surface_1/Surface_032/MP_SEL_SUR_003563.jpg,none,0.0,,,1.0
aihub_raw/surface/Surface_1/Surface_033/MP_SEL_SUR_003564.jpg,none,0.0,,,0.0
aihub_raw/surface/Surface_1/Surface_033/MP_SEL_SUR_003565.jpg,none,0.0,,,0.8547
aihub_raw/surface/Surface_1/Surface_033/MP_SEL_SUR_003566.jpg,none,0.0,,,0.9459
aihub_raw/surface/Surface_1/Surface_033/MP_SEL_SUR_003567.jpg,none,0.0,,,0.9255
aihub_raw/surface/Surface_1/Surface_033/MP_SEL_SUR_003568.jpg,none,0.0,,,0.9983
aihub_raw/surface/Surface_1/Surface_033/MP_SEL_SUR_003569.jpg,none,0.0,,,1.0
aihub_raw/surface/Surface_1/Surface_033/MP_SEL_SUR_003570.jpg,on,0.4847,0.0,1.0,0.3336
aihub_raw/surface/Surface_1/Surface_033/MP_SEL_SUR_003571.jpg,none,0.0,,,0.9095
aihub_raw/surface/Surface_1/Surface_033/MP_SEL_SUR_003572.jpg,none,0.0,,,0.0
aihub_raw/surface/Surface_1/Surface_033/MP_SEL_SUR_003573.jpg,none,0.0,,,0.8824
aihub_raw/surface/Surface_1/Surface_033/MP_SEL_SUR_003574.jpg,none,0.0,,,0.0
aihub_raw/surface/Surface_1/Surface_033/MP_SEL_SUR_003575.jpg,none,0.0,,,0.0
aihub_raw/surface/Surface_1/Surface_033/MP_SEL_SUR_003576.jpg,none,0.0,,,0.9635
aihub_raw/surface/Surface_1/Surface_033/MP_SEL_SUR_003577.jpg,none,0.0,,,0.0
aihub_raw/surface/Surface_1/Surface_033/MP_SEL_SUR_003578.jpg,none,0.0,,,0.9778
aihub_raw/surface/Surface_1/Surface_033/MP_SEL_SUR_003579.jpg,none,0.0,,,0.8779
aihub_raw/surface/Surface_1/Surface_033/MP_SEL_SUR_003580.jpg,none,0.0,,,0.9666
aihub_raw/surface/Surface_1/Surface_033/MP_SEL_SUR_003581.jpg,none,0.0,,,0.0
aihub_raw/surface/Surface_1/Surface_033/MP_SEL_SUR_003582.jpg,none,0.0,,,0.9975
aihub_raw/surface/Surface_1/Surface_033/MP_SEL_SUR_003583.jpg,none_far,0.0117,0.0,0.052,0.6296
aihub_raw/surface/Surface_1/Surface_033/MP_SEL_SUR_003584.jpg,none,0.0,,,0.9786
aihub_raw/surface/Surface_1/Surface_033/MP_SEL_SUR_003585.jpg,none,0.0,,,0.9869
aihub_raw/surface/Surface_1/Surface_033/MP_SEL_SUR_003586.jpg,none,0.0,,,0.0
aihub_raw/surface/Surface_1/Surface_033/MP_SEL_SUR_003588.jpg,none,0.0,,,0.6447
aihub_raw/surface/Surface_1/Surface_033/MP_SEL_SUR_003589.jpg,none,0.0,,,0.6107
aihub_raw/surface/Surface_1/Surface_033/MP_SEL_SUR_003590.jpg,none,0.0,,,0.0
aihub_raw/surface/Surface_1/Surface_033/MP_SEL_SUR_003591.jpg,none,0.0,,,0.0
aihub_raw/surface/Surface_1/Surface_033/MP_SEL_SUR_003592.jpg,none,0.0,,,0.0
aihub_raw/surface/Surface_1/Surface_033/MP_SEL_SUR_003593.jpg,none,0.0,,,0.8542
aihub_raw/surface/Surface_1/Surface_033/MP_SEL_SUR_003594.jpg,none,0.0,,,0.2456
aihub_raw/surface/Surface_1/Surface_033/MP_SEL_SUR_003595.jpg,none,0.0,,,0.0
aihub_raw/surface/Surface_1/Surface_033/MP_SEL_SUR_003596.jpg,none,0.0,,,0.2216
aihub_raw/surface/Surface_1/Surface_033/MP_SEL_SUR_003597.jpg,none,0.0,,,0.5915
aihub_raw/surface/Surface_1/Surface_033/MP_SEL_SUR_003598.jpg,none,0.0,,,0.695
aihub_raw/surface/Surface_1/Surface_033/MP_SEL_SUR_003599.jpg,none,0.0,,,0.9969
aihub_raw/surface/Surface_1/Surface_033/MP_SEL_SUR_003600.jpg,none,0.0,,,0.0
aihub_raw/surface/Surface_1/Surface_033/MP_SEL_SUR_003601.jpg,none,0.0,,,0.7665
aihub_raw/surface/Surface_1/Surface_033/MP_SEL_SUR_003602.jpg,none,0.0,,,0.9941
aihub_raw/surface/Surface_1/Surface_033/MP_SEL_SUR_003603.jpg,none,0.0,,,0.8592
aihub_raw/surface/Surface_1/Surface_033/MP_SEL_SUR_003604.jpg,none,0.0,,,0.9704
aihub_raw/surface/Surface_1/Surface_033/MP_SEL_SUR_003605.jpg,none,0.0,,,0.0
aihub_raw/surface/Surface_1/Surface_033/MP_SEL_SUR_003606.jpg,none_far,0.0107,0.0,0.037,0.8504
aihub_raw/surface/Surface_1/Surface_033/MP_SEL_SUR_003607.jpg,none,0.0,,,0.9946
aihub_raw/surface/Surface_1/Surface_033/MP_SEL_SUR_003608.jpg,none,0.0,,,0.9854
aihub_raw/surface/Surface_1/Surface_033/MP_SEL_SUR_003609.jpg,none,0.0,,,0.0
aihub_raw/surface/Surface_1/Surface_033/MP_SEL_SUR_003610.jpg,none,0.0,,,0.8467
aihub_raw/surface/Surface_1/Surface_033/MP_SEL_SUR_003611.jpg,none,0.0,,,0.8612
aihub_raw/surface/Surface_1/Surface_033/MP_SEL_SUR_003612.jpg,none,0.0,,,0.8546
aihub_raw/surface/Surface_1/Surface_033/MP_SEL_SUR_003613.jpg,none,0.0,,,0.8804
aihub_raw/surface/Surface_1/Surface_033/MP_SEL_SUR_003614.jpg,none,0.0,,,0.512
aihub_raw/surface/Surface_1/Surface_033/MP_SEL_SUR_003615.jpg,none,0.0,,,0.9312
aihub_raw/surface/Surface_1/Surface_033/MP_SEL_SUR_003616.jpg,none,0.0,,,0.2346
aihub_raw/surface/Surface_1/Surface_033/MP_SEL_SUR_003617.jpg,none,0.0,,,0.8585
aihub_raw/surface/Surface_1/Surface_033/MP_SEL_SUR_003618.jpg,none,0.0,,,0.8845
aihub_raw/surface/Surface_1/Surface_033/MP_SEL_SUR_003619.jpg,none,0.0,,,0.8173
aihub_raw/surface/Surface_1/Surface_033/MP_SEL_SUR_003620.jpg,none,0.0,,,0.0
aihub_raw/surface/Surface_1/Surface_033/MP_SEL_SUR_003621.jpg,none,0.0,,,0.0
aihub_raw/surface/Surface_1/Surface_033/MP_SEL_SUR_003622.jpg,none,0.0,,,0.0
aihub_raw/surface/Surface_1/Surface_033/MP_SEL_SUR_003623.jpg,none,0.0,,,0.8307
aihub_raw/surface/Surface_1/Surface_033/MP_SEL_SUR_003624.jpg,none,0.0,,,0.8671
aihub_raw/surface/Surface_1/Surface_033/MP_SEL_SUR_003625.jpg,none,0.0,,,0.9142
aihub_raw/surface/Surface_1/Surface_033/MP_SEL_SUR_003626.jpg,none,0.0,,,0.9121
aihub_raw/surface/Surface_1/Surface_033/MP_SEL_SUR_003627.jpg,none,0.0,,,0.0
aihub_raw/surface/Surface_1/Surface_033/MP_SEL_SUR_003628.jpg,none,0.0,,,0.8066
aihub_raw/surface/Surface_1/Surface_033/MP_SEL_SUR_003629.jpg,none_far,0.0031,0.0,0.067,0.9773
aihub_raw/surface/Surface_1/Surface_033/MP_SEL_SUR_003630.jpg,none,0.0,,,0.9384
aihub_raw/surface/Surface_1/Surface_033/MP_SEL_SUR_003631.jpg,none,0.0,,,0.0
aihub_raw/surface/Surface_1/Surface_033/MP_SEL_SUR_003632.jpg,none,0.0,,,0.717
aihub_raw/surface/Surface_1/Surface_033/MP_SEL_SUR_003633.jpg,none,0.0,,,0.9497
aihub_raw/surface/Surface_1/Surface_033/MP_SEL_SUR_003634.jpg,none,0.0,,,0.0121
aihub_raw/surface/Surface_1/Surface_033/MP_SEL_SUR_003635.jpg,none,0.0,,,0.9747
aihub_raw/surface/Surface_1/Surface_033/MP_SEL_SUR_003636.jpg,approach,0.5129,0.0,0.73,0.3373
aihub_raw/surface/Surface_1/Surface_033/MP_SEL_SUR_003637.jpg,on,0.9712,0.0,1.0,0.0
aihub_raw/surface/Surface_1/Surface_033/MP_SEL_SUR_003638.jpg,none,0.0,,,1.0
aihub_raw/surface/Surface_1/Surface_033/MP_SEL_SUR_003639.jpg,on,0.9672,0.0,1.0,0.0
aihub_raw/surface/Surface_1/Surface_033/MP_SEL_SUR_003640.jpg,none,0.0,,,0.901
aihub_raw/surface/Surface_1/Surface_033/MP_SEL_SUR_003641.jpg,none,0.0,,,0.0
aihub_raw/surface/Surface_1/Surface_033/MP_SEL_SUR_003642.jpg,none,0.0,,,0.0
aihub_raw/surface/Surface_1/Surface_034/MP_SEL_SUR_003644.jpg,none,0.0,,,0.8077
aihub_raw/surface/Surface_1/Surface_034/MP_SEL_SUR_003645.jpg,none,0.0,,,0.0663
aihub_raw/surface/Surface_1/Surface_034/MP_SEL_SUR_003646.jpg,none,0.0,,,0.0
aihub_raw/surface/Surface_1/Surface_034/MP_SEL_SUR_003647.jpg,none,0.0,,,0.0
aihub_raw/surface/Surface_1/Surface_034/MP_SEL_SUR_003648.jpg,none,0.0,,,0.5386
aihub_raw/surface/Surface_1/Surface_034/MP_SEL_SUR_003649.jpg,none,0.0,,,0.0453
aihub_raw/surface/Surface_1/Surface_034/MP_SEL_SUR_003650.jpg,none,0.0,,,0.4356
aihub_raw/surface/Surface_1/Surface_034/MP_SEL_SUR_003651.jpg,none,0.0,,,0.0
aihub_raw/surface/Surface_1/Surface_034/MP_SEL_SUR_003652.jpg,none,0.0,,,0.9979
aihub_raw/surface/Surface_1/Surface_034/MP_SEL_SUR_003653.jpg,none,0.0,,,0.3729
aihub_raw/surface/Surface_1/Surface_034/MP_SEL_SUR_003654.jpg,none,0.0,,,0.9853
aihub_raw/surface/Surface_1/Surface_034/MP_SEL_SUR_003655.jpg,none,0.0,,,0.0
aihub_raw/surface/Surface_1/Surface_034/MP_SEL_SUR_003656.jpg,none,0.0,,,0.0
aihub_raw/surface/Surface_1/Surface_034/MP_SEL_SUR_003657.jpg,none,0.0,,,0.0
aihub_raw/surface/Surface_1/Surface_034/MP_SEL_SUR_003659.jpg,none,0.0,,,0.7577
aihub_raw/surface/Surface_1/Surface_034/MP_SEL_SUR_003660.jpg,none,0.0,,,0.7716
aihub_raw/surface/Surface_1/Surface_034/MP_SEL_SUR_003661.jpg,none,0.0,,,0.955
aihub_raw/surface/Surface_1/Surface_034/MP_SEL_SUR_003662.jpg,none,0.0,,,0.0
aihub_raw/surface/Surface_1/Surface_034/MP_SEL_SUR_003663.jpg,none,0.0,,,0.9681
aihub_raw/surface/Surface_1/Surface_034/MP_SEL_SUR_003664.jpg,none,0.0,,,0.9911
aihub_raw/surface/Surface_1/Surface_034/MP_SEL_SUR_003665.jpg,none,0.0,,,0.807
aihub_raw/surface/Surface_1/Surface_034/MP_SEL_SUR_003666.jpg,none,0.0,,,0.7787
aihub_raw/surface/Surface_1/Surface_034/MP_SEL_SUR_003667.jpg,none,0.0,,,0.8246
aihub_raw/surface/Surface_1/Surface_034/MP_SEL_SUR_003668.jpg,none_far,0.0109,0.0,0.133,0.9702
aihub_raw/surface/Surface_1/Surface_034/MP_SEL_SUR_003669.jpg,none,0.0,,,0.9776
aihub_raw/surface/Surface_1/Surface_034/MP_SEL_SUR_003670.jpg,none,0.0,,,0.9655
aihub_raw/surface/Surface_1/Surface_034/MP_SEL_SUR_003671.jpg,none,0.0,,,0.0572
aihub_raw/surface/Surface_1/Surface_034/MP_SEL_SUR_003672.jpg,none,0.0,,,0.0
aihub_raw/surface/Surface_1/Surface_034/MP_SEL_SUR_003673.jpg,none,0.0,,,0.0
aihub_raw/surface/Surface_1/Surface_034/MP_SEL_SUR_003674.jpg,none,0.0,,,0.997
aihub_raw/surface/Surface_1/Surface_034/MP_SEL_SUR_003675.jpg,none,0.0,,,1.0
aihub_raw/surface/Surface_1/Surface_034/MP_SEL_SUR_003676.jpg,none,0.0,,,0.8896
aihub_raw/surface/Surface_1/Surface_034/MP_SEL_SUR_003677.jpg,none,0.0,,,0.8275
aihub_raw/surface/Surface_1/Surface_034/MP_SEL_SUR_003678.jpg,none,0.0,,,0.9163
aihub_raw/surface/Surface_1/Surface_034/MP_SEL_SUR_003679.jpg,none_far,0.0004,0.0,0.007,0.0
aihub_raw/surface/Surface_1/Surface_034/MP_SEL_SUR_003680.jpg,none,0.0,,,0.0
aihub_raw/surface/Surface_1/Surface_034/MP_SEL_SUR_003681.jpg,none,0.0,,,0.8273
aihub_raw/surface/Surface_1/Surface_034/MP_SEL_SUR_003682.jpg,none,0.0,,,0.9789
aihub_raw/surface/Surface_1/Surface_034/MP_SEL_SUR_003683.jpg,none,0.0,,,0.9292
aihub_raw/surface/Surface_1/Surface_034/MP_SEL_SUR_003684.jpg,none,0.0,,,0.9864
aihub_raw/surface/Surface_1/Surface_034/MP_SEL_SUR_003685.jpg,none,0.0,,,0.877
aihub_raw/surface/Surface_1/Surface_034/MP_SEL_SUR_003686.jpg,none,0.0,,,0.2577
aihub_raw/surface/Surface_1/Surface_034/MP_SEL_SUR_003687.jpg,none,0.0,,,0.8325
aihub_raw/surface/Surface_1/Surface_034/MP_SEL_SUR_003688.jpg,none,0.0,,,0.8532
aihub_raw/surface/Surface_1/Surface_034/MP_SEL_SUR_003689.jpg,none,0.0,,,0.0363
aihub_raw/surface/Surface_1/Surface_034/MP_SEL_SUR_003690.jpg,none,0.0,,,0.0
aihub_raw/surface/Surface_1/Surface_034/MP_SEL_SUR_003691.jpg,none_far,0.1819,0.0,0.367,0.6527
aihub_raw/surface/Surface_1/Surface_034/MP_SEL_SUR_003692.jpg,none,0.0,,,0.9748
aihub_raw/surface/Surface_1/Surface_034/MP_SEL_SUR_003693.jpg,none,0.0,,,0.9378
aihub_raw/surface/Surface_1/Surface_034/MP_SEL_SUR_003694.jpg,none,0.0,,,0.999
aihub_raw/surface/Surface_1/Surface_034/MP_SEL_SUR_003695.jpg,none,0.0,,,0.9928
aihub_raw/surface/Surface_1/Surface_034/MP_SEL_SUR_003696.jpg,none,0.0,,,0.9673
aihub_raw/surface/Surface_1/Surface_034/MP_SEL_SUR_003697.jpg,none,0.0,,,0.0
aihub_raw/surface/Surface_1/Surface_034/MP_SEL_SUR_003698.jpg,on,0.8862,0.0,1.0,0.0076
aihub_raw/surface/Surface_1/Surface_034/MP_SEL_SUR_003699.jpg,approach,0.8143,0.0,0.819,0.186
aihub_raw/surface/Surface_1/Surface_034/MP_SEL_SUR_003700.jpg,none,0.0,,,0.976
aihub_raw/surface/Surface_1/Surface_034/MP_SEL_SUR_003701.jpg,none,0.0,,,0.9208
aihub_raw/surface/Surface_1/Surface_034/MP_SEL_SUR_003702.jpg,none,0.0,,,0.0
aihub_raw/surface/Surface_1/Surface_034/MP_SEL_SUR_003703.jpg,none,0.0,,,0.9263
aihub_raw/surface/Surface_1/Surface_034/MP_SEL_SUR_003704.jpg,none,0.0,,,0.0
aihub_raw/surface/Surface_1/Surface_034/MP_SEL_SUR_003705.jpg,none,0.0,,,0.0273
aihub_raw/surface/Surface_1/Surface_034/MP_SEL_SUR_003706.jpg,none,0.0,,,0.9926
aihub_raw/surface/Surface_1/Surface_034/MP_SEL_SUR_003707.jpg,none,0.0,,,0.0
aihub_raw/surface/Surface_1/Surface_034/MP_SEL_SUR_003708.jpg,none,0.0,,,0.5159
aihub_raw/surface/Surface_1/Surface_034/MP_SEL_SUR_003709.jpg,none,0.0,,,0.0
aihub_raw/surface/Surface_1/Surface_034/MP_SEL_SUR_003711.jpg,none,0.0,,,0.9309
aihub_raw/surface/Surface_1/Surface_034/MP_SEL_SUR_003712.jpg,none,0.0,,,0.894
aihub_raw/surface/Surface_1/Surface_034/MP_SEL_SUR_003713.jpg,none,0.0,,,0.7764
aihub_raw/surface/Surface_1/Surface_034/MP_SEL_SUR_003714.jpg,none,0.0,,,0.8509
aihub_raw/surface/Surface_1/Surface_034/MP_SEL_SUR_003715.jpg,none,0.0,,,0.0
aihub_raw/surface/Surface_1/Surface_034/MP_SEL_SUR_003716.jpg,none,0.0,,,0.9767
aihub_raw/surface/Surface_1/Surface_034/MP_SEL_SUR_003717.jpg,none,0.0,,,0.967
aihub_raw/surface/Surface_1/Surface_034/MP_SEL_SUR_003718.jpg,none,0.0,,,0.9922
aihub_raw/surface/Surface_1/Surface_034/MP_SEL_SUR_003719.jpg,none,0.0,,,0.505
aihub_raw/surface/Surface_1/Surface_034/MP_SEL_SUR_003720.jpg,none,0.0,,,0.0
aihub_raw/surface/Surface_1/Surface_034/MP_SEL_SUR_003721.jpg,on,0.9187,0.0,1.0,0.0085
aihub_raw/surface/Surface_1/Surface_034/MP_SEL_SUR_003722.jpg,none,0.0,,,0.9976
aihub_raw/surface/Surface_1/Surface_034/MP_SEL_SUR_003723.jpg,none,0.0,,,0.7028
aihub_raw/surface/Surface_1/Surface_035/MP_SEL_SUR_003724.jpg,none,0.0,,,0.9146
aihub_raw/surface/Surface_1/Surface_035/MP_SEL_SUR_003725.jpg,none,0.0,,,0.9956
aihub_raw/surface/Surface_1/Surface_035/MP_SEL_SUR_003726.jpg,none,0.0,,,0.1301
aihub_raw/surface/Surface_1/Surface_035/MP_SEL_SUR_003727.jpg,none,0.0,,,0.0
aihub_raw/surface/Surface_1/Surface_035/MP_SEL_SUR_003728.jpg,none,0.0,,,0.8136
aihub_raw/surface/Surface_1/Surface_035/MP_SEL_SUR_003729.jpg,none,0.0,,,0.0
aihub_raw/surface/Surface_1/Surface_035/MP_SEL_SUR_003730.jpg,none,0.0,,,0.9866
aihub_raw/surface/Surface_1/Surface_035/MP_SEL_SUR_003732.jpg,none,0.0,,,0.9657
aihub_raw/surface/Surface_1/Surface_035/MP_SEL_SUR_003733.jpg,none,0.0,,,0.9936
aihub_raw/surface/Surface_1/Surface_035/MP_SEL_SUR_003734.jpg,none,0.0,,,0.9743
aihub_raw/surface/Surface_1/Surface_035/MP_SEL_SUR_003735.jpg,none,0.0,,,0.9977
aihub_raw/surface/Surface_1/Surface_035/MP_SEL_SUR_003736.jpg,none,0.0,,,0.9668
aihub_raw/surface/Surface_1/Surface_035/MP_SEL_SUR_003737.jpg,none,0.0,,,0.9109
aihub_raw/surface/Surface_1/Surface_035/MP_SEL_SUR_003738.jpg,none,0.0,,,0.8024
aihub_raw/surface/Surface_1/Surface_035/MP_SEL_SUR_003739.jpg,none,0.0,,,0.9156
aihub_raw/surface/Surface_1/Surface_035/MP_SEL_SUR_003740.jpg,none,0.0,,,0.0
aihub_raw/surface/Surface_1/Surface_035/MP_SEL_SUR_003741.jpg,on,0.9386,0.056,1.0,0.0602
aihub_raw/surface/Surface_1/Surface_035/MP_SEL_SUR_003742.jpg,none,0.0,,,0.0
aihub_raw/surface/Surface_1/Surface_035/MP_SEL_SUR_003743.jpg,none,0.0,,,0.0
aihub_raw/surface/Surface_1/Surface_035/MP_SEL_SUR_003744.jpg,none,0.0,,,0.0
aihub_raw/surface/Surface_1/Surface_035/MP_SEL_SUR_003745.jpg,none,0.0,,,0.0066
aihub_raw/surface/Surface_1/Surface_035/MP_SEL_SUR_003746.jpg,none,0.0,,,0.7559
aihub_raw/surface/Surface_1/Surface_035/MP_SEL_SUR_003747.jpg,none,0.0,,,0.9301
aihub_raw/surface/Surface_1/Surface_035/MP_SEL_SUR_003748.jpg,none,0.0,,,0.9812
aihub_raw/surface/Surface_1/Surface_035/MP_SEL_SUR_003749.jpg,none,0.0,,,0.3748
aihub_raw/surface/Surface_1/Surface_035/MP_SEL_SUR_003750.jpg,none,0.0,,,0.968
aihub_raw/surface/Surface_1/Surface_035/MP_SEL_SUR_003751.jpg,none,0.0,,,0.0
aihub_raw/surface/Surface_1/Surface_035/MP_SEL_SUR_003752.jpg,none,0.0,,,0.8125
aihub_raw/surface/Surface_1/Surface_035/MP_SEL_SUR_003753.jpg,none,0.0,,,0.5072
aihub_raw/surface/Surface_1/Surface_035/MP_SEL_SUR_003754.jpg,none,0.0,,,0.6983
aihub_raw/surface/Surface_1/Surface_035/MP_SEL_SUR_003755.jpg,none,0.0,,,0.9717
aihub_raw/surface/Surface_1/Surface_035/MP_SEL_SUR_003756.jpg,none_far,0.0652,0.0,0.17,0.8323
aihub_raw/surface/Surface_1/Surface_035/MP_SEL_SUR_003757.jpg,none,0.0,,,0.0
aihub_raw/surface/Surface_1/Surface_035/MP_SEL_SUR_003758.jpg,none,0.0,,,0.0001
aihub_raw/surface/Surface_1/Surface_035/MP_SEL_SUR_003759.jpg,none,0.0,,,0.8528
aihub_raw/surface/Surface_1/Surface_035/MP_SEL_SUR_003760.jpg,none,0.0,,,0.9718
aihub_raw/surface/Surface_1/Surface_035/MP_SEL_SUR_003761.jpg,none_far,0.0,0.0,0.004,0.9671
aihub_raw/surface/Surface_1/Surface_035/MP_SEL_SUR_003762.jpg,none_far,0.4045,0.0,0.585,0.4107
aihub_raw/surface/Surface_1/Surface_035/MP_SEL_SUR_003763.jpg,none,0.0,,,0.7719
aihub_raw/surface/Surface_1/Surface_035/MP_SEL_SUR_003764.jpg,approach,0.5062,0.0,0.626,0.4071
aihub_raw/surface/Surface_1/Surface_035/MP_SEL_SUR_003765.jpg,none,0.0,,,0.9157
aihub_raw/surface/Surface_1/Surface_035/MP_SEL_SUR_003766.jpg,none,0.0,,,0.0
aihub_raw/surface/Surface_1/Surface_035/MP_SEL_SUR_003767.jpg,none,0.0,,,0.7757
aihub_raw/surface/Surface_1/Surface_035/MP_SEL_SUR_003768.jpg,none,0.0,,,0.0023
aihub_raw/surface/Surface_1/Surface_035/MP_SEL_SUR_003769.jpg,none,0.0,,,0.9243
aihub_raw/surface/Surface_1/Surface_035/MP_SEL_SUR_003770.jpg,none,0.0,,,0.0
aihub_raw/surface/Surface_1/Surface_035/MP_SEL_SUR_003771.jpg,none,0.0,,,0.8917
aihub_raw/surface/Surface_1/Surface_035/MP_SEL_SUR_003772.jpg,none,0.0,,,0.0
aihub_raw/surface/Surface_1/Surface_035/MP_SEL_SUR_003773.jpg,none_far,0.0295,0.0,0.078,0.8955
aihub_raw/surface/Surface_1/Surface_035/MP_SEL_SUR_003774.jpg,none,0.0,,,0.857
aihub_raw/surface/Surface_1/Surface_035/MP_SEL_SUR_003775.jpg,none,0.0,,,0.5693
aihub_raw/surface/Surface_1/Surface_035/MP_SEL_SUR_003776.jpg,none_far,0.0003,0.0,0.015,0.966
aihub_raw/surface/Surface_1/Surface_035/MP_SEL_SUR_003777.jpg,none,0.0,,,0.9776
aihub_raw/surface/Surface_1/Surface_035/MP_SEL_SUR_003778.jpg,none,0.0,,,0.9064
aihub_raw/surface/Surface_1/Surface_035/MP_SEL_SUR_003779.jpg,none,0.0,,,0.9828
aihub_raw/surface/Surface_1/Surface_035/MP_SEL_SUR_003780.jpg,none,0.0,,,0.9471
aihub_raw/surface/Surface_1/Surface_035/MP_SEL_SUR_003781.jpg,none_far,0.282,0.0,0.367,0.669
aihub_raw/surface/Surface_1/Surface_035/MP_SEL_SUR_003782.jpg,none_far,0.0014,0.433,0.5,0.8833
aihub_raw/surface/Surface_1/Surface_035/MP_SEL_SUR_003783.jpg,none,0.0,,,1.0
aihub_raw/surface/Surface_1/Surface_035/MP_SEL_SUR_003784.jpg,none,0.0,,,0.928
aihub_raw/surface/Surface_1/Surface_035/MP_SEL_SUR_003785.jpg,none,0.0,,,0.9048
aihub_raw/surface/Surface_1/Surface_035/MP_SEL_SUR_003786.jpg,none,0.0,,,0.8285
aihub_raw/surface/Surface_1/Surface_035/MP_SEL_SUR_003787.jpg,none,0.0,,,0.0
aihub_raw/surface/Surface_1/Surface_035/MP_SEL_SUR_003788.jpg,none,0.0,,,0.9918
aihub_raw/surface/Surface_1/Surface_035/MP_SEL_SUR_003789.jpg,approach,0.6492,0.0,0.667,0.3373
aihub_raw/surface/Surface_1/Surface_035/MP_SEL_SUR_003790.jpg,none,0.0,,,0.9648
aihub_raw/surface/Surface_1/Surface_035/MP_SEL_SUR_003791.jpg,none,0.0,,,0.0
aihub_raw/surface/Surface_1/Surface_035/MP_SEL_SUR_003792.jpg,none,0.0,,,0.0918
aihub_raw/surface/Surface_1/Surface_035/MP_SEL_SUR_003793.jpg,none,0.0,,,0.9243
aihub_raw/surface/Surface_1/Surface_035/MP_SEL_SUR_003794.jpg,none,0.0,,,0.7276
aihub_raw/surface/Surface_1/Surface_035/MP_SEL_SUR_003795.jpg,approach,0.141,0.0,0.719,0.8061
aihub_raw/surface/Surface_1/Surface_035/MP_SEL_SUR_003796.jpg,on,0.9943,0.0,1.0,0.0
aihub_raw/surface/Surface_1/Surface_035/MP_SEL_SUR_003797.jpg,none,0.0,,,0.8055
aihub_raw/surface/Surface_1/Surface_035/MP_SEL_SUR_003798.jpg,none,0.0,,,1.0
aihub_raw/surface/Surface_1/Surface_035/MP_SEL_SUR_003799.jpg,none,0.0,,,0.6764
aihub_raw/surface/Surface_1/Surface_035/MP_SEL_SUR_003800.jpg,none,0.0,,,0.6505
aihub_raw/surface/Surface_1/Surface_035/MP_SEL_SUR_003801.jpg,none,0.0,,,0.1769
aihub_raw/surface/Surface_1/Surface_035/MP_SEL_SUR_003802.jpg,none,0.0,,,0.7386
aihub_raw/surface/Surface_1/Surface_035/MP_SEL_SUR_003803.jpg,none,0.0,,,0.7776
aihub_raw/surface/Surface_1/Surface_036/MP_SEL_SUR_003805.jpg,none,0.0,,,0.8916
aihub_raw/surface/Surface_1/Surface_036/MP_SEL_SUR_003806.jpg,none,0.0,,,0.0
aihub_raw/surface/Surface_1/Surface_036/MP_SEL_SUR_003807.jpg,none,0.0,,,0.8802
aihub_raw/surface/Surface_1/Surface_036/MP_SEL_SUR_003808.jpg,none,0.0,,,0.0678
aihub_raw/surface/Surface_1/Surface_036/MP_SEL_SUR_003809.jpg,none,0.0,,,0.9828
aihub_raw/surface/Surface_1/Surface_036/MP_SEL_SUR_003810.jpg,none,0.0,,,0.7788
aihub_raw/surface/Surface_1/Surface_036/MP_SEL_SUR_003811.jpg,none,0.0,,,0.9977
aihub_raw/surface/Surface_1/Surface_036/MP_SEL_SUR_003812.jpg,none,0.0,,,0.0
aihub_raw/surface/Surface_1/Surface_036/MP_SEL_SUR_003813.jpg,none,0.0,,,0.9798
aihub_raw/surface/Surface_1/Surface_036/MP_SEL_SUR_003814.jpg,none,0.0,,,0.5781
aihub_raw/surface/Surface_1/Surface_036/MP_SEL_SUR_003815.jpg,on,0.9056,0.026,1.0,0.0592
aihub_raw/surface/Surface_1/Surface_036/MP_SEL_SUR_003816.jpg,none,0.0,,,1.0
aihub_raw/surface/Surface_1/Surface_036/MP_SEL_SUR_003817.jpg,none,0.0,,,0.0
aihub_raw/surface/Surface_1/Surface_036/MP_SEL_SUR_003818.jpg,none,0.0,,,0.9943
aihub_raw/surface/Surface_1/Surface_036/MP_SEL_SUR_003819.jpg,none,0.0,,,0.9546
aihub_raw/surface/Surface_1/Surface_036/MP_SEL_SUR_003820.jpg,none,0.0,,,0.7532
aihub_raw/surface/Surface_1/Surface_036/MP_SEL_SUR_003821.jpg,none,0.0,,,0.0
aihub_raw/surface/Surface_1/Surface_036/MP_SEL_SUR_003822.jpg,none,0.0,,,1.0
aihub_raw/surface/Surface_1/Surface_036/MP_SEL_SUR_003823.jpg,none,0.0,,,0.0
aihub_raw/surface/Surface_1/Surface_036/MP_SEL_SUR_003824.jpg,none,0.0,,,0.7232
aihub_raw/surface/Surface_1/Surface_036/MP_SEL_SUR_003825.jpg,none,0.0,,,0.0
aihub_raw/surface/Surface_1/Surface_036/MP_SEL_SUR_003826.jpg,none,0.0,,,1.0
aihub_raw/surface/Surface_1/Surface_036/MP_SEL_SUR_003827.jpg,none,0.0,,,0.9951
aihub_raw/surface/Surface_1/Surface_036/MP_SEL_SUR_003828.jpg,none,0.0,,,0.0703
aihub_raw/surface/Surface_1/Surface_036/MP_SEL_SUR_003829.jpg,none,0.0,,,0.0
aihub_raw/surface/Surface_1/Surface_036/MP_SEL_SUR_003830.jpg,none,0.0,,,0.0
aihub_raw/surface/Surface_1/Surface_036/MP_SEL_SUR_003831.jpg,none,0.0,,,0.8091
aihub_raw/surface/Surface_1/Surface_036/MP_SEL_SUR_003832.jpg,none,0.0,,,0.0
aihub_raw/surface/Surface_1/Surface_036/MP_SEL_SUR_003833.jpg,none,0.0,,,0.0
aihub_raw/surface/Surface_1/Surface_036/MP_SEL_SUR_003834.jpg,none,0.0,,,0.9975
aihub_raw/surface/Surface_1/Surface_036/MP_SEL_SUR_003835.jpg,none,0.0,,,0.8963
aihub_raw/surface/Surface_1/Surface_036/MP_SEL_SUR_003836.jpg,none,0.0,,,0.5407
aihub_raw/surface/Surface_1/Surface_036/MP_SEL_SUR_003837.jpg,none,0.0,,,0.0
aihub_raw/surface/Surface_1/Surface_036/MP_SEL_SUR_003838.jpg,none,0.0,,,0.7451
aihub_raw/surface/Surface_1/Surface_036/MP_SEL_SUR_003839.jpg,none,0.0,,,1.0
aihub_raw/surface/Surface_1/Surface_036/MP_SEL_SUR_003840.jpg,none,0.0,,,1.0
aihub_raw/surface/Surface_1/Surface_036/MP_SEL_SUR_003841.jpg,none,0.0,,,0.8784
aihub_raw/surface/Surface_1/Surface_036/MP_SEL_SUR_003842.jpg,none,0.0,,,0.0
aihub_raw/surface/Surface_1/Surface_036/MP_SEL_SUR_003843.jpg,none,0.0,,,0.9932
aihub_raw/surface/Surface_1/Surface_036/MP_SEL_SUR_003844.jpg,none,0.0,,,0.0
aihub_raw/surface/Surface_1/Surface_036/MP_SEL_SUR_003845.jpg,none,0.0,,,0.7809
aihub_raw/surface/Surface_1/Surface_036/MP_SEL_SUR_003846.jpg,none,0.0,,,0.0
aihub_raw/surface/Surface_1/Surface_036/MP_SEL_SUR_003848.jpg,none,0.0,,,0.7836
aihub_raw/surface/Surface_1/Surface_036/MP_SEL_SUR_003849.jpg,none,0.0,,,0.8831
aihub_raw/surface/Surface_1/Surface_036/MP_SEL_SUR_003850.jpg,none,0.0,,,0.7559
aihub_raw/surface/Surface_1/Surface_036/MP_SEL_SUR_003851.jpg,none,0.0,,,0.9786
aihub_raw/surface/Surface_1/Surface_036/MP_SEL_SUR_003852.jpg,none_far,0.0869,0.019,0.23,0.8081
aihub_raw/surface/Surface_1/Surface_036/MP_SEL_SUR_003853.jpg,none,0.0,,,0.6595
aihub_raw/surface/Surface_1/Surface_036/MP_SEL_SUR_003854.jpg,none,0.0,,,0.915
aihub_raw/surface/Surface_1/Surface_036/MP_SEL_SUR_003855.jpg,none,0.0,,,0.9455
aihub_raw/surface/Surface_1/Surface_036/MP_SEL_SUR_003856.jpg,none,0.0,,,0.0
aihub_raw/surface/Surface_1/Surface_036/MP_SEL_SUR_003857.jpg,none,0.0,,,0.0
aihub_raw/surface/Surface_1/Surface_036/MP_SEL_SUR_003858.jpg,none,0.0,,,0.8369
aihub_raw/surface/Surface_1/Surface_036/MP_SEL_SUR_003859.jpg,none,0.0,,,1.0
aihub_raw/surface/Surface_1/Surface_036/MP_SEL_SUR_003860.jpg,none,0.0,,,0.7062
aihub_raw/surface/Surface_1/Surface_036/MP_SEL_SUR_003861.jpg,none,0.0,,,0.982
aihub_raw/surface/Surface_1/Surface_036/MP_SEL_SUR_003862.jpg,none,0.0,,,0.0
aihub_raw/surface/Surface_1/Surface_036/MP_SEL_SUR_003863.jpg,none,0.0,,,0.9237
aihub_raw/surface/Surface_1/Surface_036/MP_SEL_SUR_003864.jpg,none,0.0,,,0.0
aihub_raw/surface/Surface_1/Surface_036/MP_SEL_SUR_003865.jpg,none,0.0,,,0.4498
aihub_raw/surface/Surface_1/Surface_036/MP_SEL_SUR_003866.jpg,none,0.0,,,0.0
aihub_raw/surface/Surface_1/Surface_036/MP_SEL_SUR_003867.jpg,none,0.0,,,0.0
aihub_raw/surface/Surface_1/Surface_036/MP_SEL_SUR_003868.jpg,none,0.0,,,1.0
aihub_raw/surface/Surface_1/Surface_036/MP_SEL_SUR_003869.jpg,none,0.0,,,0.8468
aihub_raw/surface/Surface_1/Surface_036/MP_SEL_SUR_003870.jpg,none,0.0,,,0.8593
aihub_raw/surface/Surface_1/Surface_036/MP_SEL_SUR_003871.jpg,none,0.0,,,0.999
aihub_raw/surface/Surface_1/Surface_036/MP_SEL_SUR_003872.jpg,none,0.0,,,0.763
aihub_raw/surface/Surface_1/Surface_036/MP_SEL_SUR_003873.jpg,none,0.0,,,0.0
aihub_raw/surface/Surface_1/Surface_036/MP_SEL_SUR_003874.jpg,none,0.0,,,0.8869
aihub_raw/surface/Surface_1/Surface_036/MP_SEL_SUR_003875.jpg,none,0.0,,,0.8131
aihub_raw/surface/Surface_1/Surface_036/MP_SEL_SUR_003876.jpg,none,0.0,,,0.9796
aihub_raw/surface/Surface_1/Surface_036/MP_SEL_SUR_003877.jpg,none,0.0,,,0.8373
aihub_raw/surface/Surface_1/Surface_036/MP_SEL_SUR_003878.jpg,none,0.0,,,0.8862
aihub_raw/surface/Surface_1/Surface_036/MP_SEL_SUR_003879.jpg,none,0.0,,,0.9253
aihub_raw/surface/Surface_1/Surface_036/MP_SEL_SUR_003880.jpg,none,0.0,,,0.0
aihub_raw/surface/Surface_1/Surface_036/MP_SEL_SUR_003881.jpg,none,0.0,,,0.0
aihub_raw/surface/Surface_1/Surface_036/MP_SEL_SUR_003882.jpg,none_far,0.0111,0.063,0.115,0.0054
aihub_raw/surface/Surface_1/Surface_036/MP_SEL_SUR_003883.jpg,none,0.0,,,0.9988
aihub_raw/surface/Surface_1/Surface_036/MP_SEL_SUR_003884.jpg,none,0.0,,,0.838
aihub_raw/surface/Surface_1/Surface_037/MP_SEL_SUR_003885.jpg,none,0.0,,,1.0
aihub_raw/surface/Surface_1/Surface_037/MP_SEL_SUR_003886.jpg,none,0.0,,,0.9855
aihub_raw/surface/Surface_1/Surface_037/MP_SEL_SUR_003887.jpg,none,0.0,,,0.9521
aihub_raw/surface/Surface_1/Surface_037/MP_SEL_SUR_003888.jpg,none,0.0,,,0.0
aihub_raw/surface/Surface_1/Surface_037/MP_SEL_SUR_003889.jpg,none,0.0,,,0.9114
aihub_raw/surface/Surface_1/Surface_037/MP_SEL_SUR_003890.jpg,none,0.0,,,0.6834
aihub_raw/surface/Surface_1/Surface_037/MP_SEL_SUR_003891.jpg,none,0.0,,,0.8783
aihub_raw/surface/Surface_1/Surface_037/MP_SEL_SUR_003892.jpg,none,0.0,,,0.9135
aihub_raw/surface/Surface_1/Surface_037/MP_SEL_SUR_003893.jpg,none,0.0,,,0.9524
aihub_raw/surface/Surface_1/Surface_037/MP_SEL_SUR_003894.jpg,none,0.0,,,0.5109
aihub_raw/surface/Surface_1/Surface_037/MP_SEL_SUR_003895.jpg,none,0.0,,,0.0
aihub_raw/surface/Surface_1/Surface_037/MP_SEL_SUR_003896.jpg,none,0.0,,,0.4819
aihub_raw/surface/Surface_1/Surface_037/MP_SEL_SUR_003897.jpg,none,0.0,,,0.8891
aihub_raw/surface/Surface_1/Surface_037/MP_SEL_SUR_003898.jpg,none,0.0,,,0.4575
aihub_raw/surface/Surface_1/Surface_037/MP_SEL_SUR_003899.jpg,none,0.0,,,1.0
aihub_raw/surface/Surface_1/Surface_037/MP_SEL_SUR_003900.jpg,none,0.0,,,0.9964
aihub_raw/surface/Surface_1/Surface_037/MP_SEL_SUR_003901.jpg,none,0.0,,,0.9966
aihub_raw/surface/Surface_1/Surface_037/MP_SEL_SUR_003902.jpg,none,0.0,,,0.8397
aihub_raw/surface/Surface_1/Surface_037/MP_SEL_SUR_003903.jpg,none_far,0.0001,0.093,0.111,0.126
aihub_raw/surface/Surface_1/Surface_037/MP_SEL_SUR_003904.jpg,none,0.0,,,0.8188
aihub_raw/surface/Surface_1/Surface_037/MP_SEL_SUR_003905.jpg,none,0.0,,,0.9556
aihub_raw/surface/Surface_1/Surface_037/MP_SEL_SUR_003906.jpg,none,0.0,,,0.986
aihub_raw/surface/Surface_1/Surface_037/MP_SEL_SUR_003907.jpg,none,0.0,,,0.0
aihub_raw/surface/Surface_1/Surface_037/MP_SEL_SUR_003908.jpg,none,0.0,,,0.0
aihub_raw/surface/Surface_1/Surface_037/MP_SEL_SUR_003909.jpg,none,0.0,,,0.8025
aihub_raw/surface/Surface_1/Surface_037/MP_SEL_SUR_003910.jpg,none,0.0,,,0.3226
aihub_raw/surface/Surface_1/Surface_037/MP_SEL_SUR_003911.jpg,none,0.0,,,0.9274
aihub_raw/surface/Surface_1/Surface_037/MP_SEL_SUR_003912.jpg,none,0.0,,,0.0572
aihub_raw/surface/Surface_1/Surface_037/MP_SEL_SUR_003913.jpg,none,0.0,,,0.4889
aihub_raw/surface/Surface_1/Surface_037/MP_SEL_SUR_003914.jpg,none,0.0,,,0.0
aihub_raw/surface/Surface_1/Surface_037/MP_SEL_SUR_003915.jpg,on,0.7502,0.107,1.0,0.0917
aihub_raw/surface/Surface_1/Surface_037/MP_SEL_SUR_003916.jpg,none,0.0,,,0.9928
aihub_raw/surface/Surface_1/Surface_037/MP_SEL_SUR_003917.jpg,none,0.0,,,0.6306
aihub_raw/surface/Surface_1/Surface_037/MP_SEL_SUR_003918.jpg,approach,0.3612,0.037,0.874,0.2203
aihub_raw/surface/Surface_1/Surface_037/MP_SEL_SUR_003919.jpg,none,0.0,,,0.8631
aihub_raw/surface/Surface_1/Surface_037/MP_SEL_SUR_003920.jpg,none,0.0,,,0.897
aihub_raw/surface/Surface_1/Surface_037/MP_SEL_SUR_003921.jpg,none,0.0,,,0.8622
aihub_raw/surface/Surface_1/Surface_037/MP_SEL_SUR_003922.jpg,none,0.0,,,0.7903
aihub_raw/surface/Surface_1/Surface_037/MP_SEL_SUR_003923.jpg,none,0.0,,,0.0
aihub_raw/surface/Surface_1/Surface_037/MP_SEL_SUR_003924.jpg,none,0.0,,,0.0
aihub_raw/surface/Surface_1/Surface_037/MP_SEL_SUR_003926.jpg,none,0.0,,,0.8979
aihub_raw/surface/Surface_1/Surface_037/MP_SEL_SUR_003927.jpg,none,0.0,,,0.9223
aihub_raw/surface/Surface_1/Surface_037/MP_SEL_SUR_003928.jpg,none,0.0,,,0.3019
aihub_raw/surface/Surface_1/Surface_037/MP_SEL_SUR_003929.jpg,none,0.0,,,0.224
aihub_raw/surface/Surface_1/Surface_037/MP_SEL_SUR_003930.jpg,none,0.0,,,0.0
aihub_raw/surface/Surface_1/Surface_037/MP_SEL_SUR_003931.jpg,none,0.0,,,0.0
aihub_raw/surface/Surface_1/Surface_037/MP_SEL_SUR_003932.jpg,none,0.0,,,1.0
aihub_raw/surface/Surface_1/Surface_037/MP_SEL_SUR_003933.jpg,none_far,0.2585,0.0,0.259,0.738
aihub_raw/surface/Surface_1/Surface_037/MP_SEL_SUR_003934.jpg,none,0.0,,,0.8238
aihub_raw/surface/Surface_1/Surface_037/MP_SEL_SUR_003936.jpg,none,0.0,,,0.8841
aihub_raw/surface/Surface_1/Surface_037/MP_SEL_SUR_003937.jpg,none_far,0.0373,0.022,0.33,0.7906
aihub_raw/surface/Surface_1/Surface_037/MP_SEL_SUR_003938.jpg,none,0.0,,,0.8547
aihub_raw/surface/Surface_1/Surface_037/MP_SEL_SUR_003939.jpg,none,0.0,,,0.0
aihub_raw/surface/Surface_1/Surface_037/MP_SEL_SUR_003940.jpg,none,0.0,,,1.0
aihub_raw/surface/Surface_1/Surface_037/MP_SEL_SUR_003941.jpg,none,0.0,,,0.0
aihub_raw/surface/Surface_1/Surface_037/MP_SEL_SUR_003942.jpg,none,0.0,,,0.0
aihub_raw/surface/Surface_1/Surface_037/MP_SEL_SUR_003943.jpg,none,0.0,,,0.9597
aihub_raw/surface/Surface_1/Surface_037/MP_SEL_SUR_003944.jpg,none,0.0,,,0.6935
aihub_raw/surface/Surface_1/Surface_037/MP_SEL_SUR_003945.jpg,none,0.0,,,0.0
aihub_raw/surface/Surface_1/Surface_037/MP_SEL_SUR_003946.jpg,approach,0.5045,0.0,0.611,0.4605
aihub_raw/surface/Surface_1/Surface_037/MP_SEL_SUR_003947.jpg,none,0.0,,,0.8805
aihub_raw/surface/Surface_1/Surface_037/MP_SEL_SUR_003948.jpg,none,0.0,,,1.0
aihub_raw/surface/Surface_1/Surface_037/MP_SEL_SUR_003949.jpg,none,0.0,,,0.0
aihub_raw/surface/Surface_1/Surface_037/MP_SEL_SUR_003950.jpg,none,0.0,,,0.8323
aihub_raw/surface/Surface_1/Surface_037/MP_SEL_SUR_003951.jpg,none,0.0,,,0.0
aihub_raw/surface/Surface_1/Surface_037/MP_SEL_SUR_003952.jpg,on,0.9707,0.0,1.0,0.0
aihub_raw/surface/Surface_1/Surface_037/MP_SEL_SUR_003953.jpg,none,0.0,,,0.6341
aihub_raw/surface/Surface_1/Surface_037/MP_SEL_SUR_003954.jpg,none,0.0,,,0.7733
aihub_raw/surface/Surface_1/Surface_037/MP_SEL_SUR_003955.jpg,none,0.0,,,0.0
aihub_raw/surface/Surface_1/Surface_037/MP_SEL_SUR_003956.jpg,none,0.0,,,0.9353
aihub_raw/surface/Surface_1/Surface_037/MP_SEL_SUR_003957.jpg,none,0.0,,,0.9163
aihub_raw/surface/Surface_1/Surface_037/MP_SEL_SUR_003958.jpg,none,0.0,,,0.9223
aihub_raw/surface/Surface_1/Surface_037/MP_SEL_SUR_003959.jpg,none_far,0.0018,0.0,0.056,0.9123
aihub_raw/surface/Surface_1/Surface_037/MP_SEL_SUR_003960.jpg,none,0.0,,,0.7374
aihub_raw/surface/Surface_1/Surface_037/MP_SEL_SUR_003961.jpg,none,0.0,,,0.9887
aihub_raw/surface/Surface_1/Surface_037/MP_SEL_SUR_003962.jpg,none,0.0,,,0.9637
aihub_raw/surface/Surface_1/Surface_037/MP_SEL_SUR_003964.jpg,none_far,0.2171,0.0,0.222,0.783
aihub_raw/surface/Surface_1/Surface_037/MP_SEL_SUR_003965.jpg,on,0.7763,0.004,1.0,0.0
aihub_raw/surface/Surface_1/Surface_038/MP_SEL_SUR_003966.jpg,none,0.0,,,0.7152
aihub_raw/surface/Surface_1/Surface_038/MP_SEL_SUR_003967.jpg,none,0.0,,,0.9567
aihub_raw/surface/Surface_1/Surface_038/MP_SEL_SUR_003968.jpg,none,0.0,,,0.022
aihub_raw/surface/Surface_1/Surface_038/MP_SEL_SUR_003969.jpg,none,0.0,,,0.0
aihub_raw/surface/Surface_1/Surface_038/MP_SEL_SUR_003970.jpg,none,0.0,,,0.0
aihub_raw/surface/Surface_1/Surface_038/MP_SEL_SUR_003971.jpg,none,0.0,,,0.0
aihub_raw/surface/Surface_1/Surface_038/MP_SEL_SUR_003972.jpg,none,0.0,,,0.8545
aihub_raw/surface/Surface_1/Surface_038/MP_SEL_SUR_003973.jpg,none,0.0,,,0.9605
aihub_raw/surface/Surface_1/Surface_038/MP_SEL_SUR_003974.jpg,none,0.0,,,0.7272
aihub_raw/surface/Surface_1/Surface_038/MP_SEL_SUR_003975.jpg,on,0.7395,0.0,1.0,0.0
aihub_raw/surface/Surface_1/Surface_038/MP_SEL_SUR_003976.jpg,none,0.0,,,0.0
aihub_raw/surface/Surface_1/Surface_038/MP_SEL_SUR_003977.jpg,none,0.0,,,0.5462
aihub_raw/surface/Surface_1/Surface_038/MP_SEL_SUR_003978.jpg,none,0.0,,,0.0
aihub_raw/surface/Surface_1/Surface_038/MP_SEL_SUR_003979.jpg,none,0.0,,,0.6718
aihub_raw/surface/Surface_1/Surface_038/MP_SEL_SUR_003980.jpg,none,0.0,,,0.0
aihub_raw/surface/Surface_1/Surface_038/MP_SEL_SUR_003981.jpg,none,0.0,,,1.0
aihub_raw/surface/Surface_1/Surface_038/MP_SEL_SUR_003982.jpg,none,0.0,,,0.0
aihub_raw/surface/Surface_1/Surface_038/MP_SEL_SUR_003983.jpg,none,0.0,,,0.0
aihub_raw/surface/Surface_1/Surface_038/MP_SEL_SUR_003984.jpg,none,0.0,,,0.8496
aihub_raw/surface/Surface_1/Surface_038/MP_SEL_SUR_003985.jpg,none,0.0,,,0.3577
aihub_raw/surface/Surface_1/Surface_038/MP_SEL_SUR_003986.jpg,none,0.0,,,0.8726
aihub_raw/surface/Surface_1/Surface_038/MP_SEL_SUR_003987.jpg,none,0.0,,,0.0
aihub_raw/surface/Surface_1/Surface_038/MP_SEL_SUR_003988.jpg,none,0.0,,,0.5744
aihub_raw/surface/Surface_1/Surface_038/MP_SEL_SUR_003989.jpg,none,0.0,,,0.9283
aihub_raw/surface/Surface_1/Surface_038/MP_SEL_SUR_003990.jpg,none,0.0,,,0.0
aihub_raw/surface/Surface_1/Surface_038/MP_SEL_SUR_003991.jpg,none,0.0,,,0.88
aihub_raw/surface/Surface_1/Surface_038/MP_SEL_SUR_003992.jpg,none,0.0,,,0.0
aihub_raw/surface/Surface_1/Surface_038/MP_SEL_SUR_003993.jpg,none,0.0,,,0.4417
aihub_raw/surface/Surface_1/Surface_038/MP_SEL_SUR_003995.jpg,none,0.0,,,0.7026
aihub_raw/surface/Surface_1/Surface_038/MP_SEL_SUR_003996.jpg,none,0.0,,,0.8947
aihub_raw/surface/Surface_1/Surface_038/MP_SEL_SUR_003997.jpg,none,0.0,,,0.0
aihub_raw/surface/Surface_1/Surface_038/MP_SEL_SUR_003998.jpg,none,0.0,,,0.9946
aihub_raw/surface/Surface_1/Surface_038/MP_SEL_SUR_003999.jpg,none,0.0,,,0.0
aihub_raw/surface/Surface_1/Surface_038/MP_SEL_SUR_004000.jpg,none,0.0,,,0.5697
aihub_raw/surface/Surface_1/Surface_038/MP_SEL_SUR_004001.jpg,none,0.0,,,0.0
aihub_raw/surface/Surface_1/Surface_038/MP_SEL_SUR_004002.jpg,none_far,0.001,0.096,0.133,0.8566
aihub_raw/surface/Surface_1/Surface_038/MP_SEL_SUR_004003.jpg,none,0.0,,,0.0019
aihub_raw/surface/Surface_1/Surface_038/MP_SEL_SUR_004004.jpg,none,0.0,,,0.5033
aihub_raw/surface/Surface_1/Surface_038/MP_SEL_SUR_004005.jpg,none,0.0,,,0.8873
aihub_raw/surface/Surface_1/Surface_038/MP_SEL_SUR_004006.jpg,none,0.0,,,0.0
aihub_raw/surface/Surface_1/Surface_038/MP_SEL_SUR_004007.jpg,none,0.0,,,0.709
aihub_raw/surface/Surface_1/Surface_038/MP_SEL_SUR_004008.jpg,none,0.0,,,0.0
aihub_raw/surface/Surface_1/Surface_038/MP_SEL_SUR_004009.jpg,none,0.0,,,0.9586
aihub_raw/surface/Surface_1/Surface_038/MP_SEL_SUR_004010.jpg,none,0.0,,,0.0163
aihub_raw/surface/Surface_1/Surface_038/MP_SEL_SUR_004011.jpg,on,1.0,0.0,1.0,0.0
aihub_raw/surface/Surface_1/Surface_038/MP_SEL_SUR_004012.jpg,none,0.0,,,0.8542
aihub_raw/surface/Surface_1/Surface_038/MP_SEL_SUR_004013.jpg,none,0.0,,,0.9085
aihub_raw/surface/Surface_1/Surface_038/MP_SEL_SUR_004014.jpg,none,0.0,,,0.8985
aihub_raw/surface/Surface_1/Surface_038/MP_SEL_SUR_004015.jpg,none,0.0,,,0.951
aihub_raw/surface/Surface_1/Surface_038/MP_SEL_SUR_004016.jpg,none,0.0,,,0.9383
aihub_raw/surface/Surface_1/Surface_038/MP_SEL_SUR_004017.jpg,none,0.0,,,0.7837
aihub_raw/surface/Surface_1/Surface_038/MP_SEL_SUR_004018.jpg,none,0.0,,,0.9366
aihub_raw/surface/Surface_1/Surface_038/MP_SEL_SUR_004019.jpg,none,0.0,,,0.0
aihub_raw/surface/Surface_1/Surface_038/MP_SEL_SUR_004020.jpg,on,0.7106,0.015,1.0,0.0163
aihub_raw/surface/Surface_1/Surface_038/MP_SEL_SUR_004021.jpg,none,0.0,,,0.0
aihub_raw/surface/Surface_1/Surface_038/MP_SEL_SUR_004022.jpg,none,0.0,,,0.8735
aihub_raw/surface/Surface_1/Surface_038/MP_SEL_SUR_004023.jpg,none,0.0,,,0.0
aihub_raw/surface/Surface_1/Surface_038/MP_SEL_SUR_004024.jpg,none,0.0,,,0.2772
aihub_raw/surface/Surface_1/Surface_038/MP_SEL_SUR_004025.jpg,none,0.0,,,0.9876
aihub_raw/surface/Surface_1/Surface_038/MP_SEL_SUR_004026.jpg,none,0.0,,,0.0
aihub_raw/surface/Surface_1/Surface_038/MP_SEL_SUR_004027.jpg,none,0.0,,,1.0
aihub_raw/surface/Surface_1/Surface_038/MP_SEL_SUR_004028.jpg,none,0.0,,,0.0
aihub_raw/surface/Surface_1/Surface_038/MP_SEL_SUR_004029.jpg,none,0.0,,,0.0
aihub_raw/surface/Surface_1/Surface_038/MP_SEL_SUR_004030.jpg,none,0.0,,,0.8461
aihub_raw/surface/Surface_1/Surface_038/MP_SEL_SUR_004031.jpg,none,0.0,,,0.724
aihub_raw/surface/Surface_1/Surface_038/MP_SEL_SUR_004032.jpg,none,0.0,,,0.8808
aihub_raw/surface/Surface_1/Surface_038/MP_SEL_SUR_004033.jpg,none,0.0,,,0.0
aihub_raw/surface/Surface_1/Surface_038/MP_SEL_SUR_004034.jpg,none,0.0,,,0.0
aihub_raw/surface/Surface_1/Surface_038/MP_SEL_SUR_004035.jpg,none,0.0,,,0.4292
aihub_raw/surface/Surface_1/Surface_038/MP_SEL_SUR_004036.jpg,none,0.0,,,0.9993
aihub_raw/surface/Surface_1/Surface_038/MP_SEL_SUR_004037.jpg,none,0.0,,,0.0
aihub_raw/surface/Surface_1/Surface_038/MP_SEL_SUR_004038.jpg,none,0.0,,,0.9961
aihub_raw/surface/Surface_1/Surface_038/MP_SEL_SUR_004039.jpg,none,0.0,,,0.4855
aihub_raw/surface/Surface_1/Surface_038/MP_SEL_SUR_004040.jpg,none_far,0.0022,0.03,0.096,0.7836
aihub_raw/surface/Surface_1/Surface_038/MP_SEL_SUR_004041.jpg,none,0.0,,,0.0
aihub_raw/surface/Surface_1/Surface_038/MP_SEL_SUR_004042.jpg,none,0.0,,,0.0
aihub_raw/surface/Surface_1/Surface_038/MP_SEL_SUR_004043.jpg,none,0.0,,,0.8814
aihub_raw/surface/Surface_1/Surface_038/MP_SEL_SUR_004044.jpg,none,0.0,,,0.9188
aihub_raw/surface/Surface_1/Surface_039/MP_SEL_SUR_004046.jpg,none,0.0,,,0.9904
aihub_raw/surface/Surface_1/Surface_039/MP_SEL_SUR_004047.jpg,none,0.0,,,0.8298
aihub_raw/surface/Surface_1/Surface_039/MP_SEL_SUR_004048.jpg,none,0.0,,,0.0
aihub_raw/surface/Surface_1/Surface_039/MP_SEL_SUR_004049.jpg,none,0.0,,,0.9984
aihub_raw/surface/Surface_1/Surface_039/MP_SEL_SUR_004050.jpg,none,0.0,,,1.0
aihub_raw/surface/Surface_1/Surface_039/MP_SEL_SUR_004051.jpg,none,0.0,,,0.2099
aihub_raw/surface/Surface_1/Surface_039/MP_SEL_SUR_004052.jpg,none,0.0,,,0.7785
aihub_raw/surface/Surface_1/Surface_039/MP_SEL_SUR_004053.jpg,none,0.0,,,0.9667
aihub_raw/surface/Surface_1/Surface_039/MP_SEL_SUR_004054.jpg,none,0.0,,,0.0
aihub_raw/surface/Surface_1/Surface_039/MP_SEL_SUR_004055.jpg,none,0.0,,,0.0
aihub_raw/surface/Surface_1/Surface_039/MP_SEL_SUR_004056.jpg,none,0.0,,,0.8733
aihub_raw/surface/Surface_1/Surface_039/MP_SEL_SUR_004057.jpg,none,0.0,,,0.995
aihub_raw/surface/Surface_1/Surface_039/MP_SEL_SUR_004058.jpg,none,0.0,,,0.0
aihub_raw/surface/Surface_1/Surface_039/MP_SEL_SUR_004059.jpg,none,0.0,,,0.7782
aihub_raw/surface/Surface_1/Surface_039/MP_SEL_SUR_004061.jpg,none,0.0,,,0.0
aihub_raw/surface/Surface_1/Surface_039/MP_SEL_SUR_004062.jpg,none,0.0,,,0.8605
aihub_raw/surface/Surface_1/Surface_039/MP_SEL_SUR_004063.jpg,none,0.0,,,0.0
aihub_raw/surface/Surface_1/Surface_039/MP_SEL_SUR_004064.jpg,none,0.0,,,0.0
aihub_raw/surface/Surface_1/Surface_039/MP_SEL_SUR_004065.jpg,none,0.0,,,0.9966
aihub_raw/surface/Surface_1/Surface_039/MP_SEL_SUR_004066.jpg,none,0.0,,,0.0
aihub_raw/surface/Surface_1/Surface_039/MP_SEL_SUR_004067.jpg,none,0.0,,,0.9822
aihub_raw/surface/Surface_1/Surface_039/MP_SEL_SUR_004068.jpg,none,0.0,,,0.3163
aihub_raw/surface/Surface_1/Surface_039/MP_SEL_SUR_004069.jpg,none,0.0,,,0.0
aihub_raw/surface/Surface_1/Surface_039/MP_SEL_SUR_004070.jpg,none,0.0,,,1.0
aihub_raw/surface/Surface_1/Surface_039/MP_SEL_SUR_004071.jpg,none,0.0,,,0.0
aihub_raw/surface/Surface_1/Surface_039/MP_SEL_SUR_004072.jpg,none,0.0,,,0.0
aihub_raw/surface/Surface_1/Surface_039/MP_SEL_SUR_004073.jpg,none,0.0,,,0.9221
aihub_raw/surface/Surface_1/Surface_039/MP_SEL_SUR_004074.jpg,none,0.0,,,0.9744
aihub_raw/surface/Surface_1/Surface_039/MP_SEL_SUR_004075.jpg,none,0.0,,,0.0
aihub_raw/surface/Surface_1/Surface_039/MP_SEL_SUR_004076.jpg,none,0.0,,,0.9357
aihub_raw/surface/Surface_1/Surface_039/MP_SEL_SUR_004077.jpg,none,0.0,,,0.0
aihub_raw/surface/Surface_1/Surface_039/MP_SEL_SUR_004078.jpg,crossed,0.3237,0.622,1.0,0.6437
aihub_raw/surface/Surface_1/Surface_039/MP_SEL_SUR_004079.jpg,none,0.0,,,0.9206
aihub_raw/surface/Surface_1/Surface_039/MP_SEL_SUR_004080.jpg,none,0.0,,,0.7104
aihub_raw/surface/Surface_1/Surface_039/MP_SEL_SUR_004081.jpg,none,0.0,,,0.6244
aihub_raw/surface/Surface_1/Surface_039/MP_SEL_SUR_004082.jpg,none,0.0,,,0.9026
aihub_raw/surface/Surface_1/Surface_039/MP_SEL_SUR_004083.jpg,none,0.0,,,0.0
aihub_raw/surface/Surface_1/Surface_039/MP_SEL_SUR_004084.jpg,none,0.0,,,0.0
aihub_raw/surface/Surface_1/Surface_039/MP_SEL_SUR_004085.jpg,none,0.0,,,0.0
aihub_raw/surface/Surface_1/Surface_039/MP_SEL_SUR_004086.jpg,none,0.0,,,0.9742
aihub_raw/surface/Surface_1/Surface_039/MP_SEL_SUR_004087.jpg,none,0.0,,,0.0
aihub_raw/surface/Surface_1/Surface_039/MP_SEL_SUR_004088.jpg,none,0.0,,,0.7967
aihub_raw/surface/Surface_1/Surface_039/MP_SEL_SUR_004089.jpg,none_far,0.0205,0.0,0.041,0.9065
aihub_raw/surface/Surface_1/Surface_039/MP_SEL_SUR_004090.jpg,none,0.0,,,0.9624
aihub_raw/surface/Surface_1/Surface_039/MP_SEL_SUR_004091.jpg,none,0.0,,,0.8808
aihub_raw/surface/Surface_1/Surface_039/MP_SEL_SUR_004092.jpg,none,0.0,,,0.9794
aihub_raw/surface/Surface_1/Surface_039/MP_SEL_SUR_004093.jpg,none,0.0,,,0.0
aihub_raw/surface/Surface_1/Surface_039/MP_SEL_SUR_004094.jpg,none,0.0,,,0.0
aihub_raw/surface/Surface_1/Surface_039/MP_SEL_SUR_004095.jpg,none,0.0,,,0.0
aihub_raw/surface/Surface_1/Surface_039/MP_SEL_SUR_004096.jpg,none,0.0,,,0.8449
aihub_raw/surface/Surface_1/Surface_039/MP_SEL_SUR_004097.jpg,none,0.0,,,0.0
aihub_raw/surface/Surface_1/Surface_039/MP_SEL_SUR_004098.jpg,none,0.0,,,0.9518
aihub_raw/surface/Surface_1/Surface_039/MP_SEL_SUR_004099.jpg,none,0.0,,,0.0
aihub_raw/surface/Surface_1/Surface_039/MP_SEL_SUR_004100.jpg,none,0.0,,,0.7049
aihub_raw/surface/Surface_1/Surface_039/MP_SEL_SUR_004101.jpg,none,0.0,,,0.0
aihub_raw/surface/Surface_1/Surface_039/MP_SEL_SUR_004102.jpg,none,0.0,,,0.0154
aihub_raw/surface/Surface_1/Surface_039/MP_SEL_SUR_004103.jpg,none,0.0,,,0.1327
aihub_raw/surface/Surface_1/Surface_039/MP_SEL_SUR_004104.jpg,none,0.0,,,0.9064
aihub_raw/surface/Surface_1/Surface_039/MP_SEL_SUR_004105.jpg,none,0.0,,,0.0
aihub_raw/surface/Surface_1/Surface_039/MP_SEL_SUR_004106.jpg,none,0.0,,,0.0
aihub_raw/surface/Surface_1/Surface_039/MP_SEL_SUR_004107.jpg,none,0.0,,,0.7417
aihub_raw/surface/Surface_1/Surface_039/MP_SEL_SUR_004108.jpg,none,0.0,,,0.9367
aihub_raw/surface/Surface_1/Surface_039/MP_SEL_SUR_004109.jpg,none,0.0,,,1.0
aihub_raw/surface/Surface_1/Surface_039/MP_SEL_SUR_004110.jpg,none,0.0,,,0.1823
aihub_raw/surface/Surface_1/Surface_039/MP_SEL_SUR_004111.jpg,none,0.0,,,0.908
aihub_raw/surface/Surface_1/Surface_039/MP_SEL_SUR_004112.jpg,none,0.0,,,0.7864
aihub_raw/surface/Surface_1/Surface_039/MP_SEL_SUR_004113.jpg,none,0.0,,,1.0
aihub_raw/surface/Surface_1/Surface_039/MP_SEL_SUR_004114.jpg,none,0.0,,,0.4353
aihub_raw/surface/Surface_1/Surface_039/MP_SEL_SUR_004115.jpg,none,0.0,,,0.9289
aihub_raw/surface/Surface_1/Surface_039/MP_SEL_SUR_004116.jpg,none,0.0,,,0.9343
aihub_raw/surface/Surface_1/Surface_039/MP_SEL_SUR_004117.jpg,on,0.886,0.056,1.0,0.0805
aihub_raw/surface/Surface_1/Surface_039/MP_SEL_SUR_004118.jpg,none,0.0,,,0.0
aihub_raw/surface/Surface_1/Surface_039/MP_SEL_SUR_004119.jpg,none,0.0,,,0.507
aihub_raw/surface/Surface_1/Surface_039/MP_SEL_SUR_004120.jpg,none,0.0,,,0.969
aihub_raw/surface/Surface_1/Surface_039/MP_SEL_SUR_004121.jpg,approach,0.5445,0.0,0.633,0.4087
aihub_raw/surface/Surface_1/Surface_039/MP_SEL_SUR_004122.jpg,none,0.0,,,0.9219
aihub_raw/surface/Surface_1/Surface_039/MP_SEL_SUR_004123.jpg,none,0.0,,,0.9649
aihub_raw/surface/Surface_1/Surface_039/MP_SEL_SUR_004124.jpg,none,0.0,,,0.0403
aihub_raw/surface/Surface_1/Surface_039/MP_SEL_SUR_004125.jpg,none,0.0,,,0.612
aihub_raw/surface/Surface_1/Surface_040/MP_SEL_SUR_004126.jpg,none,0.0,,,0.3683
aihub_raw/surface/Surface_1/Surface_040/MP_SEL_SUR_004127.jpg,none,0.0,,,0.9745
aihub_raw/surface/Surface_1/Surface_040/MP_SEL_SUR_004128.jpg,none,0.0,,,0.3966
aihub_raw/surface/Surface_1/Surface_040/MP_SEL_SUR_004129.jpg,none,0.0,,,0.9843
aihub_raw/surface/Surface_1/Surface_040/MP_SEL_SUR_004130.jpg,none,0.0,,,0.8562
aihub_raw/surface/Surface_1/Surface_040/MP_SEL_SUR_004131.jpg,none,0.0,,,0.9997
aihub_raw/surface/Surface_1/Surface_040/MP_SEL_SUR_004132.jpg,none,0.0,,,0.0
aihub_raw/surface/Surface_1/Surface_040/MP_SEL_SUR_004133.jpg,none,0.0,,,0.9223
aihub_raw/surface/Surface_1/Surface_040/MP_SEL_SUR_004134.jpg,none,0.0,,,0.9296
aihub_raw/surface/Surface_1/Surface_040/MP_SEL_SUR_004135.jpg,none,0.0,,,0.9534
aihub_raw/surface/Surface_1/Surface_040/MP_SEL_SUR_004136.jpg,none_far,0.0065,0.07,0.181,0.7912
aihub_raw/surface/Surface_1/Surface_040/MP_SEL_SUR_004137.jpg,none,0.0,,,0.9445
aihub_raw/surface/Surface_1/Surface_040/MP_SEL_SUR_004138.jpg,none,0.0,,,0.9739
aihub_raw/surface/Surface_1/Surface_040/MP_SEL_SUR_004139.jpg,on,0.8183,0.011,1.0,0.1748
aihub_raw/surface/Surface_1/Surface_040/MP_SEL_SUR_004140.jpg,none,0.0,,,0.9365
aihub_raw/surface/Surface_1/Surface_040/MP_SEL_SUR_004141.jpg,none,0.0,,,0.0043
aihub_raw/surface/Surface_1/Surface_040/MP_SEL_SUR_004142.jpg,none,0.0,,,0.9538
aihub_raw/surface/Surface_1/Surface_040/MP_SEL_SUR_004143.jpg,none,0.0,,,0.1186
aihub_raw/surface/Surface_1/Surface_040/MP_SEL_SUR_004144.jpg,none,0.0,,,0.0
aihub_raw/surface/Surface_1/Surface_040/MP_SEL_SUR_004145.jpg,none_far,0.0044,0.03,0.081,0.457
aihub_raw/surface/Surface_1/Surface_040/MP_SEL_SUR_004146.jpg,none,0.0,,,0.1782
aihub_raw/surface/Surface_1/Surface_040/MP_SEL_SUR_004147.jpg,none,0.0,,,0.7601
aihub_raw/surface/Surface_1/Surface_040/MP_SEL_SUR_004148.jpg,none,0.0,,,0.0796
aihub_raw/surface/Surface_1/Surface_040/MP_SEL_SUR_004149.jpg,none,0.0,,,0.5322
aihub_raw/surface/Surface_1/Surface_040/MP_SEL_SUR_004150.jpg,none,0.0,,,0.8521
aihub_raw/surface/Surface_1/Surface_040/MP_SEL_SUR_004151.jpg,none,0.0,,,0.0
aihub_raw/surface/Surface_1/Surface_040/MP_SEL_SUR_004152.jpg,none,0.0,,,0.7293
aihub_raw/surface/Surface_1/Surface_040/MP_SEL_SUR_004153.jpg,none,0.0,,,0.0
aihub_raw/surface/Surface_1/Surface_040/MP_SEL_SUR_004155.jpg,none,0.0,,,0.8288
aihub_raw/surface/Surface_1/Surface_040/MP_SEL_SUR_004156.jpg,none,0.0,,,0.0
aihub_raw/surface/Surface_1/Surface_040/MP_SEL_SUR_004157.jpg,none_far,0.0049,0.004,0.07,0.787
aihub_raw/surface/Surface_1/Surface_040/MP_SEL_SUR_004158.jpg,none,0.0,,,0.8677
aihub_raw/surface/Surface_1/Surface_040/MP_SEL_SUR_004159.jpg,none,0.0,,,0.0
aihub_raw/surface/Surface_1/Surface_040/MP_SEL_SUR_004160.jpg,none,0.0,,,0.9292
aihub_raw/surface/Surface_1/Surface_040/MP_SEL_SUR_004161.jpg,none,0.0,,,0.0
aihub_raw/surface/Surface_1/Surface_040/MP_SEL_SUR_004162.jpg,none,0.0,,,0.8896
aihub_raw/surface/Surface_1/Surface_040/MP_SEL_SUR_004163.jpg,none,0.0,,,0.8513
aihub_raw/surface/Surface_1/Surface_040/MP_SEL_SUR_004164.jpg,none,0.0,,,0.9203
aihub_raw/surface/Surface_1/Surface_040/MP_SEL_SUR_004165.jpg,none,0.0,,,0.0
aihub_raw/surface/Surface_1/Surface_040/MP_SEL_SUR_004166.jpg,none,0.0,,,0.9428
aihub_raw/surface/Surface_1/Surface_040/MP_SEL_SUR_004167.jpg,none,0.0,,,0.8986
aihub_raw/surface/Surface_1/Surface_040/MP_SEL_SUR_004168.jpg,none,0.0,,,0.0
aihub_raw/surface/Surface_1/Surface_040/MP_SEL_SUR_004169.jpg,none,0.0,,,0.9284
aihub_raw/surface/Surface_1/Surface_040/MP_SEL_SUR_004170.jpg,none,0.0,,,0.0
aihub_raw/surface/Surface_1/Surface_040/MP_SEL_SUR_004171.jpg,none,0.0,,,0.0
aihub_raw/surface/Surface_1/Surface_040/MP_SEL_SUR_004172.jpg,none,0.0,,,0.0
aihub_raw/surface/Surface_1/Surface_040/MP_SEL_SUR_004173.jpg,none,0.0,,,0.758
aihub_raw/surface/Surface_1/Surface_040/MP_SEL_SUR_004174.jpg,none,0.0,,,0.9199
aihub_raw/surface/Surface_1/Surface_040/MP_SEL_SUR_004175.jpg,none,0.0,,,0.9625
aihub_raw/surface/Surface_1/Surface_040/MP_SEL_SUR_004176.jpg,none,0.0,,,0.9432
aihub_raw/surface/Surface_1/Surface_040/MP_SEL_SUR_004177.jpg,none,0.0,,,0.9145
aihub_raw/surface/Surface_1/Surface_040/MP_SEL_SUR_004178.jpg,none,0.0,,,0.0
aihub_raw/surface/Surface_1/Surface_040/MP_SEL_SUR_004179.jpg,none,0.0,,,0.0
aihub_raw/surface/Surface_1/Surface_040/MP_SEL_SUR_004180.jpg,none,0.0,,,0.8211
aihub_raw/surface/Surface_1/Surface_040/MP_SEL_SUR_004181.jpg,none,0.0,,,0.8765
aihub_raw/surface/Surface_1/Surface_040/MP_SEL_SUR_004182.jpg,none,0.0,,,0.0
aihub_raw/surface/Surface_1/Surface_040/MP_SEL_SUR_004183.jpg,none,0.0,,,0.0
aihub_raw/surface/Surface_1/Surface_040/MP_SEL_SUR_004184.jpg,none,0.0,,,0.0
aihub_raw/surface/Surface_1/Surface_040/MP_SEL_SUR_004185.jpg,none,0.0,,,0.9623
aihub_raw/surface/Surface_1/Surface_040/MP_SEL_SUR_004186.jpg,none,0.0,,,0.0
aihub_raw/surface/Surface_1/Surface_040/MP_SEL_SUR_004187.jpg,none,0.0,,,1.0
aihub_raw/surface/Surface_1/Surface_040/MP_SEL_SUR_004188.jpg,none,0.0,,,0.7129
aihub_raw/surface/Surface_1/Surface_040/MP_SEL_SUR_004189.jpg,none,0.0,,,0.997
aihub_raw/surface/Surface_1/Surface_040/MP_SEL_SUR_004190.jpg,none,0.0,,,0.7669
aihub_raw/surface/Surface_1/Surface_040/MP_SEL_SUR_004191.jpg,none,0.0,,,0.9196
aihub_raw/surface/Surface_1/Surface_040/MP_SEL_SUR_004192.jpg,none,0.0,,,0.93
aihub_raw/surface/Surface_1/Surface_040/MP_SEL_SUR_004193.jpg,none,0.0,,,0.9855
aihub_raw/surface/Surface_1/Surface_040/MP_SEL_SUR_004194.jpg,none,0.0,,,0.7221
aihub_raw/surface/Surface_1/Surface_040/MP_SEL_SUR_004195.jpg,none,0.0,,,0.9865
aihub_raw/surface/Surface_1/Surface_040/MP_SEL_SUR_004196.jpg,none,0.0,,,0.0
aihub_raw/surface/Surface_1/Surface_040/MP_SEL_SUR_004197.jpg,none,0.0,,,0.8944
aihub_raw/surface/Surface_1/Surface_040/MP_SEL_SUR_004198.jpg,on,0.9902,0.0,1.0,0.0
aihub_raw/surface/Surface_1/Surface_040/MP_SEL_SUR_004199.jpg,none,0.0,,,0.0
aihub_raw/surface/Surface_1/Surface_040/MP_SEL_SUR_004200.jpg,none,0.0,,,0.0
aihub_raw/surface/Surface_1/Surface_040/MP_SEL_SUR_004201.jpg,none,0.0,,,0.8634
aihub_raw/surface/Surface_1/Surface_040/MP_SEL_SUR_004202.jpg,none,0.0,,,0.9362
aihub_raw/surface/Surface_1/Surface_040/MP_SEL_SUR_004203.jpg,none,0.0,,,0.9588
aihub_raw/surface/Surface_1/Surface_040/MP_SEL_SUR_004204.jpg,none,0.0,,,0.4903
aihub_raw/surface/Surface_1/Surface_040/MP_SEL_SUR_004205.jpg,none,0.0,,,0.9406
aihub_raw/surface/Surface_1/Surface_041/MP_SEL_SUR_004206.jpg,none,0.0,,,0.8612
aihub_raw/surface/Surface_1/Surface_041/MP_SEL_SUR_004207.jpg,none,0.0,,,0.9296
aihub_raw/surface/Surface_1/Surface_041/MP_SEL_SUR_004208.jpg,none,0.0,,,0.0003
aihub_raw/surface/Surface_1/Surface_041/MP_SEL_SUR_004209.jpg,none,0.0,,,0.0
aihub_raw/surface/Surface_1/Surface_041/MP_SEL_SUR_004210.jpg,none,0.0,,,0.9378
aihub_raw/surface/Surface_1/Surface_041/MP_SEL_SUR_004211.jpg,none,0.0,,,0.9722
aihub_raw/surface/Surface_1/Surface_041/MP_SEL_SUR_004212.jpg,none,0.0,,,0.9697
aihub_raw/surface/Surface_1/Surface_041/MP_SEL_SUR_004213.jpg,none,0.0,,,0.8756
aihub_raw/surface/Surface_1/Surface_041/MP_SEL_SUR_004214.jpg,none,0.0,,,0.0
aihub_raw/surface/Surface_1/Surface_041/MP_SEL_SUR_004215.jpg,none,0.0,,,0.0
aihub_raw/surface/Surface_1/Surface_041/MP_SEL_SUR_004216.jpg,none,0.0,,,0.932
aihub_raw/surface/Surface_1/Surface_041/MP_SEL_SUR_004217.jpg,none,0.0,,,0.8858
aihub_raw/surface/Surface_1/Surface_041/MP_SEL_SUR_004218.jpg,none,0.0,,,0.8235
aihub_raw/surface/Surface_1/Surface_041/MP_SEL_SUR_004219.jpg,none,0.0,,,0.8126
aihub_raw/surface/Surface_1/Surface_041/MP_SEL_SUR_004220.jpg,none,0.0,,,0.9116
aihub_raw/surface/Surface_1/Surface_041/MP_SEL_SUR_004221.jpg,none,0.0,,,0.9952
aihub_raw/surface/Surface_1/Surface_041/MP_SEL_SUR_004222.jpg,none,0.0,,,0.8906
aihub_raw/surface/Surface_1/Surface_041/MP_SEL_SUR_004223.jpg,approach,0.6794,0.0,0.959,0.255
aihub_raw/surface/Surface_1/Surface_041/MP_SEL_SUR_004224.jpg,none,0.0,,,0.7199
aihub_raw/surface/Surface_1/Surface_041/MP_SEL_SUR_004225.jpg,none,0.0,,,0.1715
aihub_raw/surface/Surface_1/Surface_041/MP_SEL_SUR_004226.jpg,none,0.0,,,1.0
aihub_raw/surface/Surface_1/Surface_041/MP_SEL_SUR_004227.jpg,none,0.0,,,0.9783
aihub_raw/surface/Surface_1/Surface_041/MP_SEL_SUR_004228.jpg,none,0.0,,,0.0
aihub_raw/surface/Surface_1/Surface_041/MP_SEL_SUR_004229.jpg,none,0.0,,,0.9721
aihub_raw/surface/Surface_1/Surface_041/MP_SEL_SUR_004230.jpg,none,0.0,,,0.7572
aihub_raw/surface/Surface_1/Surface_041/MP_SEL_SUR_004231.jpg,none,0.0,,,0.9692
aihub_raw/surface/Surface_1/Surface_041/MP_SEL_SUR_004232.jpg,none,0.0,,,0.951
aihub_raw/surface/Surface_1/Surface_041/MP_SEL_SUR_004233.jpg,none,0.0,,,1.0
aihub_raw/surface/Surface_1/Surface_041/MP_SEL_SUR_004235.jpg,none,0.0,,,0.0
aihub_raw/surface/Surface_1/Surface_041/MP_SEL_SUR_004236.jpg,approach,0.8038,0.0,0.807,0.1944
aihub_raw/surface/Surface_1/Surface_041/MP_SEL_SUR_004237.jpg,none,0.0,,,0.9945
aihub_raw/surface/Surface_1/Surface_041/MP_SEL_SUR_004238.jpg,none,0.0,,,0.0674
aihub_raw/surface/Surface_1/Surface_041/MP_SEL_SUR_004239.jpg,none,0.0,,,0.9219
aihub_raw/surface/Surface_1/Surface_041/MP_SEL_SUR_004240.jpg,none,0.0,,,0.2664
aihub_raw/surface/Surface_1/Surface_041/MP_SEL_SUR_004241.jpg,none,0.0,,,0.9442
aihub_raw/surface/Surface_1/Surface_041/MP_SEL_SUR_004242.jpg,none,0.0,,,0.8596
aihub_raw/surface/Surface_1/Surface_041/MP_SEL_SUR_004243.jpg,none,0.0,,,0.0
aihub_raw/surface/Surface_1/Surface_041/MP_SEL_SUR_004244.jpg,none,0.0,,,0.0
aihub_raw/surface/Surface_1/Surface_041/MP_SEL_SUR_004245.jpg,none,0.0,,,0.9386
aihub_raw/surface/Surface_1/Surface_041/MP_SEL_SUR_004246.jpg,none,0.0,,,0.9941
aihub_raw/surface/Surface_1/Surface_041/MP_SEL_SUR_004247.jpg,none,0.0,,,0.9712
aihub_raw/surface/Surface_1/Surface_041/MP_SEL_SUR_004248.jpg,none,0.0,,,0.9138
aihub_raw/surface/Surface_1/Surface_041/MP_SEL_SUR_004249.jpg,none,0.0,,,0.9873
aihub_raw/surface/Surface_1/Surface_041/MP_SEL_SUR_004250.jpg,none,0.0,,,0.7702
aihub_raw/surface/Surface_1/Surface_041/MP_SEL_SUR_004251.jpg,none,0.0,,,0.7193
aihub_raw/surface/Surface_1/Surface_041/MP_SEL_SUR_004252.jpg,none,0.0,,,0.8596
aihub_raw/surface/Surface_1/Surface_041/MP_SEL_SUR_004253.jpg,none,0.0,,,0.0
aihub_raw/surface/Surface_1/Surface_041/MP_SEL_SUR_004254.jpg,on,0.9873,0.0,1.0,0.0
aihub_raw/surface/Surface_1/Surface_041/MP_SEL_SUR_004255.jpg,on,0.8326,0.0,1.0,0.0
aihub_raw/surface/Surface_1/Surface_041/MP_SEL_SUR_004256.jpg,none,0.0,,,0.9755
aihub_raw/surface/Surface_1/Surface_041/MP_SEL_SUR_004257.jpg,none,0.0,,,0.0
aihub_raw/surface/Surface_1/Surface_041/MP_SEL_SUR_004258.jpg,none,0.0,,,0.0
aihub_raw/surface/Surface_1/Surface_041/MP_SEL_SUR_004259.jpg,none,0.0,,,0.8514
aihub_raw/surface/Surface_1/Surface_041/MP_SEL_SUR_004260.jpg,none,0.0,,,0.9572
aihub_raw/surface/Surface_1/Surface_041/MP_SEL_SUR_004261.jpg,none,0.0,,,0.9908
aihub_raw/surface/Surface_1/Surface_041/MP_SEL_SUR_004262.jpg,none,0.0,,,0.8883
aihub_raw/surface/Surface_1/Surface_041/MP_SEL_SUR_004263.jpg,none,0.0,,,0.9726
aihub_raw/surface/Surface_1/Surface_041/MP_SEL_SUR_004264.jpg,none,0.0,,,0.0
aihub_raw/surface/Surface_1/Surface_041/MP_SEL_SUR_004265.jpg,on,0.9809,0.0,1.0,0.0
aihub_raw/surface/Surface_1/Surface_041/MP_SEL_SUR_004266.jpg,none,0.0,,,0.9286
aihub_raw/surface/Surface_1/Surface_041/MP_SEL_SUR_004267.jpg,none,0.0,,,0.2728
aihub_raw/surface/Surface_1/Surface_041/MP_SEL_SUR_004268.jpg,none,0.0,,,0.8888
aihub_raw/surface/Surface_1/Surface_041/MP_SEL_SUR_004269.jpg,none_far,0.0032,0.07,0.163,0.8684
aihub_raw/surface/Surface_1/Surface_041/MP_SEL_SUR_004270.jpg,none,0.0,,,0.0
aihub_raw/surface/Surface_1/Surface_041/MP_SEL_SUR_004271.jpg,none,0.0,,,0.0
aihub_raw/surface/Surface_1/Surface_041/MP_SEL_SUR_004272.jpg,none,0.0,,,0.0
aihub_raw/surface/Surface_1/Surface_041/MP_SEL_SUR_004273.jpg,none,0.0,,,0.9642
aihub_raw/surface/Surface_1/Surface_041/MP_SEL_SUR_004274.jpg,none,0.0,,,0.9624
aihub_raw/surface/Surface_1/Surface_041/MP_SEL_SUR_004275.jpg,none,0.0,,,0.72
aihub_raw/surface/Surface_1/Surface_041/MP_SEL_SUR_004276.jpg,none,0.0,,,0.3832
aihub_raw/surface/Surface_1/Surface_041/MP_SEL_SUR_004277.jpg,none,0.0,,,0.9442
aihub_raw/surface/Surface_1/Surface_041/MP_SEL_SUR_004279.jpg,none,0.0,,,0.0
aihub_raw/surface/Surface_1/Surface_041/MP_SEL_SUR_004280.jpg,none,0.0,,,0.8852
aihub_raw/surface/Surface_1/Surface_041/MP_SEL_SUR_004281.jpg,none,0.0,,,0.0
aihub_raw/surface/Surface_1/Surface_041/MP_SEL_SUR_004282.jpg,none,0.0,,,0.802
aihub_raw/surface/Surface_1/Surface_041/MP_SEL_SUR_004283.jpg,none,0.0,,,0.0
aihub_raw/surface/Surface_1/Surface_041/MP_SEL_SUR_004284.jpg,none,0.0,,,0.7113
aihub_raw/surface/Surface_1/Surface_042/MP_SEL_SUR_004286.jpg,none,0.0,,,0.7358
aihub_raw/surface/Surface_1/Surface_042/MP_SEL_SUR_004287.jpg,none,0.0,,,0.9912
aihub_raw/surface/Surface_1/Surface_042/MP_SEL_SUR_004288.jpg,none,0.0,,,0.9662
aihub_raw/surface/Surface_1/Surface_042/MP_SEL_SUR_004289.jpg,none,0.0,,,0.9952
aihub_raw/surface/Surface_1/Surface_042/MP_SEL_SUR_004290.jpg,none,0.0,,,0.0
aihub_raw/surface/Surface_1/Surface_042/MP_SEL_SUR_004291.jpg,none,0.0,,,0.0
aihub_raw/surface/Surface_1/Surface_042/MP_SEL_SUR_004292.jpg,none,0.0,,,0.8564
aihub_raw/surface/Surface_1/Surface_042/MP_SEL_SUR_004293.jpg,none,0.0,,,0.0
aihub_raw/surface/Surface_1/Surface_042/MP_SEL_SUR_004294.jpg,none,0.0,,,0.0
aihub_raw/surface/Surface_1/Surface_042/MP_SEL_SUR_004295.jpg,none,0.0,,,0.973
aihub_raw/surface/Surface_1/Surface_042/MP_SEL_SUR_004296.jpg,none,0.0,,,0.9602
aihub_raw/surface/Surface_1/Surface_042/MP_SEL_SUR_004297.jpg,none,0.0,,,0.9839
aihub_raw/surface/Surface_1/Surface_042/MP_SEL_SUR_004298.jpg,none,0.0,,,0.6538
aihub_raw/surface/Surface_1/Surface_042/MP_SEL_SUR_004299.jpg,none,0.0,,,0.6036
aihub_raw/surface/Surface_1/Surface_042/MP_SEL_SUR_004300.jpg,none,0.0,,,0.0006
aihub_raw/surface/Surface_1/Surface_042/MP_SEL_SUR_004301.jpg,none,0.0,,,0.0
aihub_raw/surface/Surface_1/Surface_042/MP_SEL_SUR_004302.jpg,none,0.0,,,0.9608
aihub_raw/surface/Surface_1/Surface_042/MP_SEL_SUR_004303.jpg,none,0.0,,,0.9936
aihub_raw/surface/Surface_1/Surface_042/MP_SEL_SUR_004304.jpg,none,0.0,,,0.0966
aihub_raw/surface/Surface_1/Surface_042/MP_SEL_SUR_004305.jpg,none,0.0,,,0.9962
aihub_raw/surface/Surface_1/Surface_042/MP_SEL_SUR_004306.jpg,none,0.0,,,0.8199
aihub_raw/surface/Surface_1/Surface_042/MP_SEL_SUR_004307.jpg,none,0.0,,,0.9264
aihub_raw/surface/Surface_1/Surface_042/MP_SEL_SUR_004308.jpg,none,0.0,,,0.9748
aihub_raw/surface/Surface_1/Surface_042/MP_SEL_SUR_004309.jpg,none,0.0,,,0.0
aihub_raw/surface/Surface_1/Surface_042/MP_SEL_SUR_004310.jpg,none,0.0,,,0.0
aihub_raw/surface/Surface_1/Surface_042/MP_SEL_SUR_004311.jpg,none,0.0,,,0.636
aihub_raw/surface/Surface_1/Surface_042/MP_SEL_SUR_004312.jpg,none,0.0,,,0.9018
aihub_raw/surface/Surface_1/Surface_042/MP_SEL_SUR_004313.jpg,none,0.0,,,0.0
aihub_raw/surface/Surface_1/Surface_042/MP_SEL_SUR_004314.jpg,none,0.0,,,0.0
aihub_raw/surface/Surface_1/Surface_042/MP_SEL_SUR_004315.jpg,none,0.0,,,0.8865
aihub_raw/surface/Surface_1/Surface_042/MP_SEL_SUR_004316.jpg,none,0.0,,,0.4787
aihub_raw/surface/Surface_1/Surface_042/MP_SEL_SUR_004317.jpg,none,0.0,,,0.9735
aihub_raw/surface/Surface_1/Surface_042/MP_SEL_SUR_004318.jpg,none,0.0,,,0.6552
aihub_raw/surface/Surface_1/Surface_042/MP_SEL_SUR_004319.jpg,none,0.0,,,0.8826
aihub_raw/surface/Surface_1/Surface_042/MP_SEL_SUR_004320.jpg,none,0.0,,,0.8865
aihub_raw/surface/Surface_1/Surface_042/MP_SEL_SUR_004321.jpg,none,0.0,,,0.973
aihub_raw/surface/Surface_1/Surface_042/MP_SEL_SUR_004322.jpg,none,0.0,,,0.0
aihub_raw/surface/Surface_1/Surface_042/MP_SEL_SUR_004323.jpg,none,0.0,,,0.9963
aihub_raw/surface/Surface_1/Surface_042/MP_SEL_SUR_004324.jpg,none,0.0,,,0.0
aihub_raw/surface/Surface_1/Surface_042/MP_SEL_SUR_004325.jpg,none,0.0,,,0.2438
aihub_raw/surface/Surface_1/Surface_042/MP_SEL_SUR_004327.jpg,none,0.0,,,0.9868
aihub_raw/surface/Surface_1/Surface_042/MP_SEL_SUR_004328.jpg,none,0.0,,,0.7327
aihub_raw/surface/Surface_1/Surface_042/MP_SEL_SUR_004329.jpg,none,0.0,,,0.0
aihub_raw/surface/Surface_1/Surface_042/MP_SEL_SUR_004330.jpg,none,0.0,,,0.0
aihub_raw/surface/Surface_1/Surface_042/MP_SEL_SUR_004331.jpg,none,0.0,,,0.0
aihub_raw/surface/Surface_1/Surface_042/MP_SEL_SUR_004332.jpg,none,0.0,,,1.0
aihub_raw/surface/Surface_1/Surface_042/MP_SEL_SUR_004333.jpg,none,0.0,,,0.9639
aihub_raw/surface/Surface_1/Surface_042/MP_SEL_SUR_004334.jpg,none,0.0,,,0.875
aihub_raw/surface/Surface_1/Surface_042/MP_SEL_SUR_004335.jpg,none,0.0,,,0.7136
aihub_raw/surface/Surface_1/Surface_042/MP_SEL_SUR_004336.jpg,none,0.0,,,0.8919
aihub_raw/surface/Surface_1/Surface_042/MP_SEL_SUR_004337.jpg,none,0.0,,,0.0
aihub_raw/surface/Surface_1/Surface_042/MP_SEL_SUR_004338.jpg,none,0.0,,,0.9752
aihub_raw/surface/Surface_1/Surface_042/MP_SEL_SUR_004339.jpg,none,0.0,,,0.8461
aihub_raw/surface/Surface_1/Surface_042/MP_SEL_SUR_004340.jpg,none,0.0,,,0.0
aihub_raw/surface/Surface_1/Surface_042/MP_SEL_SUR_004341.jpg,none,0.0,,,0.0
aihub_raw/surface/Surface_1/Surface_042/MP_SEL_SUR_004342.jpg,none,0.0,,,0.0
aihub_raw/surface/Surface_1/Surface_042/MP_SEL_SUR_004343.jpg,none,0.0,,,0.761
aihub_raw/surface/Surface_1/Surface_042/MP_SEL_SUR_004344.jpg,none,0.0,,,0.0
aihub_raw/surface/Surface_1/Surface_042/MP_SEL_SUR_004345.jpg,none_far,0.0036,0.03,0.048,0.6201
aihub_raw/surface/Surface_1/Surface_042/MP_SEL_SUR_004346.jpg,none,0.0,,,1.0
aihub_raw/surface/Surface_1/Surface_042/MP_SEL_SUR_004347.jpg,none_far,0.0565,0.141,0.507,0.5986
aihub_raw/surface/Surface_1/Surface_042/MP_SEL_SUR_004348.jpg,none,0.0,,,0.8963
aihub_raw/surface/Surface_1/Surface_042/MP_SEL_SUR_004349.jpg,none,0.0,,,0.0
aihub_raw/surface/Surface_1/Surface_042/MP_SEL_SUR_004351.jpg,none,0.0,,,0.7631
aihub_raw/surface/Surface_1/Surface_042/MP_SEL_SUR_004352.jpg,none,0.0,,,0.8917
aihub_raw/surface/Surface_1/Surface_042/MP_SEL_SUR_004353.jpg,none,0.0,,,0.9563
aihub_raw/surface/Surface_1/Surface_042/MP_SEL_SUR_004354.jpg,none,0.0,,,1.0
aihub_raw/surface/Surface_1/Surface_042/MP_SEL_SUR_004355.jpg,none,0.0,,,0.8421
aihub_raw/surface/Surface_1/Surface_042/MP_SEL_SUR_004356.jpg,none_far,0.0032,0.0,0.03,0.9169
aihub_raw/surface/Surface_1/Surface_042/MP_SEL_SUR_004357.jpg,none,0.0,,,0.0
aihub_raw/surface/Surface_1/Surface_042/MP_SEL_SUR_004358.jpg,none,0.0,,,0.6213
aihub_raw/surface/Surface_1/Surface_042/MP_SEL_SUR_004359.jpg,none,0.0,,,0.0
aihub_raw/surface/Surface_1/Surface_042/MP_SEL_SUR_004360.jpg,none,0.0,,,0.0
aihub_raw/surface/Surface_1/Surface_042/MP_SEL_SUR_004361.jpg,none,0.0,,,0.921
aihub_raw/surface/Surface_1/Surface_042/MP_SEL_SUR_004362.jpg,none,0.0,,,0.7831
aihub_raw/surface/Surface_1/Surface_042/MP_SEL_SUR_004363.jpg,none,0.0,,,0.9849
aihub_raw/surface/Surface_1/Surface_042/MP_SEL_SUR_004364.jpg,none,0.0,,,0.9999
aihub_raw/surface/Surface_1/Surface_042/MP_SEL_SUR_004365.jpg,none,0.0,,,0.0
aihub_raw/surface/Surface_1/Surface_043/MP_SEL_SUR_004366.jpg,none,0.0,,,0.9041
aihub_raw/surface/Surface_1/Surface_043/MP_SEL_SUR_004367.jpg,none,0.0,,,0.0
aihub_raw/surface/Surface_1/Surface_043/MP_SEL_SUR_004368.jpg,none,0.0,,,0.7875
aihub_raw/surface/Surface_1/Surface_043/MP_SEL_SUR_004369.jpg,none,0.0,,,0.973
aihub_raw/surface/Surface_1/Surface_043/MP_SEL_SUR_004370.jpg,none,0.0,,,0.0
aihub_raw/surface/Surface_1/Surface_043/MP_SEL_SUR_004371.jpg,none,0.0,,,0.9923
aihub_raw/surface/Surface_1/Surface_043/MP_SEL_SUR_004372.jpg,none,0.0,,,0.0
aihub_raw/surface/Surface_1/Surface_043/MP_SEL_SUR_004373.jpg,none,0.0,,,0.8062
aihub_raw/surface/Surface_1/Surface_043/MP_SEL_SUR_004374.jpg,none,0.0,,,0.9385
aihub_raw/surface/Surface_1/Surface_043/MP_SEL_SUR_004375.jpg,none,0.0,,,0.0267
aihub_raw/surface/Surface_1/Surface_043/MP_SEL_SUR_004376.jpg,none,0.0,,,0.669
aihub_raw/surface/Surface_1/Surface_043/MP_SEL_SUR_004378.jpg,none,0.0,,,0.928
aihub_raw/surface/Surface_1/Surface_043/MP_SEL_SUR_004379.jpg,none,0.0,,,0.9671
aihub_raw/surface/Surface_1/Surface_043/MP_SEL_SUR_004380.jpg,none,0.0,,,0.929
aihub_raw/surface/Surface_1/Surface_043/MP_SEL_SUR_004381.jpg,none,0.0,,,0.9752
aihub_raw/surface/Surface_1/Surface_043/MP_SEL_SUR_004382.jpg,none,0.0,,,0.8358
aihub_raw/surface/Surface_1/Surface_043/MP_SEL_SUR_004383.jpg,none,0.0,,,0.0
aihub_raw/surface/Surface_1/Surface_043/MP_SEL_SUR_004384.jpg,none,0.0,,,0.0
aihub_raw/surface/Surface_1/Surface_043/MP_SEL_SUR_004385.jpg,none,0.0,,,0.2275
aihub_raw/surface/Surface_1/Surface_043/MP_SEL_SUR_004386.jpg,none,0.0,,,0.0
aihub_raw/surface/Surface_1/Surface_043/MP_SEL_SUR_004387.jpg,none,0.0,,,0.9919
aihub_raw/surface/Surface_1/Surface_043/MP_SEL_SUR_004388.jpg,none,0.0,,,0.9679
aihub_raw/surface/Surface_1/Surface_043/MP_SEL_SUR_004389.jpg,none,0.0,,,0.0
aihub_raw/surface/Surface_1/Surface_043/MP_SEL_SUR_004390.jpg,none_far,0.2734,0.0,0.37,0.7055
aihub_raw/surface/Surface_1/Surface_043/MP_SEL_SUR_004391.jpg,none,0.0,,,0.0
aihub_raw/surface/Surface_1/Surface_043/MP_SEL_SUR_004392.jpg,none,0.0,,,0.9822
aihub_raw/surface/Surface_1/Surface_043/MP_SEL_SUR_004393.jpg,none,0.0,,,0.0
aihub_raw/surface/Surface_1/Surface_043/MP_SEL_SUR_004394.jpg,none,0.0,,,0.8257
aihub_raw/surface/Surface_1/Surface_043/MP_SEL_SUR_004395.jpg,none,0.0,,,0.7857
aihub_raw/surface/Surface_1/Surface_043/MP_SEL_SUR_004396.jpg,none,0.0,,,0.0
aihub_raw/surface/Surface_1/Surface_043/MP_SEL_SUR_004397.jpg,none,0.0,,,0.9849
aihub_raw/surface/Surface_1/Surface_043/MP_SEL_SUR_004398.jpg,none,0.0,,,0.9345
aihub_raw/surface/Surface_1/Surface_043/MP_SEL_SUR_004399.jpg,none,0.0,,,0.9755
aihub_raw/surface/Surface_1/Surface_043/MP_SEL_SUR_004400.jpg,none,0.0,,,0.9113
aihub_raw/surface/Surface_1/Surface_043/MP_SEL_SUR_004401.jpg,none,0.0,,,0.791
aihub_raw/surface/Surface_1/Surface_043/MP_SEL_SUR_004402.jpg,none,0.0,,,0.9927
aihub_raw/surface/Surface_1/Surface_043/MP_SEL_SUR_004403.jpg,none,0.0,,,0.0173
aihub_raw/surface/Surface_1/Surface_043/MP_SEL_SUR_004404.jpg,none,0.0,,,0.628
aihub_raw/surface/Surface_1/Surface_043/MP_SEL_SUR_004405.jpg,none,0.0,,,0.8745
aihub_raw/surface/Surface_1/Surface_043/MP_SEL_SUR_004406.jpg,none,0.0,,,0.0
aihub_raw/surface/Surface_1/Surface_043/MP_SEL_SUR_004407.jpg,none_far,0.0033,0.0,0.059,0.9088
aihub_raw/surface/Surface_1/Surface_043/MP_SEL_SUR_004408.jpg,none,0.0,,,0.9565
aihub_raw/surface/Surface_1/Surface_043/MP_SEL_SUR_004409.jpg,none,0.0,,,0.9945
aihub_raw/surface/Surface_1/Surface_043/MP_SEL_SUR_004410.jpg,none,0.0,,,0.818
aihub_raw/surface/Surface_1/Surface_043/MP_SEL_SUR_004411.jpg,none,0.0,,,0.0
aihub_raw/surface/Surface_1/Surface_043/MP_SEL_SUR_004412.jpg,none,0.0,,,0.9467
aihub_raw/surface/Surface_1/Surface_043/MP_SEL_SUR_004413.jpg,none,0.0,,,0.0
aihub_raw/surface/Surface_1/Surface_043/MP_SEL_SUR_004414.jpg,none,0.0,,,0.8953
aihub_raw/surface/Surface_1/Surface_043/MP_SEL_SUR_004415.jpg,none,0.0,,,0.5177
aihub_raw/surface/Surface_1/Surface_043/MP_SEL_SUR_004416.jpg,none,0.0,,,0.875
aihub_raw/surface/Surface_1/Surface_043/MP_SEL_SUR_004417.jpg,none,0.0,,,0.9829
aihub_raw/surface/Surface_1/Surface_043/MP_SEL_SUR_004418.jpg,approach,0.4472,0.026,0.667,0.3705
aihub_raw/surface/Surface_1/Surface_043/MP_SEL_SUR_004419.jpg,none,0.0,,,0.0
aihub_raw/surface/Surface_1/Surface_043/MP_SEL_SUR_004420.jpg,none,0.0,,,0.9053
aihub_raw/surface/Surface_1/Surface_043/MP_SEL_SUR_004421.jpg,none,0.0,,,0.0
aihub_raw/surface/Surface_1/Surface_043/MP_SEL_SUR_004422.jpg,none,0.0,,,0.0
aihub_raw/surface/Surface_1/Surface_043/MP_SEL_SUR_004423.jpg,none,0.0,,,0.9889
aihub_raw/surface/Surface_1/Surface_043/MP_SEL_SUR_004424.jpg,none,0.0,,,0.98
aihub_raw/surface/Surface_1/Surface_043/MP_SEL_SUR_004425.jpg,none,0.0,,,0.0
aihub_raw/surface/Surface_1/Surface_043/MP_SEL_SUR_004426.jpg,none,0.0,,,0.0054
aihub_raw/surface/Surface_1/Surface_043/MP_SEL_SUR_004427.jpg,none,0.0,,,0.6438
aihub_raw/surface/Surface_1/Surface_043/MP_SEL_SUR_004428.jpg,none,0.0,,,0.9312
aihub_raw/surface/Surface_1/Surface_043/MP_SEL_SUR_004429.jpg,none,0.0,,,0.7791
aihub_raw/surface/Surface_1/Surface_043/MP_SEL_SUR_004430.jpg,none,0.0,,,1.0
aihub_raw/surface/Surface_1/Surface_043/MP_SEL_SUR_004431.jpg,none,0.0,,,0.9348
aihub_raw/surface/Surface_1/Surface_043/MP_SEL_SUR_004432.jpg,on,0.4835,0.167,1.0,0.0902
aihub_raw/surface/Surface_1/Surface_043/MP_SEL_SUR_004433.jpg,none,0.0,,,0.0
aihub_raw/surface/Surface_1/Surface_043/MP_SEL_SUR_004434.jpg,none,0.0,,,0.8941
aihub_raw/surface/Surface_1/Surface_043/MP_SEL_SUR_004435.jpg,none,0.0,,,0.0
aihub_raw/surface/Surface_1/Surface_043/MP_SEL_SUR_004436.jpg,none,0.0,,,0.94
aihub_raw/surface/Surface_1/Surface_043/MP_SEL_SUR_004437.jpg,none,0.0,,,0.6991
aihub_raw/surface/Surface_1/Surface_043/MP_SEL_SUR_004438.jpg,none,0.0,,,0.9497
aihub_raw/surface/Surface_1/Surface_043/MP_SEL_SUR_004439.jpg,none,0.0,,,0.8595
aihub_raw/surface/Surface_1/Surface_043/MP_SEL_SUR_004440.jpg,none,0.0,,,1.0
aihub_raw/surface/Surface_1/Surface_043/MP_SEL_SUR_004441.jpg,none,0.0,,,0.0
aihub_raw/surface/Surface_1/Surface_043/MP_SEL_SUR_004442.jpg,none,0.0,,,0.0006
aihub_raw/surface/Surface_1/Surface_043/MP_SEL_SUR_004443.jpg,approach,0.5562,0.189,0.911,0.1885
aihub_raw/surface/Surface_1/Surface_043/MP_SEL_SUR_004444.jpg,none_far,0.0126,0.115,0.204,0.8135
aihub_raw/surface/Surface_1/Surface_043/MP_SEL_SUR_004445.jpg,none,0.0,,,0.8704
aihub_raw/surface/Surface_1/Surface_044/MP_SEL_SUR_004446.jpg,none,0.0,,,0.0
aihub_raw/surface/Surface_1/Surface_044/MP_SEL_SUR_004447.jpg,none,0.0,,,0.6869
aihub_raw/surface/Surface_1/Surface_044/MP_SEL_SUR_004449.jpg,none,0.0,,,0.7905
aihub_raw/surface/Surface_1/Surface_044/MP_SEL_SUR_004450.jpg,none,0.0,,,0.0
aihub_raw/surface/Surface_1/Surface_044/MP_SEL_SUR_004451.jpg,none,0.0,,,0.0
aihub_raw/surface/Surface_1/Surface_044/MP_SEL_SUR_004452.jpg,none,0.0,,,0.9548
aihub_raw/surface/Surface_1/Surface_044/MP_SEL_SUR_004453.jpg,none,0.0,,,1.0
aihub_raw/surface/Surface_1/Surface_044/MP_SEL_SUR_004454.jpg,none,0.0,,,0.0539
aihub_raw/surface/Surface_1/Surface_044/MP_SEL_SUR_004455.jpg,none,0.0,,,0.7091
aihub_raw/surface/Surface_1/Surface_044/MP_SEL_SUR_004456.jpg,none,0.0,,,0.0105
aihub_raw/surface/Surface_1/Surface_044/MP_SEL_SUR_004457.jpg,none,0.0,,,0.9102
aihub_raw/surface/Surface_1/Surface_044/MP_SEL_SUR_004458.jpg,none,0.0,,,0.0
aihub_raw/surface/Surface_1/Surface_044/MP_SEL_SUR_004459.jpg,none,0.0,,,0.0
aihub_raw/surface/Surface_1/Surface_044/MP_SEL_SUR_004460.jpg,on,0.7538,0.185,1.0,0.0957
aihub_raw/surface/Surface_1/Surface_044/MP_SEL_SUR_004461.jpg,none,0.0,,,0.0238
aihub_raw/surface/Surface_1/Surface_044/MP_SEL_SUR_004462.jpg,none,0.0,,,0.958
aihub_raw/surface/Surface_1/Surface_044/MP_SEL_SUR_004463.jpg,none,0.0,,,0.6445
aihub_raw/surface/Surface_1/Surface_044/MP_SEL_SUR_004464.jpg,none,0.0,,,0.8818
aihub_raw/surface/Surface_1/Surface_044/MP_SEL_SUR_004465.jpg,none,0.0,,,0.1392
aihub_raw/surface/Surface_1/Surface_044/MP_SEL_SUR_004466.jpg,none,0.0,,,0.0
aihub_raw/surface/Surface_1/Surface_044/MP_SEL_SUR_004467.jpg,none,0.0,,,0.0
aihub_raw/surface/Surface_1/Surface_044/MP_SEL_SUR_004468.jpg,none,0.0,,,0.9775
aihub_raw/surface/Surface_1/Surface_044/MP_SEL_SUR_004469.jpg,none,0.0,,,0.1415
aihub_raw/surface/Surface_1/Surface_044/MP_SEL_SUR_004470.jpg,none,0.0,,,0.8058
aihub_raw/surface/Surface_1/Surface_044/MP_SEL_SUR_004471.jpg,on,0.6654,0.004,1.0,0.0349
aihub_raw/surface/Surface_1/Surface_044/MP_SEL_SUR_004472.jpg,none,0.0,,,0.7733
aihub_raw/surface/Surface_1/Surface_044/MP_SEL_SUR_004473.jpg,none,0.0,,,0.9437
aihub_raw/surface/Surface_1/Surface_044/MP_SEL_SUR_004474.jpg,none,0.0,,,0.9592
aihub_raw/surface/Surface_1/Surface_044/MP_SEL_SUR_004475.jpg,none,0.0,,,0.908
aihub_raw/surface/Surface_1/Surface_044/MP_SEL_SUR_004476.jpg,none,0.0,,,0.8496
aihub_raw/surface/Surface_1/Surface_044/MP_SEL_SUR_004477.jpg,none,0.0,,,0.0
aihub_raw/surface/Surface_1/Surface_044/MP_SEL_SUR_004478.jpg,none,0.0,,,0.8314
aihub_raw/surface/Surface_1/Surface_044/MP_SEL_SUR_004479.jpg,none_far,0.0213,0.048,0.219,0.7382
aihub_raw/surface/Surface_1/Surface_044/MP_SEL_SUR_004480.jpg,none,0.0,,,0.8312
aihub_raw/surface/Surface_1/Surface_044/MP_SEL_SUR_004481.jpg,none,0.0,,,0.7273
aihub_raw/surface/Surface_1/Surface_044/MP_SEL_SUR_004482.jpg,none,0.0,,,0.7419
aihub_raw/surface/Surface_1/Surface_044/MP_SEL_SUR_004483.jpg,none,0.0,,,0.2107
aihub_raw/surface/Surface_1/Surface_044/MP_SEL_SUR_004484.jpg,none,0.0,,,0.9988
aihub_raw/surface/Surface_1/Surface_044/MP_SEL_SUR_004485.jpg,none,0.0,,,0.7432
aihub_raw/surface/Surface_1/Surface_044/MP_SEL_SUR_004486.jpg,none,0.0,,,0.621
aihub_raw/surface/Surface_1/Surface_044/MP_SEL_SUR_004487.jpg,none,0.0,,,0.9774
aihub_raw/surface/Surface_1/Surface_044/MP_SEL_SUR_004488.jpg,none,0.0,,,0.4768
aihub_raw/surface/Surface_1/Surface_044/MP_SEL_SUR_004489.jpg,none,0.0,,,0.9163
aihub_raw/surface/Surface_1/Surface_044/MP_SEL_SUR_004490.jpg,none,0.0,,,0.0
aihub_raw/surface/Surface_1/Surface_044/MP_SEL_SUR_004491.jpg,none,0.0,,,0.2353
aihub_raw/surface/Surface_1/Surface_044/MP_SEL_SUR_004492.jpg,none,0.0,,,0.9252
aihub_raw/surface/Surface_1/Surface_044/MP_SEL_SUR_004493.jpg,none,0.0,,,0.0
aihub_raw/surface/Surface_1/Surface_044/MP_SEL_SUR_004494.jpg,none,0.0,,,0.0
aihub_raw/surface/Surface_1/Surface_044/MP_SEL_SUR_004495.jpg,none,0.0,,,0.9583
aihub_raw/surface/Surface_1/Surface_044/MP_SEL_SUR_004496.jpg,none,0.0,,,0.7401
aihub_raw/surface/Surface_1/Surface_044/MP_SEL_SUR_004497.jpg,none,0.0,,,0.9957
aihub_raw/surface/Surface_1/Surface_044/MP_SEL_SUR_004498.jpg,none,0.0,,,0.0
aihub_raw/surface/Surface_1/Surface_044/MP_SEL_SUR_004499.jpg,none,0.0,,,0.8697
aihub_raw/surface/Surface_1/Surface_044/MP_SEL_SUR_004500.jpg,none,0.0,,,0.0005
aihub_raw/surface/Surface_1/Surface_044/MP_SEL_SUR_004501.jpg,none,0.0,,,0.0
aihub_raw/surface/Surface_1/Surface_044/MP_SEL_SUR_004502.jpg,none,0.0,,,0.7678
aihub_raw/surface/Surface_1/Surface_044/MP_SEL_SUR_004503.jpg,on,0.962,0.0,1.0,0.0
aihub_raw/surface/Surface_1/Surface_044/MP_SEL_SUR_004504.jpg,none,0.0,,,0.9913
aihub_raw/surface/Surface_1/Surface_044/MP_SEL_SUR_004505.jpg,none,0.0,,,0.0
aihub_raw/surface/Surface_1/Surface_044/MP_SEL_SUR_004506.jpg,none,0.0,,,0.9616
aihub_raw/surface/Surface_1/Surface_044/MP_SEL_SUR_004507.jpg,none,0.0,,,0.7487
aihub_raw/surface/Surface_1/Surface_044/MP_SEL_SUR_004508.jpg,none,0.0,,,0.8508
aihub_raw/surface/Surface_1/Surface_044/MP_SEL_SUR_004509.jpg,none,0.0,,,0.0721
aihub_raw/surface/Surface_1/Surface_044/MP_SEL_SUR_004510.jpg,none,0.0,,,0.9407
aihub_raw/surface/Surface_1/Surface_044/MP_SEL_SUR_004511.jpg,none,0.0,,,0.8874
aihub_raw/surface/Surface_1/Surface_044/MP_SEL_SUR_004512.jpg,none,0.0,,,0.0
aihub_raw/surface/Surface_1/Surface_044/MP_SEL_SUR_004513.jpg,none,0.0,,,0.9984
aihub_raw/surface/Surface_1/Surface_044/MP_SEL_SUR_004514.jpg,none,0.0,,,0.0
aihub_raw/surface/Surface_1/Surface_044/MP_SEL_SUR_004515.jpg,none,0.0,,,0.0
aihub_raw/surface/Surface_1/Surface_044/MP_SEL_SUR_004516.jpg,none,0.0,,,0.0015
aihub_raw/surface/Surface_1/Surface_044/MP_SEL_SUR_004517.jpg,none,0.0,,,0.0
aihub_raw/surface/Surface_1/Surface_044/MP_SEL_SUR_004518.jpg,none,0.0,,,0.0
aihub_raw/surface/Surface_1/Surface_044/MP_SEL_SUR_004519.jpg,none,0.0,,,0.5986
aihub_raw/surface/Surface_1/Surface_044/MP_SEL_SUR_004520.jpg,none,0.0,,,0.9658
aihub_raw/surface/Surface_1/Surface_044/MP_SEL_SUR_004521.jpg,none,0.0,,,0.996
aihub_raw/surface/Surface_1/Surface_044/MP_SEL_SUR_004522.jpg,none,0.0,,,0.429
aihub_raw/surface/Surface_1/Surface_044/MP_SEL_SUR_004523.jpg,none,0.0,,,0.0
aihub_raw/surface/Surface_1/Surface_044/MP_SEL_SUR_004524.jpg,none,0.0,,,0.9372
aihub_raw/surface/Surface_1/Surface_044/MP_SEL_SUR_004525.jpg,none,0.0,,,0.963
aihub_raw/surface/Surface_1/Surface_044/MP_SEL_SUR_004526.jpg,none,0.0,,,0.0
aihub_raw/surface/Surface_1/Surface_045/MP_SEL_SUR_004527.jpg,none,0.0,,,0.047
aihub_raw/surface/Surface_1/Surface_045/MP_SEL_SUR_004529.jpg,none,0.0,,,0.0
aihub_raw/surface/Surface_1/Surface_045/MP_SEL_SUR_004530.jpg,none,0.0,,,0.0
aihub_raw/surface/Surface_1/Surface_045/MP_SEL_SUR_004531.jpg,none,0.0,,,0.8494
aihub_raw/surface/Surface_1/Surface_045/MP_SEL_SUR_004532.jpg,none,0.0,,,0.9051
aihub_raw/surface/Surface_1/Surface_045/MP_SEL_SUR_004533.jpg,none,0.0,,,0.8152
aihub_raw/surface/Surface_1/Surface_045/MP_SEL_SUR_004534.jpg,on,0.8799,0.0,1.0,0.0547
aihub_raw/surface/Surface_1/Surface_045/MP_SEL_SUR_004535.jpg,none,0.0,,,0.8009
aihub_raw/surface/Surface_1/Surface_045/MP_SEL_SUR_004536.jpg,none,0.0,,,0.0
aihub_raw/surface/Surface_1/Surface_045/MP_SEL_SUR_004537.jpg,none,0.0,,,0.9999
aihub_raw/surface/Surface_1/Surface_045/MP_SEL_SUR_004538.jpg,none,0.0,,,0.0
aihub_raw/surface/Surface_1/Surface_045/MP_SEL_SUR_004539.jpg,none,0.0,,,1.0
aihub_raw/surface/Surface_1/Surface_045/MP_SEL_SUR_004540.jpg,none,0.0,,,0.918
aihub_raw/surface/Surface_1/Surface_045/MP_SEL_SUR_004541.jpg,approach,0.5895,0.0,0.6,0.4083
aihub_raw/surface/Surface_1/Surface_045/MP_SEL_SUR_004542.jpg,approach,0.56,0.0,0.685,0.3318
aihub_raw/surface/Surface_1/Surface_045/MP_SEL_SUR_004543.jpg,none,0.0,,,0.9773
aihub_raw/surface/Surface_1/Surface_045/MP_SEL_SUR_004544.jpg,none,0.0,,,0.023
aihub_raw/surface/Surface_1/Surface_045/MP_SEL_SUR_004545.jpg,none,0.0,,,0.9699
aihub_raw/surface/Surface_1/Surface_045/MP_SEL_SUR_004546.jpg,none,0.0,,,0.9871
aihub_raw/surface/Surface_1/Surface_045/MP_SEL_SUR_004547.jpg,none,0.0,,,0.0
aihub_raw/surface/Surface_1/Surface_045/MP_SEL_SUR_004548.jpg,none,0.0,,,0.9992
aihub_raw/surface/Surface_1/Surface_045/MP_SEL_SUR_004549.jpg,none,0.0,,,0.9652
aihub_raw/surface/Surface_1/Surface_045/MP_SEL_SUR_004550.jpg,none,0.0,,,0.0
aihub_raw/surface/Surface_1/Surface_045/MP_SEL_SUR_004551.jpg,none,0.0,,,0.9662
aihub_raw/surface/Surface_1/Surface_045/MP_SEL_SUR_004552.jpg,none,0.0,,,0.0
aihub_raw/surface/Surface_1/Surface_045/MP_SEL_SUR_004553.jpg,none,0.0,,,0.0
aihub_raw/surface/Surface_1/Surface_045/MP_SEL_SUR_004554.jpg,none,0.0,,,0.366
aihub_raw/surface/Surface_1/Surface_045/MP_SEL_SUR_004555.jpg,none,0.0,,,0.9653
aihub_raw/surface/Surface_1/Surface_045/MP_SEL_SUR_004556.jpg,none,0.0,,,0.7234
aihub_raw/surface/Surface_1/Surface_045/MP_SEL_SUR_004557.jpg,none,0.0,,,0.9354
aihub_raw/surface/Surface_1/Surface_045/MP_SEL_SUR_004558.jpg,none,0.0,,,0.9009
aihub_raw/surface/Surface_1/Surface_045/MP_SEL_SUR_004559.jpg,none,0.0,,,0.9805
aihub_raw/surface/Surface_1/Surface_045/MP_SEL_SUR_004560.jpg,none,0.0,,,0.904
aihub_raw/surface/Surface_1/Surface_045/MP_SEL_SUR_004561.jpg,none,0.0,,,0.7886
aihub_raw/surface/Surface_1/Surface_045/MP_SEL_SUR_004562.jpg,none,0.0,,,0.9623
aihub_raw/surface/Surface_1/Surface_045/MP_SEL_SUR_004563.jpg,none,0.0,,,0.9783
aihub_raw/surface/Surface_1/Surface_045/MP_SEL_SUR_004564.jpg,none,0.0,,,0.9522
aihub_raw/surface/Surface_1/Surface_045/MP_SEL_SUR_004565.jpg,none,0.0,,,0.9477
aihub_raw/surface/Surface_1/Surface_045/MP_SEL_SUR_004566.jpg,none,0.0,,,0.9998
aihub_raw/surface/Surface_1/Surface_045/MP_SEL_SUR_004567.jpg,none,0.0,,,1.0
aihub_raw/surface/Surface_1/Surface_045/MP_SEL_SUR_004568.jpg,none,0.0,,,0.9698
aihub_raw/surface/Surface_1/Surface_045/MP_SEL_SUR_004569.jpg,none_far,0.0061,0.0,0.048,0.3008
aihub_raw/surface/Surface_1/Surface_045/MP_SEL_SUR_004570.jpg,none,0.0,,,0.1097
aihub_raw/surface/Surface_1/Surface_045/MP_SEL_SUR_004571.jpg,none,0.0,,,0.9171
aihub_raw/surface/Surface_1/Surface_045/MP_SEL_SUR_004572.jpg,none,0.0,,,0.9609
aihub_raw/surface/Surface_1/Surface_045/MP_SEL_SUR_004573.jpg,none,0.0,,,0.0
aihub_raw/surface/Surface_1/Surface_045/MP_SEL_SUR_004574.jpg,none,0.0,,,0.7008
aihub_raw/surface/Surface_1/Surface_045/MP_SEL_SUR_004575.jpg,none,0.0,,,0.7292
aihub_raw/surface/Surface_1/Surface_045/MP_SEL_SUR_004576.jpg,none,0.0,,,0.9999
aihub_raw/surface/Surface_1/Surface_045/MP_SEL_SUR_004577.jpg,none,0.0,,,1.0
aihub_raw/surface/Surface_1/Surface_045/MP_SEL_SUR_004578.jpg,none,0.0,,,0.7609
aihub_raw/surface/Surface_1/Surface_045/MP_SEL_SUR_004579.jpg,none,0.0,,,0.9739
aihub_raw/surface/Surface_1/Surface_045/MP_SEL_SUR_004580.jpg,none,0.0,,,0.0
aihub_raw/surface/Surface_1/Surface_045/MP_SEL_SUR_004581.jpg,none,0.0,,,0.0
aihub_raw/surface/Surface_1/Surface_045/MP_SEL_SUR_004582.jpg,none,0.0,,,1.0
aihub_raw/surface/Surface_1/Surface_045/MP_SEL_SUR_004583.jpg,none,0.0,,,0.918
aihub_raw/surface/Surface_1/Surface_045/MP_SEL_SUR_004584.jpg,on,0.7577,0.074,0.967,0.2058
aihub_raw/surface/Surface_1/Surface_045/MP_SEL_SUR_004585.jpg,none,0.0,,,0.7658
aihub_raw/surface/Surface_1/Surface_045/MP_SEL_SUR_004586.jpg,none,0.0,,,0.5836
aihub_raw/surface/Surface_1/Surface_045/MP_SEL_SUR_004587.jpg,none,0.0,,,0.7105
aihub_raw/surface/Surface_1/Surface_045/MP_SEL_SUR_004588.jpg,none_far,0.0181,0.0,0.048,0.7482
aihub_raw/surface/Surface_1/Surface_045/MP_SEL_SUR_004589.jpg,none,0.0,,,0.9833
aihub_raw/surface/Surface_1/Surface_045/MP_SEL_SUR_004590.jpg,none,0.0,,,0.9944
aihub_raw/surface/Surface_1/Surface_045/MP_SEL_SUR_004591.jpg,none,0.0,,,0.0
aihub_raw/surface/Surface_1/Surface_045/MP_SEL_SUR_004592.jpg,none,0.0,,,0.0
aihub_raw/surface/Surface_1/Surface_045/MP_SEL_SUR_004593.jpg,none,0.0,,,0.9933
aihub_raw/surface/Surface_1/Surface_045/MP_SEL_SUR_004594.jpg,none,0.0,,,0.0
aihub_raw/surface/Surface_1/Surface_045/MP_SEL_SUR_004595.jpg,none,0.0,,,0.9514
aihub_raw/surface/Surface_1/Surface_045/MP_SEL_SUR_004596.jpg,none,0.0,,,1.0
aihub_raw/surface/Surface_1/Surface_045/MP_SEL_SUR_004597.jpg,none_far,0.0513,0.137,0.456,0.8203
aihub_raw/surface/Surface_1/Surface_045/MP_SEL_SUR_004598.jpg,none,0.0,,,0.0
aihub_raw/surface/Surface_1/Surface_045/MP_SEL_SUR_004599.jpg,none,0.0,,,0.7403
aihub_raw/surface/Surface_1/Surface_045/MP_SEL_SUR_004600.jpg,none,0.0,,,0.8795
aihub_raw/surface/Surface_1/Surface_045/MP_SEL_SUR_004601.jpg,none,0.0,,,0.1569
aihub_raw/surface/Surface_1/Surface_045/MP_SEL_SUR_004602.jpg,none,0.0,,,0.0
aihub_raw/surface/Surface_1/Surface_045/MP_SEL_SUR_004603.jpg,none,0.0,,,0.0
aihub_raw/surface/Surface_1/Surface_045/MP_SEL_SUR_004604.jpg,none,0.0,,,0.7311
aihub_raw/surface/Surface_1/Surface_045/MP_SEL_SUR_004605.jpg,none,0.0,,,0.0
aihub_raw/surface/Surface_1/Surface_045/MP_SEL_SUR_004606.jpg,none,0.0,,,0.0
aihub_raw/surface/Surface_1/Surface_045/MP_SEL_SUR_004607.jpg,none,0.0,,,0.0
aihub_raw/surface/Surface_1/Surface_046/MP_SEL_SUR_004608.jpg,on,0.8961,0.1,1.0,0.099
aihub_raw/surface/Surface_1/Surface_046/MP_SEL_SUR_004609.jpg,none,0.0,,,0.9991
aihub_raw/surface/Surface_1/Surface_046/MP_SEL_SUR_004610.jpg,none,0.0,,,0.0
aihub_raw/surface/Surface_1/Surface_046/MP_SEL_SUR_004611.jpg,none,0.0,,,0.0
aihub_raw/surface/Surface_1/Surface_046/MP_SEL_SUR_004612.jpg,none,0.0,,,0.0
aihub_raw/surface/Surface_1/Surface_046/MP_SEL_SUR_004613.jpg,none,0.0,,,0.8836
aihub_raw/surface/Surface_1/Surface_046/MP_SEL_SUR_004614.jpg,none,0.0,,,0.8724
aihub_raw/surface/Surface_1/Surface_046/MP_SEL_SUR_004615.jpg,none,0.0,,,1.0
aihub_raw/surface/Surface_1/Surface_046/MP_SEL_SUR_004616.jpg,none,0.0,,,0.0
aihub_raw/surface/Surface_1/Surface_046/MP_SEL_SUR_004617.jpg,none,0.0,,,0.2254
aihub_raw/surface/Surface_1/Surface_046/MP_SEL_SUR_004618.jpg,none,0.0,,,0.9266
aihub_raw/surface/Surface_1/Surface_046/MP_SEL_SUR_004619.jpg,none,0.0,,,0.8213
aihub_raw/surface/Surface_1/Surface_046/MP_SEL_SUR_004620.jpg,none_far,0.0114,0.0,0.041,0.7713
aihub_raw/surface/Surface_1/Surface_046/MP_SEL_SUR_004621.jpg,none,0.0,,,0.9463
aihub_raw/surface/Surface_1/Surface_046/MP_SEL_SUR_004622.jpg,none,0.0,,,0.714
aihub_raw/surface/Surface_1/Surface_046/MP_SEL_SUR_004623.jpg,none_far,0.0074,0.093,0.193,0.8892
aihub_raw/surface/Surface_1/Surface_046/MP_SEL_SUR_004624.jpg,none,0.0,,,0.8785
aihub_raw/surface/Surface_1/Surface_046/MP_SEL_SUR_004625.jpg,none,0.0,,,0.9459
aihub_raw/surface/Surface_1/Surface_046/MP_SEL_SUR_004626.jpg,none,0.0,,,0.9856
aihub_raw/surface/Surface_1/Surface_046/MP_SEL_SUR_004627.jpg,none,0.0,,,0.0
aihub_raw/surface/Surface_1/Surface_046/MP_SEL_SUR_004628.jpg,none,0.0,,,0.686
aihub_raw/surface/Surface_1/Surface_046/MP_SEL_SUR_004629.jpg,none,0.0,,,0.9847
aihub_raw/surface/Surface_1/Surface_046/MP_SEL_SUR_004630.jpg,none,0.0,,,1.0
aihub_raw/surface/Surface_1/Surface_046/MP_SEL_SUR_004631.jpg,none,0.0,,,0.9947
aihub_raw/surface/Surface_1/Surface_046/MP_SEL_SUR_004632.jpg,none,0.0,,,0.6818
aihub_raw/surface/Surface_1/Surface_046/MP_SEL_SUR_004633.jpg,none,0.0,,,0.0
aihub_raw/surface/Surface_1/Surface_046/MP_SEL_SUR_004634.jpg,none,0.0,,,0.2657
aihub_raw/surface/Surface_1/Surface_046/MP_SEL_SUR_004635.jpg,none,0.0,,,0.0
aihub_raw/surface/Surface_1/Surface_046/MP_SEL_SUR_004636.jpg,none,0.0,,,0.7783
aihub_raw/surface/Surface_1/Surface_046/MP_SEL_SUR_004637.jpg,none,0.0,,,0.0
aihub_raw/surface/Surface_1/Surface_046/MP_SEL_SUR_004638.jpg,none,0.0,,,0.9915
aihub_raw/surface/Surface_1/Surface_046/MP_SEL_SUR_004639.jpg,none,0.0,,,0.9815
aihub_raw/surface/Surface_1/Surface_046/MP_SEL_SUR_004640.jpg,none_far,0.0425,0.0,0.122,0.6017
aihub_raw/surface/Surface_1/Surface_046/MP_SEL_SUR_004641.jpg,none,0.0,,,0.0
aihub_raw/surface/Surface_1/Surface_046/MP_SEL_SUR_004642.jpg,none,0.0,,,0.6137
aihub_raw/surface/Surface_1/Surface_046/MP_SEL_SUR_004643.jpg,none,0.0,,,0.9807
aihub_raw/surface/Surface_1/Surface_046/MP_SEL_SUR_004644.jpg,none,0.0,,,0.9684
aihub_raw/surface/Surface_1/Surface_046/MP_SEL_SUR_004645.jpg,none,0.0,,,0.9931
aihub_raw/surface/Surface_1/Surface_046/MP_SEL_SUR_004646.jpg,none,0.0,,,1.0
aihub_raw/surface/Surface_1/Surface_046/MP_SEL_SUR_004647.jpg,none,0.0,,,0.9453
aihub_raw/surface/Surface_1/Surface_046/MP_SEL_SUR_004648.jpg,none,0.0,,,0.0
aihub_raw/surface/Surface_1/Surface_046/MP_SEL_SUR_004649.jpg,none,0.0,,,0.9987
aihub_raw/surface/Surface_1/Surface_046/MP_SEL_SUR_004650.jpg,none,0.0,,,0.0
aihub_raw/surface/Surface_1/Surface_046/MP_SEL_SUR_004651.jpg,none,0.0,,,0.9965
aihub_raw/surface/Surface_1/Surface_046/MP_SEL_SUR_004652.jpg,none,0.0,,,0.8755
aihub_raw/surface/Surface_1/Surface_046/MP_SEL_SUR_004653.jpg,none,0.0,,,0.8244
aihub_raw/surface/Surface_1/Surface_046/MP_SEL_SUR_004655.jpg,none,0.0,,,0.8536
aihub_raw/surface/Surface_1/Surface_046/MP_SEL_SUR_004656.jpg,none,0.0,,,0.0
aihub_raw/surface/Surface_1/Surface_046/MP_SEL_SUR_004657.jpg,none,0.0,,,0.886
aihub_raw/surface/Surface_1/Surface_046/MP_SEL_SUR_004658.jpg,none,0.0,,,0.567
aihub_raw/surface/Surface_1/Surface_046/MP_SEL_SUR_004659.jpg,none,0.0,,,0.9243
aihub_raw/surface/Surface_1/Surface_046/MP_SEL_SUR_004660.jpg,none,0.0,,,0.0
aihub_raw/surface/Surface_1/Surface_046/MP_SEL_SUR_004662.jpg,none,0.0,,,1.0
aihub_raw/surface/Surface_1/Surface_046/MP_SEL_SUR_004663.jpg,none,0.0,,,0.0
aihub_raw/surface/Surface_1/Surface_046/MP_SEL_SUR_004664.jpg,none,0.0,,,0.0
aihub_raw/surface/Surface_1/Surface_046/MP_SEL_SUR_004665.jpg,none,0.0,,,0.987
aihub_raw/surface/Surface_1/Surface_046/MP_SEL_SUR_004666.jpg,none,0.0,,,0.963
aihub_raw/surface/Surface_1/Surface_046/MP_SEL_SUR_004667.jpg,none,0.0,,,0.6919
aihub_raw/surface/Surface_1/Surface_046/MP_SEL_SUR_004668.jpg,none,0.0,,,0.5944
aihub_raw/surface/Surface_1/Surface_046/MP_SEL_SUR_004669.jpg,none,0.0,,,0.623
aihub_raw/surface/Surface_1/Surface_046/MP_SEL_SUR_004670.jpg,none,0.0,,,0.926
aihub_raw/surface/Surface_1/Surface_046/MP_SEL_SUR_004671.jpg,none,0.0,,,0.8595
aihub_raw/surface/Surface_1/Surface_046/MP_SEL_SUR_004672.jpg,none,0.0,,,0.0
aihub_raw/surface/Surface_1/Surface_046/MP_SEL_SUR_004673.jpg,none,0.0,,,0.9245
aihub_raw/surface/Surface_1/Surface_046/MP_SEL_SUR_004674.jpg,none,0.0,,,0.0
aihub_raw/surface/Surface_1/Surface_046/MP_SEL_SUR_004675.jpg,none,0.0,,,0.8607
aihub_raw/surface/Surface_1/Surface_046/MP_SEL_SUR_004676.jpg,none,0.0,,,0.9412
aihub_raw/surface/Surface_1/Surface_046/MP_SEL_SUR_004677.jpg,none,0.0,,,0.9325
aihub_raw/surface/Surface_1/Surface_046/MP_SEL_SUR_004678.jpg,approach,0.7288,0.085,0.87,0.2007
aihub_raw/surface/Surface_1/Surface_046/MP_SEL_SUR_004679.jpg,none,0.0,,,0.8479
aihub_raw/surface/Surface_1/Surface_046/MP_SEL_SUR_004680.jpg,on,0.9543,0.0,0.97,0.04
aihub_raw/surface/Surface_1/Surface_046/MP_SEL_SUR_004681.jpg,none_far,0.0183,0.0,0.037,0.0427
aihub_raw/surface/Surface_1/Surface_046/MP_SEL_SUR_004682.jpg,none_far,0.0116,0.0,0.03,0.9715
aihub_raw/surface/Surface_1/Surface_046/MP_SEL_SUR_004683.jpg,none,0.0,,,0.9748
aihub_raw/surface/Surface_1/Surface_046/MP_SEL_SUR_004684.jpg,none,0.0,,,0.0
aihub_raw/surface/Surface_1/Surface_046/MP_SEL_SUR_004685.jpg,none,0.0,,,0.0
aihub_raw/surface/Surface_1/Surface_046/MP_SEL_SUR_004686.jpg,none,0.0,,,0.0
aihub_raw/surface/Surface_1/Surface_046/MP_SEL_SUR_004687.jpg,none,0.0,,,0.2416
aihub_raw/surface/Surface_1/Surface_046/MP_SEL_SUR_004688.jpg,none,0.0,,,0.0
aihub_raw/surface/Surface_1/Surface_047/MP_SEL_SUR_004689.jpg,none,0.0,,,0.9941
aihub_raw/surface/Surface_1/Surface_047/MP_SEL_SUR_004690.jpg,none,0.0,,,0.6804
aihub_raw/surface/Surface_1/Surface_047/MP_SEL_SUR_004691.jpg,none,0.0,,,0.0
aihub_raw/surface/Surface_1/Surface_047/MP_SEL_SUR_004692.jpg,none,0.0,,,0.0881
aihub_raw/surface/Surface_1/Surface_047/MP_SEL_SUR_004693.jpg,none,0.0,,,0.9649
aihub_raw/surface/Surface_1/Surface_047/MP_SEL_SUR_004694.jpg,none,0.0,,,0.9944
aihub_raw/surface/Surface_1/Surface_047/MP_SEL_SUR_004695.jpg,none,0.0,,,0.9949
aihub_raw/surface/Surface_1/Surface_047/MP_SEL_SUR_004696.jpg,none,0.0,,,0.6508
aihub_raw/surface/Surface_1/Surface_047/MP_SEL_SUR_004697.jpg,none,0.0,,,0.9346
aihub_raw/surface/Surface_1/Surface_047/MP_SEL_SUR_004698.jpg,none,0.0,,,0.949
aihub_raw/surface/Surface_1/Surface_047/MP_SEL_SUR_004699.jpg,none,0.0,,,0.898
aihub_raw/surface/Surface_1/Surface_047/MP_SEL_SUR_004700.jpg,none,0.0,,,0.0
aihub_raw/surface/Surface_1/Surface_047/MP_SEL_SUR_004701.jpg,none,0.0,,,0.9656
aihub_raw/surface/Surface_1/Surface_047/MP_SEL_SUR_004702.jpg,none,0.0,,,0.993
aihub_raw/surface/Surface_1/Surface_047/MP_SEL_SUR_004703.jpg,none,0.0,,,1.0
aihub_raw/surface/Surface_1/Surface_047/MP_SEL_SUR_004704.jpg,none,0.0,,,0.4444
aihub_raw/surface/Surface_1/Surface_047/MP_SEL_SUR_004705.jpg,none,0.0,,,0.9854
aihub_raw/surface/Surface_1/Surface_047/MP_SEL_SUR_004706.jpg,none,0.0,,,0.6739
aihub_raw/surface/Surface_1/Surface_047/MP_SEL_SUR_004707.jpg,none,0.0,,,0.8566
aihub_raw/surface/Surface_1/Surface_047/MP_SEL_SUR_004708.jpg,none,0.0,,,0.4198
aihub_raw/surface/Surface_1/Surface_047/MP_SEL_SUR_004709.jpg,none,0.0,,,0.9009
aihub_raw/surface/Surface_1/Surface_047/MP_SEL_SUR_004710.jpg,none,0.0,,,0.0
aihub_raw/surface/Surface_1/Surface_047/MP_SEL_SUR_004711.jpg,none,0.0,,,0.9997
aihub_raw/surface/Surface_1/Surface_047/MP_SEL_SUR_004712.jpg,none,0.0,,,0.9046
aihub_raw/surface/Surface_1/Surface_047/MP_SEL_SUR_004713.jpg,none,0.0,,,0.9981
aihub_raw/surface/Surface_1/Surface_047/MP_SEL_SUR_004714.jpg,none_far,0.0028,0.0,0.041,0.9372
aihub_raw/surface/Surface_1/Surface_047/MP_SEL_SUR_004715.jpg,none,0.0,,,0.2541
aihub_raw/surface/Surface_1/Surface_047/MP_SEL_SUR_004716.jpg,none,0.0,,,0.9269
aihub_raw/surface/Surface_1/Surface_047/MP_SEL_SUR_004717.jpg,none,0.0,,,0.9094
aihub_raw/surface/Surface_1/Surface_047/MP_SEL_SUR_004718.jpg,none,0.0,,,0.9072
aihub_raw/surface/Surface_1/Surface_047/MP_SEL_SUR_004719.jpg,none,0.0,,,1.0
aihub_raw/surface/Surface_1/Surface_047/MP_SEL_SUR_004720.jpg,none_far,0.0,0.0,0.004,0.9961
aihub_raw/surface/Surface_1/Surface_047/MP_SEL_SUR_004721.jpg,none,0.0,,,0.0165
aihub_raw/surface/Surface_1/Surface_047/MP_SEL_SUR_004722.jpg,none,0.0,,,0.0
aihub_raw/surface/Surface_1/Surface_047/MP_SEL_SUR_004723.jpg,none,0.0,,,0.0
aihub_raw/surface/Surface_1/Surface_047/MP_SEL_SUR_004724.jpg,none,0.0,,,0.9137
aihub_raw/surface/Surface_1/Surface_047/MP_SEL_SUR_004726.jpg,none,0.0,,,0.9775
aihub_raw/surface/Surface_1/Surface_047/MP_SEL_SUR_004727.jpg,none,0.0,,,0.8553
aihub_raw/surface/Surface_1/Surface_047/MP_SEL_SUR_004728.jpg,none,0.0,,,0.9955
aihub_raw/surface/Surface_1/Surface_047/MP_SEL_SUR_004729.jpg,none,0.0,,,0.6774
aihub_raw/surface/Surface_1/Surface_047/MP_SEL_SUR_004730.jpg,none,0.0,,,0.33
aihub_raw/surface/Surface_1/Surface_047/MP_SEL_SUR_004731.jpg,none,0.0,,,0.0
aihub_raw/surface/Surface_1/Surface_047/MP_SEL_SUR_004732.jpg,none,0.0,,,0.9937
aihub_raw/surface/Surface_1/Surface_047/MP_SEL_SUR_004733.jpg,none,0.0,,,0.7002
aihub_raw/surface/Surface_1/Surface_047/MP_SEL_SUR_004734.jpg,none,0.0,,,0.4581
aihub_raw/surface/Surface_1/Surface_047/MP_SEL_SUR_004735.jpg,none,0.0,,,0.0
aihub_raw/surface/Surface_1/Surface_047/MP_SEL_SUR_004736.jpg,none,0.0,,,1.0
aihub_raw/surface/Surface_1/Surface_047/MP_SEL_SUR_004737.jpg,none,0.0,,,0.0
aihub_raw/surface/Surface_1/Surface_047/MP_SEL_SUR_004738.jpg,none,0.0,,,0.0
aihub_raw/surface/Surface_1/Surface_047/MP_SEL_SUR_004739.jpg,none,0.0,,,0.8343
aihub_raw/surface/Surface_1/Surface_047/MP_SEL_SUR_004740.jpg,none,0.0,,,0.0
aihub_raw/surface/Surface_1/Surface_047/MP_SEL_SUR_004741.jpg,none,0.0,,,0.3562
aihub_raw/surface/Surface_1/Surface_047/MP_SEL_SUR_004742.jpg,none,0.0,,,0.0
aihub_raw/surface/Surface_1/Surface_047/MP_SEL_SUR_004744.jpg,none,0.0,,,0.5578
aihub_raw/surface/Surface_1/Surface_047/MP_SEL_SUR_004745.jpg,none,0.0,,,0.9264
aihub_raw/surface/Surface_1/Surface_047/MP_SEL_SUR_004746.jpg,none,0.0,,,0.0
aihub_raw/surface/Surface_1/Surface_047/MP_SEL_SUR_004747.jpg,none,0.0,,,0.0
aihub_raw/surface/Surface_1/Surface_047/MP_SEL_SUR_004748.jpg,on,0.7956,0.0,1.0,0.1807
aihub_raw/surface/Surface_1/Surface_047/MP_SEL_SUR_004749.jpg,none,0.0,,,0.9749
aihub_raw/surface/Surface_1/Surface_047/MP_SEL_SUR_004750.jpg,none,0.0,,,0.8043
aihub_raw/surface/Surface_1/Surface_047/MP_SEL_SUR_004751.jpg,none,0.0,,,0.0
aihub_raw/surface/Surface_1/Surface_047/MP_SEL_SUR_004752.jpg,none_far,0.0028,0.007,0.033,0.9109
aihub_raw/surface/Surface_1/Surface_047/MP_SEL_SUR_004753.jpg,none,0.0,,,0.8825
aihub_raw/surface/Surface_1/Surface_047/MP_SEL_SUR_004754.jpg,none,0.0,,,0.6811
aihub_raw/surface/Surface_1/Surface_047/MP_SEL_SUR_004755.jpg,none,0.0,,,0.9687
aihub_raw/surface/Surface_1/Surface_047/MP_SEL_SUR_004756.jpg,none,0.0,,,0.9073
aihub_raw/surface/Surface_1/Surface_047/MP_SEL_SUR_004757.jpg,on,0.9925,0.0,1.0,0.0
aihub_raw/surface/Surface_1/Surface_047/MP_SEL_SUR_004758.jpg,none,0.0,,,0.0
aihub_raw/surface/Surface_1/Surface_047/MP_SEL_SUR_004759.jpg,none,0.0,,,0.5015
aihub_raw/surface/Surface_1/Surface_047/MP_SEL_SUR_004760.jpg,none,0.0,,,0.5716
aihub_raw/surface/Surface_1/Surface_047/MP_SEL_SUR_004761.jpg,none,0.0,,,0.0
aihub_raw/surface/Surface_1/Surface_047/MP_SEL_SUR_004762.jpg,none,0.0,,,0.0815
aihub_raw/surface/Surface_1/Surface_047/MP_SEL_SUR_004763.jpg,none,0.0,,,0.6779
aihub_raw/surface/Surface_1/Surface_047/MP_SEL_SUR_004764.jpg,none,0.0,,,0.8027
aihub_raw/surface/Surface_1/Surface_047/MP_SEL_SUR_004765.jpg,none,0.0,,,0.0
aihub_raw/surface/Surface_1/Surface_047/MP_SEL_SUR_004766.jpg,none,0.0,,,0.8327
aihub_raw/surface/Surface_1/Surface_047/MP_SEL_SUR_004767.jpg,none,0.0,,,0.0
aihub_raw/surface/Surface_1/Surface_047/MP_SEL_SUR_004768.jpg,approach,0.6242,0.0,0.741,0.376
aihub_raw/surface/Surface_1/Surface_048/MP_SEL_SUR_004769.jpg,none,0.0,,,0.7507
aihub_raw/surface/Surface_1/Surface_048/MP_SEL_SUR_004770.jpg,none,0.0,,,0.9996
aihub_raw/surface/Surface_1/Surface_048/MP_SEL_SUR_004771.jpg,none,0.0,,,0.7906
aihub_raw/surface/Surface_1/Surface_048/MP_SEL_SUR_004772.jpg,on,0.978,0.0,1.0,0.0159
aihub_raw/surface/Surface_1/Surface_048/MP_SEL_SUR_004773.jpg,none,0.0,,,0.7885
aihub_raw/surface/Surface_1/Surface_048/MP_SEL_SUR_004774.jpg,on,0.9867,0.0,1.0,0.0
aihub_raw/surface/Surface_1/Surface_048/MP_SEL_SUR_004775.jpg,none,0.0,,,1.0
aihub_raw/surface/Surface_1/Surface_048/MP_SEL_SUR_004776.jpg,none,0.0,,,0.0043
aihub_raw/surface/Surface_1/Surface_048/MP_SEL_SUR_004777.jpg,none,0.0,,,0.9921
aihub_raw/surface/Surface_1/Surface_048/MP_SEL_SUR_004778.jpg,none,0.0,,,0.8857
aihub_raw/surface/Surface_1/Surface_048/MP_SEL_SUR_004779.jpg,none,0.0,,,0.9949
aihub_raw/surface/Surface_1/Surface_048/MP_SEL_SUR_004780.jpg,none,0.0,,,0.9698
aihub_raw/surface/Surface_1/Surface_048/MP_SEL_SUR_004781.jpg,none,0.0,,,0.74
aihub_raw/surface/Surface_1/Surface_048/MP_SEL_SUR_004782.jpg,none,0.0,,,0.0
aihub_raw/surface/Surface_1/Surface_048/MP_SEL_SUR_004783.jpg,none,0.0,,,0.958
aihub_raw/surface/Surface_1/Surface_048/MP_SEL_SUR_004784.jpg,none,0.0,,,0.9608
aihub_raw/surface/Surface_1/Surface_048/MP_SEL_SUR_004785.jpg,none,0.0,,,0.8039
aihub_raw/surface/Surface_1/Surface_048/MP_SEL_SUR_004786.jpg,none,0.0,,,0.8643
aihub_raw/surface/Surface_1/Surface_048/MP_SEL_SUR_004787.jpg,none,0.0,,,0.7311
aihub_raw/surface/Surface_1/Surface_048/MP_SEL_SUR_004788.jpg,none,0.0,,,0.5038
aihub_raw/surface/Surface_1/Surface_048/MP_SEL_SUR_004789.jpg,none,0.0,,,0.9488
aihub_raw/surface/Surface_1/Surface_048/MP_SEL_SUR_004790.jpg,none,0.0,,,0.8954
aihub_raw/surface/Surface_1/Surface_048/MP_SEL_SUR_004791.jpg,none,0.0,,,0.0
aihub_raw/surface/Surface_1/Surface_048/MP_SEL_SUR_004792.jpg,none,0.0,,,0.0
aihub_raw/surface/Surface_1/Surface_048/MP_SEL_SUR_004793.jpg,none,0.0,,,0.0
aihub_raw/surface/Surface_1/Surface_048/MP_SEL_SUR_004794.jpg,none,0.0,,,0.0
aihub_raw/surface/Surface_1/Surface_048/MP_SEL_SUR_004795.jpg,none,0.0,,,0.295
aihub_raw/surface/Surface_1/Surface_048/MP_SEL_SUR_004796.jpg,none,0.0,,,0.9988
aihub_raw/surface/Surface_1/Surface_048/MP_SEL_SUR_004797.jpg,none,0.0,,,0.9998
aihub_raw/surface/Surface_1/Surface_048/MP_SEL_SUR_004798.jpg,none,0.0,,,1.0
aihub_raw/surface/Surface_1/Surface_048/MP_SEL_SUR_004799.jpg,none,0.0,,,0.0
aihub_raw/surface/Surface_1/Surface_048/MP_SEL_SUR_004800.jpg,none,0.0,,,0.8633
aihub_raw/surface/Surface_1/Surface_048/MP_SEL_SUR_004801.jpg,none,0.0,,,0.0
aihub_raw/surface/Surface_1/Surface_048/MP_SEL_SUR_004802.jpg,none,0.0,,,1.0
aihub_raw/surface/Surface_1/Surface_048/MP_SEL_SUR_004803.jpg,none,0.0,,,0.845
aihub_raw/surface/Surface_1/Surface_048/MP_SEL_SUR_004804.jpg,none,0.0,,,0.8337
aihub_raw/surface/Surface_1/Surface_048/MP_SEL_SUR_004805.jpg,none_far,0.1115,0.0,0.259,0.7968
aihub_raw/surface/Surface_1/Surface_048/MP_SEL_SUR_004806.jpg,none,0.0,,,0.7443
aihub_raw/surface/Surface_1/Surface_048/MP_SEL_SUR_004807.jpg,none,0.0,,,0.9994
aihub_raw/surface/Surface_1/Surface_048/MP_SEL_SUR_004808.jpg,none,0.0,,,0.9163
aihub_raw/surface/Surface_1/Surface_048/MP_SEL_SUR_004809.jpg,none,0.0,,,0.9391
aihub_raw/surface/Surface_1/Surface_048/MP_SEL_SUR_004810.jpg,none,0.0,,,0.0
aihub_raw/surface/Surface_1/Surface_048/MP_SEL_SUR_004812.jpg,none,0.0,,,0.912
aihub_raw/surface/Surface_1/Surface_048/MP_SEL_SUR_004813.jpg,none,0.0,,,0.8707
aihub_raw/surface/Surface_1/Surface_048/MP_SEL_SUR_004814.jpg,none,0.0,,,0.8045
aihub_raw/surface/Surface_1/Surface_048/MP_SEL_SUR_004815.jpg,none,0.0,,,0.3366
aihub_raw/surface/Surface_1/Surface_048/MP_SEL_SUR_004816.jpg,none,0.0,,,0.6175
aihub_raw/surface/Surface_1/Surface_048/MP_SEL_SUR_004817.jpg,none,0.0,,,0.975
aihub_raw/surface/Surface_1/Surface_048/MP_SEL_SUR_004818.jpg,none,0.0,,,0.9525
aihub_raw/surface/Surface_1/Surface_048/MP_SEL_SUR_004819.jpg,none,0.0,,,0.78
aihub_raw/surface/Surface_1/Surface_048/MP_SEL_SUR_004820.jpg,none,0.0,,,0.8689
aihub_raw/surface/Surface_1/Surface_048/MP_SEL_SUR_004821.jpg,none,0.0,,,0.0
aihub_raw/surface/Surface_1/Surface_048/MP_SEL_SUR_004822.jpg,none,0.0,,,0.9668
aihub_raw/surface/Surface_1/Surface_048/MP_SEL_SUR_004823.jpg,none,0.0,,,0.0
aihub_raw/surface/Surface_1/Surface_048/MP_SEL_SUR_004824.jpg,none,0.0,,,0.0
aihub_raw/surface/Surface_1/Surface_048/MP_SEL_SUR_004825.jpg,none,0.0,,,0.8578
aihub_raw/surface/Surface_1/Surface_048/MP_SEL_SUR_004826.jpg,none,0.0,,,0.9643
aihub_raw/surface/Surface_1/Surface_048/MP_SEL_SUR_004827.jpg,none,0.0,,,0.9686
aihub_raw/surface/Surface_1/Surface_048/MP_SEL_SUR_004828.jpg,none,0.0,,,0.8602
aihub_raw/surface/Surface_1/Surface_048/MP_SEL_SUR_004829.jpg,none,0.0,,,0.7329
aihub_raw/surface/Surface_1/Surface_048/MP_SEL_SUR_004830.jpg,none,0.0,,,0.1873
aihub_raw/surface/Surface_1/Surface_048/MP_SEL_SUR_004831.jpg,none,0.0,,,0.8776
aihub_raw/surface/Surface_1/Surface_048/MP_SEL_SUR_004832.jpg,none,0.0,,,0.0
aihub_raw/surface/Surface_1/Surface_048/MP_SEL_SUR_004833.jpg,none,0.0,,,0.0
aihub_raw/surface/Surface_1/Surface_048/MP_SEL_SUR_004834.jpg,none,0.0,,,0.2822
aihub_raw/surface/Surface_1/Surface_048/MP_SEL_SUR_004835.jpg,none,0.0,,,0.9983
aihub_raw/surface/Surface_1/Surface_048/MP_SEL_SUR_004836.jpg,none,0.0,,,0.9591
aihub_raw/surface/Surface_1/Surface_048/MP_SEL_SUR_004837.jpg,none,0.0,,,0.9672
aihub_raw/surface/Surface_1/Surface_048/MP_SEL_SUR_004838.jpg,none,0.0,,,0.1635
aihub_raw/surface/Surface_1/Surface_048/MP_SEL_SUR_004839.jpg,none,0.0,,,0.0707
aihub_raw/surface/Surface_1/Surface_048/MP_SEL_SUR_004840.jpg,none,0.0,,,0.9063
aihub_raw/surface/Surface_1/Surface_048/MP_SEL_SUR_004841.jpg,none,0.0,,,0.8981
aihub_raw/surface/Surface_1/Surface_048/MP_SEL_SUR_004842.jpg,none,0.0,,,0.9415
aihub_raw/surface/Surface_1/Surface_048/MP_SEL_SUR_004843.jpg,none_far,0.0649,0.1,0.27,0.7523
aihub_raw/surface/Surface_1/Surface_048/MP_SEL_SUR_004844.jpg,none,0.0,,,0.9467
aihub_raw/surface/Surface_1/Surface_048/MP_SEL_SUR_004845.jpg,none,0.0,,,0.7195
aihub_raw/surface/Surface_1/Surface_048/MP_SEL_SUR_004846.jpg,none,0.0,,,0.8463
aihub_raw/surface/Surface_1/Surface_048/MP_SEL_SUR_004847.jpg,none,0.0,,,0.7091
aihub_raw/surface/Surface_1/Surface_048/MP_SEL_SUR_004848.jpg,none,0.0,,,0.0
aihub_raw/surface/Surface_1/Surface_049/MP_SEL_SUR_004849.jpg,none,0.0,,,0.0
aihub_raw/surface/Surface_1/Surface_049/MP_SEL_SUR_004850.jpg,none,0.0,,,0.9616
aihub_raw/surface/Surface_1/Surface_049/MP_SEL_SUR_004851.jpg,none,0.0,,,0.9924
aihub_raw/surface/Surface_1/Surface_049/MP_SEL_SUR_004852.jpg,none,0.0,,,0.9044
aihub_raw/surface/Surface_1/Surface_049/MP_SEL_SUR_004853.jpg,none,0.0,,,0.0003
aihub_raw/surface/Surface_1/Surface_049/MP_SEL_SUR_004854.jpg,none,0.0,,,0.0853
aihub_raw/surface/Surface_1/Surface_049/MP_SEL_SUR_004855.jpg,none,0.0,,,0.9975
aihub_raw/surface/Surface_1/Surface_049/MP_SEL_SUR_004856.jpg,none,0.0,,,0.9796
aihub_raw/surface/Surface_1/Surface_049/MP_SEL_SUR_004857.jpg,none,0.0,,,0.9081
aihub_raw/surface/Surface_1/Surface_049/MP_SEL_SUR_004858.jpg,on,0.6887,0.063,1.0,0.0493
aihub_raw/surface/Surface_1/Surface_049/MP_SEL_SUR_004859.jpg,none,0.0,,,0.0
aihub_raw/surface/Surface_1/Surface_049/MP_SEL_SUR_004860.jpg,none,0.0,,,0.2555
aihub_raw/surface/Surface_1/Surface_049/MP_SEL_SUR_004861.jpg,none,0.0,,,0.0
aihub_raw/surface/Surface_1/Surface_049/MP_SEL_SUR_004862.jpg,none,0.0,,,1.0
aihub_raw/surface/Surface_1/Surface_049/MP_SEL_SUR_004863.jpg,none,0.0,,,0.3624
aihub_raw/surface/Surface_1/Surface_049/MP_SEL_SUR_004864.jpg,none,0.0,,,0.7806
aihub_raw/surface/Surface_1/Surface_049/MP_SEL_SUR_004866.jpg,none,0.0,,,0.9406
aihub_raw/surface/Surface_1/Surface_049/MP_SEL_SUR_004867.jpg,none,0.0,,,0.2133
aihub_raw/surface/Surface_1/Surface_049/MP_SEL_SUR_004868.jpg,none,0.0,,,0.8865
aihub_raw/surface/Surface_1/Surface_049/MP_SEL_SUR_004869.jpg,none,0.0,,,0.0
aihub_raw/surface/Surface_1/Surface_049/MP_SEL_SUR_004870.jpg,none,0.0,,,0.29
aihub_raw/surface/Surface_1/Surface_049/MP_SEL_SUR_004871.jpg,none,0.0,,,0.9952
aihub_raw/surface/Surface_1/Surface_049/MP_SEL_SUR_004872.jpg,approach,0.5415,0.17,0.767,0.2376
aihub_raw/surface/Surface_1/Surface_049/MP_SEL_SUR_004873.jpg,none,0.0,,,1.0
aihub_raw/surface/Surface_1/Surface_049/MP_SEL_SUR_004874.jpg,none_far,0.005,0.004,0.056,0.9397
aihub_raw/surface/Surface_1/Surface_049/MP_SEL_SUR_004875.jpg,none,0.0,,,1.0
aihub_raw/surface/Surface_1/Surface_049/MP_SEL_SUR_004876.jpg,none,0.0,,,0.0
aihub_raw/surface/Surface_1/Surface_049/MP_SEL_SUR_004877.jpg,none,0.0,,,0.0
aihub_raw/surface/Surface_1/Surface_049/MP_SEL_SUR_004878.jpg,none,0.0,,,0.0
aihub_raw/surface/Surface_1/Surface_049/MP_SEL_SUR_004879.jpg,none,0.0,,,0.9992
aihub_raw/surface/Surface_1/Surface_049/MP_SEL_SUR_004880.jpg,on,0.9198,0.0,1.0,0.0639
aihub_raw/surface/Surface_1/Surface_049/MP_SEL_SUR_004881.jpg,none,0.0,,,1.0
aihub_raw/surface/Surface_1/Surface_049/MP_SEL_SUR_004882.jpg,on,0.5815,0.322,1.0,0.3447
aihub_raw/surface/Surface_1/Surface_049/MP_SEL_SUR_004883.jpg,none,0.0,,,1.0
aihub_raw/surface/Surface_1/Surface_049/MP_SEL_SUR_004884.jpg,none,0.0,,,0.9981
aihub_raw/surface/Surface_1/Surface_049/MP_SEL_SUR_004885.jpg,none,0.0,,,1.0
aihub_raw/surface/Surface_1/Surface_049/MP_SEL_SUR_004886.jpg,none,0.0,,,0.976
aihub_raw/surface/Surface_1/Surface_049/MP_SEL_SUR_004887.jpg,none,0.0,,,0.9887
aihub_raw/surface/Surface_1/Surface_049/MP_SEL_SUR_004888.jpg,none,0.0,,,0.0
aihub_raw/surface/Surface_1/Surface_049/MP_SEL_SUR_004889.jpg,none,0.0,,,0.7759
aihub_raw/surface/Surface_1/Surface_049/MP_SEL_SUR_004890.jpg,none,0.0,,,0.8911
aihub_raw/surface/Surface_1/Surface_049/MP_SEL_SUR_004891.jpg,none_far,0.001,0.0,0.041,0.6276
aihub_raw/surface/Surface_1/Surface_049/MP_SEL_SUR_004892.jpg,none,0.0,,,0.0
aihub_raw/surface/Surface_1/Surface_049/MP_SEL_SUR_004893.jpg,none,0.0,,,0.6349
aihub_raw/surface/Surface_1/Surface_049/MP_SEL_SUR_004894.jpg,none,0.0,,,0.9919
aihub_raw/surface/Surface_1/Surface_049/MP_SEL_SUR_004895.jpg,none,0.0,,,0.7632
aihub_raw/surface/Surface_1/Surface_049/MP_SEL_SUR_004896.jpg,none,0.0,,,0.3373
aihub_raw/surface/Surface_1/Surface_049/MP_SEL_SUR_004897.jpg,none,0.0,,,0.997
aihub_raw/surface/Surface_1/Surface_049/MP_SEL_SUR_004898.jpg,none,0.0,,,0.9725
aihub_raw/surface/Surface_1/Surface_049/MP_SEL_SUR_004899.jpg,none,0.0,,,0.8477
aihub_raw/surface/Surface_1/Surface_049/MP_SEL_SUR_004900.jpg,none,0.0,,,0.8805
aihub_raw/surface/Surface_1/Surface_049/MP_SEL_SUR_004901.jpg,none,0.0,,,0.8228
aihub_raw/surface/Surface_1/Surface_049/MP_SEL_SUR_004902.jpg,none,0.0,,,0.7761
aihub_raw/surface/Surface_1/Surface_049/MP_SEL_SUR_004903.jpg,none,0.0,,,0.0
aihub_raw/surface/Surface_1/Surface_049/MP_SEL_SUR_004904.jpg,none,0.0,,,0.7393
aihub_raw/surface/Surface_1/Surface_049/MP_SEL_SUR_004905.jpg,none,0.0,,,0.4794
aihub_raw/surface/Surface_1/Surface_049/MP_SEL_SUR_004906.jpg,none,0.0,,,0.8164
aihub_raw/surface/Surface_1/Surface_049/MP_SEL_SUR_004907.jpg,none,0.0,,,0.835
aihub_raw/surface/Surface_1/Surface_049/MP_SEL_SUR_004908.jpg,none,0.0,,,0.0
aihub_raw/surface/Surface_1/Surface_049/MP_SEL_SUR_004909.jpg,none,0.0,,,0.9143
aihub_raw/surface/Surface_1/Surface_049/MP_SEL_SUR_004910.jpg,none,0.0,,,0.9505
aihub_raw/surface/Surface_1/Surface_049/MP_SEL_SUR_004911.jpg,none,0.0,,,0.8801
aihub_raw/surface/Surface_1/Surface_049/MP_SEL_SUR_004912.jpg,none,0.0,,,0.6517
aihub_raw/surface/Surface_1/Surface_049/MP_SEL_SUR_004913.jpg,none,0.0,,,1.0
aihub_raw/surface/Surface_1/Surface_049/MP_SEL_SUR_004914.jpg,none_far,0.2455,0.048,0.452,0.6205
aihub_raw/surface/Surface_1/Surface_049/MP_SEL_SUR_004915.jpg,none,0.0,,,0.7216
aihub_raw/surface/Surface_1/Surface_049/MP_SEL_SUR_004916.jpg,none,0.0,,,0.0
aihub_raw/surface/Surface_1/Surface_049/MP_SEL_SUR_004917.jpg,none,0.0,,,0.0013
aihub_raw/surface/Surface_1/Surface_049/MP_SEL_SUR_004918.jpg,none,0.0,,,0.9072
aihub_raw/surface/Surface_1/Surface_049/MP_SEL_SUR_004919.jpg,none,0.0,,,0.8825
aihub_raw/surface/Surface_1/Surface_049/MP_SEL_SUR_004920.jpg,none,0.0,,,0.917
aihub_raw/surface/Surface_1/Surface_049/MP_SEL_SUR_004921.jpg,none,0.0,,,1.0
aihub_raw/surface/Surface_1/Surface_049/MP_SEL_SUR_004922.jpg,none,0.0,,,0.6723
aihub_raw/surface/Surface_1/Surface_049/MP_SEL_SUR_004923.jpg,none,0.0,,,0.8822
aihub_raw/surface/Surface_1/Surface_049/MP_SEL_SUR_004924.jpg,none,0.0,,,0.0
aihub_raw/surface/Surface_1/Surface_049/MP_SEL_SUR_004925.jpg,none,0.0,,,0.8129
aihub_raw/surface/Surface_1/Surface_049/MP_SEL_SUR_004926.jpg,none,0.0,,,1.0
aihub_raw/surface/Surface_1/Surface_049/MP_SEL_SUR_004927.jpg,none_far,0.3885,0.0,0.533,0.5127
aihub_raw/surface/Surface_1/Surface_049/MP_SEL_SUR_004928.jpg,none,0.0,,,0.035
aihub_raw/surface/Surface_1/Surface_050/MP_SEL_SUR_004930.jpg,none,0.0,,,0.1952
aihub_raw/surface/Surface_1/Surface_050/MP_SEL_SUR_004931.jpg,none,0.0,,,0.0
aihub_raw/surface/Surface_1/Surface_050/MP_SEL_SUR_004932.jpg,none,0.0,,,0.7319
aihub_raw/surface/Surface_1/Surface_050/MP_SEL_SUR_004933.jpg,none,0.0,,,0.0
aihub_raw/surface/Surface_1/Surface_050/MP_SEL_SUR_004934.jpg,none,0.0,,,0.9079
aihub_raw/surface/Surface_1/Surface_050/MP_SEL_SUR_004935.jpg,none,0.0,,,0.0
aihub_raw/surface/Surface_1/Surface_050/MP_SEL_SUR_004936.jpg,none_far,0.4072,0.0,0.526,0.4988
aihub_raw/surface/Surface_1/Surface_050/MP_SEL_SUR_004937.jpg,none,0.0,,,0.9239
aihub_raw/surface/Surface_1/Surface_050/MP_SEL_SUR_004938.jpg,none,0.0,,,0.0
aihub_raw/surface/Surface_1/Surface_050/MP_SEL_SUR_004939.jpg,none,0.0,,,0.0721
aihub_raw/surface/Surface_1/Surface_050/MP_SEL_SUR_004940.jpg,none,0.0,,,0.0
aihub_raw/surface/Surface_1/Surface_050/MP_SEL_SUR_004941.jpg,none,0.0,,,0.7897
aihub_raw/surface/Surface_1/Surface_050/MP_SEL_SUR_004942.jpg,none,0.0,,,0.8671
aihub_raw/surface/Surface_1/Surface_050/MP_SEL_SUR_004943.jpg,none,0.0,,,0.0
aihub_raw/surface/Surface_1/Surface_050/MP_SEL_SUR_004944.jpg,none,0.0,,,0.0
aihub_raw/surface/Surface_1/Surface_050/MP_SEL_SUR_004945.jpg,none,0.0,,,0.9439
aihub_raw/surface/Surface_1/Surface_050/MP_SEL_SUR_004946.jpg,none,0.0,,,0.2743
aihub_raw/surface/Surface_1/Surface_050/MP_SEL_SUR_004947.jpg,none,0.0,,,0.6476
aihub_raw/surface/Surface_1/Surface_050/MP_SEL_SUR_004948.jpg,none,0.0,,,1.0
aihub_raw/surface/Surface_1/Surface_050/MP_SEL_SUR_004949.jpg,none,0.0,,,0.0
aihub_raw/surface/Surface_1/Surface_050/MP_SEL_SUR_004950.jpg,none,0.0,,,0.312
aihub_raw/surface/Surface_1/Surface_050/MP_SEL_SUR_004951.jpg,none_far,0.1585,0.089,0.352,0.7013
aihub_raw/surface/Surface_1/Surface_050/MP_SEL_SUR_004952.jpg,none,0.0,,,0.0
aihub_raw/surface/Surface_1/Surface_050/MP_SEL_SUR_004953.jpg,none,0.0,,,0.016
aihub_raw/surface/Surface_1/Surface_050/MP_SEL_SUR_004954.jpg,none,0.0,,,0.8783
aihub_raw/surface/Surface_1/Surface_050/MP_SEL_SUR_004955.jpg,none,0.0,,,0.8993
aihub_raw/surface/Surface_1/Surface_050/MP_SEL_SUR_004956.jpg,none,0.0,,,1.0
aihub_raw/surface/Surface_1/Surface_050/MP_SEL_SUR_004957.jpg,none,0.0,,,0.2513
aihub_raw/surface/Surface_1/Surface_050/MP_SEL_SUR_004958.jpg,crossed,0.1512,0.452,1.0,0.7033
aihub_raw/surface/Surface_1/Surface_050/MP_SEL_SUR_004959.jpg,none,0.0,,,0.6674
aihub_raw/surface/Surface_1/Surface_050/MP_SEL_SUR_004960.jpg,none,0.0,,,0.0
aihub_raw/surface/Surface_1/Surface_050/MP_SEL_SUR_004961.jpg,none,0.0,,,0.9607
aihub_raw/surface/Surface_1/Surface_050/MP_SEL_SUR_004962.jpg,none,0.0,,,0.0
aihub_raw/surface/Surface_1/Surface_050/MP_SEL_SUR_004963.jpg,none,0.0,,,0.0
aihub_raw/surface/Surface_1/Surface_050/MP_SEL_SUR_004964.jpg,none,0.0,,,0.0815
aihub_raw/surface/Surface_1/Surface_050/MP_SEL_SUR_004965.jpg,none,0.0,,,0.9071
aihub_raw/surface/Surface_1/Surface_050/MP_SEL_SUR_004966.jpg,none,0.0,,,0.1928
aihub_raw/surface/Surface_1/Surface_050/MP_SEL_SUR_004967.jpg,on,0.9039,0.0,0.963,0.0924
aihub_raw/surface/Surface_1/Surface_050/MP_SEL_SUR_004968.jpg,none,0.0,,,0.0
aihub_raw/surface/Surface_1/Surface_050/MP_SEL_SUR_004969.jpg,none,0.0,,,0.733
aihub_raw/surface/Surface_1/Surface_050/MP_SEL_SUR_004970.jpg,none,0.0,,,0.9237
aihub_raw/surface/Surface_1/Surface_050/MP_SEL_SUR_004971.jpg,none,0.0,,,0.903
aihub_raw/surface/Surface_1/Surface_050/MP_SEL_SUR_004972.jpg,none,0.0,,,0.9944
aihub_raw/surface/Surface_1/Surface_050/MP_SEL_SUR_004973.jpg,none,0.0,,,0.99
aihub_raw/surface/Surface_1/Surface_050/MP_SEL_SUR_004974.jpg,none,0.0,,,0.9449
aihub_raw/surface/Surface_1/Surface_050/MP_SEL_SUR_004975.jpg,none,0.0,,,0.0
aihub_raw/surface/Surface_1/Surface_050/MP_SEL_SUR_004976.jpg,none,0.0,,,0.0
aihub_raw/surface/Surface_1/Surface_050/MP_SEL_SUR_004977.jpg,none_far,0.0685,0.0,0.141,0.2817
aihub_raw/surface/Surface_1/Surface_050/MP_SEL_SUR_004978.jpg,none,0.0,,,0.0208
aihub_raw/surface/Surface_1/Surface_050/MP_SEL_SUR_004979.jpg,none,0.0,,,0.9561
aihub_raw/surface/Surface_1/Surface_050/MP_SEL_SUR_004980.jpg,none,0.0,,,0.0
aihub_raw/surface/Surface_1/Surface_050/MP_SEL_SUR_004981.jpg,none,0.0,,,0.0
aihub_raw/surface/Surface_1/Surface_050/MP_SEL_SUR_004983.jpg,none,0.0,,,0.6989
aihub_raw/surface/Surface_1/Surface_050/MP_SEL_SUR_004984.jpg,none,0.0,,,0.9942
aihub_raw/surface/Surface_1/Surface_050/MP_SEL_SUR_004985.jpg,none,0.0,,,0.9959
aihub_raw/surface/Surface_1/Surface_050/MP_SEL_SUR_004986.jpg,none,0.0,,,0.0
aihub_raw/surface/Surface_1/Surface_050/MP_SEL_SUR_004987.jpg,none,0.0,,,0.8663
aihub_raw/surface/Surface_1/Surface_050/MP_SEL_SUR_004988.jpg,none,0.0,,,0.7867
aihub_raw/surface/Surface_1/Surface_050/MP_SEL_SUR_004989.jpg,none,0.0,,,0.9698
aihub_raw/surface/Surface_1/Surface_050/MP_SEL_SUR_004990.jpg,none_far,0.0019,0.0,0.052,0.7833
aihub_raw/surface/Surface_1/Surface_050/MP_SEL_SUR_004991.jpg,none,0.0,,,0.0
aihub_raw/surface/Surface_1/Surface_050/MP_SEL_SUR_004992.jpg,none_far,0.0056,0.004,0.022,0.2582
aihub_raw/surface/Surface_1/Surface_050/MP_SEL_SUR_004993.jpg,none,0.0,,,0.0
aihub_raw/surface/Surface_1/Surface_050/MP_SEL_SUR_004994.jpg,none,0.0,,,0.0
aihub_raw/surface/Surface_1/Surface_050/MP_SEL_SUR_004995.jpg,none,0.0,,,0.837
aihub_raw/surface/Surface_1/Surface_050/MP_SEL_SUR_004996.jpg,none_far,0.0178,0.019,0.085,0.5377
aihub_raw/surface/Surface_1/Surface_050/MP_SEL_SUR_004997.jpg,none,0.0,,,0.0
aihub_raw/surface/Surface_1/Surface_050/MP_SEL_SUR_004998.jpg,none,0.0,,,1.0
aihub_raw/surface/Surface_1/Surface_050/MP_SEL_SUR_004999.jpg,none,0.0,,,1.0
aihub_raw/surface/Surface_1/Surface_050/MP_SEL_SUR_005000.jpg,none_far,0.0663,0.0,0.144,0.8443
aihub_raw/surface/Surface_1/Surface_050/MP_SEL_SUR_005001.jpg,none,0.0,,,0.9875
aihub_raw/surface/Surface_1/Surface_050/MP_SEL_SUR_005002.jpg,none,0.0,,,0.8768
aihub_raw/surface/Surface_1/Surface_050/MP_SEL_SUR_005003.jpg,none,0.0,,,0.0
aihub_raw/surface/Surface_1/Surface_050/MP_SEL_SUR_005004.jpg,none,0.0,,,0.5634
aihub_raw/surface/Surface_1/Surface_050/MP_SEL_SUR_005005.jpg,none_far,0.0004,0.133,0.159,0.9416
aihub_raw/surface/Surface_1/Surface_050/MP_SEL_SUR_005006.jpg,none,0.0,,,0.0045
aihub_raw/surface/Surface_1/Surface_050/MP_SEL_SUR_005007.jpg,none,0.0,,,0.3279
aihub_raw/surface/Surface_1/Surface_050/MP_SEL_SUR_005008.jpg,none,0.0,,,0.0009
aihub_raw/surface/Surface_1/Surface_050/MP_SEL_SUR_005009.jpg,none,0.0,,,0.0005
aihub_raw/surface/Surface_1/Surface_051/MP_SEL_SUR_005010.jpg,none,0.0,,,0.0002
aihub_raw/surface/Surface_1/Surface_051/MP_SEL_SUR_005011.jpg,none,0.0,,,0.9997
aihub_raw/surface/Surface_1/Surface_051/MP_SEL_SUR_005012.jpg,none,0.0,,,0.0
aihub_raw/surface/Surface_1/Surface_051/MP_SEL_SUR_005013.jpg,none,0.0,,,0.874
aihub_raw/surface/Surface_1/Surface_051/MP_SEL_SUR_005014.jpg,none,0.0,,,0.9988
aihub_raw/surface/Surface_1/Surface_051/MP_SEL_SUR_005015.jpg,none,0.0,,,0.3768
aihub_raw/surface/Surface_1/Surface_051/MP_SEL_SUR_005016.jpg,none,0.0,,,0.8868
aihub_raw/surface/Surface_1/Surface_051/MP_SEL_SUR_005018.jpg,none,0.0,,,0.7049
aihub_raw/surface/Surface_1/Surface_051/MP_SEL_SUR_005019.jpg,none,0.0,,,0.0
aihub_raw/surface/Surface_1/Surface_051/MP_SEL_SUR_005020.jpg,none,0.0,,,0.0
aihub_raw/surface/Surface_1/Surface_051/MP_SEL_SUR_005021.jpg,none,0.0,,,0.9258
aihub_raw/surface/Surface_1/Surface_051/MP_SEL_SUR_005022.jpg,none,0.0,,,0.9995
aihub_raw/surface/Surface_1/Surface_051/MP_SEL_SUR_005023.jpg,none,0.0,,,0.9174
aihub_raw/surface/Surface_1/Surface_051/MP_SEL_SUR_005024.jpg,none,0.0,,,0.4164
aihub_raw/surface/Surface_1/Surface_051/MP_SEL_SUR_005025.jpg,none,0.0,,,0.9301
aihub_raw/surface/Surface_1/Surface_051/MP_SEL_SUR_005027.jpg,none,0.0,,,0.8937
aihub_raw/surface/Surface_1/Surface_051/MP_SEL_SUR_005028.jpg,none,0.0,,,0.5311
aihub_raw/surface/Surface_1/Surface_051/MP_SEL_SUR_005029.jpg,none,0.0,,,0.9795
aihub_raw/surface/Surface_1/Surface_051/MP_SEL_SUR_005030.jpg,none,0.0,,,0.4894
aihub_raw/surface/Surface_1/Surface_051/MP_SEL_SUR_005031.jpg,none,0.0,,,0.4919
aihub_raw/surface/Surface_1/Surface_051/MP_SEL_SUR_005032.jpg,none,0.0,,,0.0
aihub_raw/surface/Surface_1/Surface_051/MP_SEL_SUR_005033.jpg,none,0.0,,,1.0
aihub_raw/surface/Surface_1/Surface_051/MP_SEL_SUR_005034.jpg,none,0.0,,,0.9703
aihub_raw/surface/Surface_1/Surface_051/MP_SEL_SUR_005035.jpg,none,0.0,,,0.8677
aihub_raw/surface/Surface_1/Surface_051/MP_SEL_SUR_005036.jpg,none_far,0.0283,0.111,0.333,0.6635
aihub_raw/surface/Surface_1/Surface_051/MP_SEL_SUR_005037.jpg,none,0.0,,,0.7309
aihub_raw/surface/Surface_1/Surface_051/MP_SEL_SUR_005038.jpg,none,0.0,,,0.0
aihub_raw/surface/Surface_1/Surface_051/MP_SEL_SUR_005039.jpg,none,0.0,,,0.9273
aihub_raw/surface/Surface_1/Surface_051/MP_SEL_SUR_005040.jpg,none,0.0,,,0.8616
aihub_raw/surface/Surface_1/Surface_051/MP_SEL_SUR_005041.jpg,none,0.0,,,0.9595
aihub_raw/surface/Surface_1/Surface_051/MP_SEL_SUR_005044.jpg,none,0.0,,,0.0
aihub_raw/surface/Surface_1/Surface_051/MP_SEL_SUR_005045.jpg,none,0.0,,,0.0
aihub_raw/surface/Surface_1/Surface_051/MP_SEL_SUR_005046.jpg,none,0.0,,,0.9702
aihub_raw/surface/Surface_1/Surface_051/MP_SEL_SUR_005047.jpg,none,0.0,,,0.9847
aihub_raw/surface/Surface_1/Surface_051/MP_SEL_SUR_005048.jpg,none,0.0,,,0.884
aihub_raw/surface/Surface_1/Surface_051/MP_SEL_SUR_005049.jpg,none,0.0,,,0.9423
aihub_raw/surface/Surface_1/Surface_051/MP_SEL_SUR_005050.jpg,none,0.0,,,0.9398
aihub_raw/surface/Surface_1/Surface_051/MP_SEL_SUR_005051.jpg,none,0.0,,,0.9916
aihub_raw/surface/Surface_1/Surface_051/MP_SEL_SUR_005052.jpg,approach,0.3988,0.0,0.6,0.417
aihub_raw/surface/Surface_1/Surface_051/MP_SEL_SUR_005053.jpg,none,0.0,,,0.999
aihub_raw/surface/Surface_1/Surface_051/MP_SEL_SUR_005054.jpg,none,0.0,,,0.0
aihub_raw/surface/Surface_1/Surface_051/MP_SEL_SUR_005056.jpg,none_far,0.0122,0.007,0.037,0.2545
aihub_raw/surface/Surface_1/Surface_051/MP_SEL_SUR_005058.jpg,none,0.0,,,0.6268
aihub_raw/surface/Surface_1/Surface_051/MP_SEL_SUR_005059.jpg,none,0.0,,,0.0
aihub_raw/surface/Surface_1/Surface_051/MP_SEL_SUR_005060.jpg,none,0.0,,,0.0
aihub_raw/surface/Surface_1/Surface_051/MP_SEL_SUR_005061.jpg,none,0.0,,,0.7274
aihub_raw/surface/Surface_1/Surface_051/MP_SEL_SUR_005062.jpg,none,0.0,,,0.8878
aihub_raw/surface/Surface_1/Surface_051/MP_SEL_SUR_005064.jpg,none_far,0.502,0.004,0.585,0.4649
aihub_raw/surface/Surface_1/Surface_051/MP_SEL_SUR_005065.jpg,none,0.0,,,1.0
aihub_raw/surface/Surface_1/Surface_051/MP_SEL_SUR_005066.jpg,none,0.0,,,0.8916
aihub_raw/surface/Surface_1/Surface_051/MP_SEL_SUR_005067.jpg,none,0.0,,,0.0
aihub_raw/surface/Surface_1/Surface_051/MP_SEL_SUR_005068.jpg,none,0.0,,,0.934
aihub_raw/surface/Surface_1/Surface_051/MP_SEL_SUR_005069.jpg,on,0.9592,0.0,1.0,0.0406
aihub_raw/surface/Surface_1/Surface_051/MP_SEL_SUR_005070.jpg,none,0.0,,,0.8202
aihub_raw/surface/Surface_1/Surface_051/MP_SEL_SUR_005071.jpg,none,0.0,,,0.8804
aihub_raw/surface/Surface_1/Surface_051/MP_SEL_SUR_005072.jpg,none,0.0,,,0.7458
aihub_raw/surface/Surface_1/Surface_051/MP_SEL_SUR_005073.jpg,none,0.0,,,0.1883
aihub_raw/surface/Surface_1/Surface_051/MP_SEL_SUR_005074.jpg,none,0.0,,,0.8977
aihub_raw/surface/Surface_1/Surface_051/MP_SEL_SUR_005075.jpg,none,0.0,,,0.9215
aihub_raw/surface/Surface_1/Surface_051/MP_SEL_SUR_005077.jpg,none,0.0,,,0.9599
aihub_raw/surface/Surface_1/Surface_051/MP_SEL_SUR_005078.jpg,none,0.0,,,0.9252
aihub_raw/surface/Surface_1/Surface_051/MP_SEL_SUR_005079.jpg,none,0.0,,,0.9795
aihub_raw/surface/Surface_1/Surface_051/MP_SEL_SUR_005081.jpg,none,0.0,,,0.0
aihub_raw/surface/Surface_1/Surface_051/MP_SEL_SUR_005082.jpg,none,0.0,,,0.0
aihub_raw/surface/Surface_1/Surface_051/MP_SEL_SUR_005083.jpg,none,0.0,,,0.0
aihub_raw/surface/Surface_1/Surface_051/MP_SEL_SUR_005084.jpg,none,0.0,,,0.0
aihub_raw/surface/Surface_1/Surface_051/MP_SEL_SUR_005085.jpg,none,0.0,,,0.9394
aihub_raw/surface/Surface_1/Surface_051/MP_SEL_SUR_005086.jpg,none,0.0,,,0.9298
aihub_raw/surface/Surface_1/Surface_051/MP_SEL_SUR_005087.jpg,on,0.7722,0.085,1.0,0.0
aihub_raw/surface/Surface_1/Surface_051/MP_SEL_SUR_005088.jpg,none,0.0,,,0.0
aihub_raw/surface/Surface_1/Surface_051/MP_SEL_SUR_005089.jpg,none,0.0,,,0.0
aihub_raw/surface/Surface_1/Surface_052/MP_SEL_SUR_005090.jpg,none,0.0,,,0.6322
aihub_raw/surface/Surface_1/Surface_052/MP_SEL_SUR_005091.jpg,none,0.0,,,0.0
aihub_raw/surface/Surface_1/Surface_052/MP_SEL_SUR_005093.jpg,none,0.0,,,0.9462
aihub_raw/surface/Surface_1/Surface_052/MP_SEL_SUR_005094.jpg,none,0.0,,,1.0
aihub_raw/surface/Surface_1/Surface_052/MP_SEL_SUR_005095.jpg,none,0.0,,,0.8676
aihub_raw/surface/Surface_1/Surface_052/MP_SEL_SUR_005096.jpg,none,0.0,,,0.8022
aihub_raw/surface/Surface_1/Surface_052/MP_SEL_SUR_005097.jpg,none,0.0,,,0.0
aihub_raw/surface/Surface_1/Surface_052/MP_SEL_SUR_005098.jpg,none,0.0,,,0.0044
aihub_raw/surface/Surface_1/Surface_052/MP_SEL_SUR_005099.jpg,none,0.0,,,0.9976
aihub_raw/surface/Surface_1/Surface_052/MP_SEL_SUR_005100.jpg,none,0.0,,,0.0
aihub_raw/surface/Surface_1/Surface_052/MP_SEL_SUR_005101.jpg,none,0.0,,,0.0
aihub_raw/surface/Surface_1/Surface_052/MP_SEL_SUR_005102.jpg,none,0.0,,,0.6472
aihub_raw/surface/Surface_1/Surface_052/MP_SEL_SUR_005103.jpg,none,0.0,,,0.0
aihub_raw/surface/Surface_1/Surface_052/MP_SEL_SUR_005104.jpg,none,0.0,,,0.0
aihub_raw/surface/Surface_1/Surface_052/MP_SEL_SUR_005106.jpg,none,0.0,,,0.9145
aihub_raw/surface/Surface_1/Surface_052/MP_SEL_SUR_005107.jpg,none,0.0,,,0.8951
aihub_raw/surface/Surface_1/Surface_052/MP_SEL_SUR_005108.jpg,none,0.0,,,0.8461
aihub_raw/surface/Surface_1/Surface_052/MP_SEL_SUR_005109.jpg,none,0.0,,,0.0
aihub_raw/surface/Surface_1/Surface_052/MP_SEL_SUR_005110.jpg,none,0.0,,,0.9096
aihub_raw/surface/Surface_1/Surface_052/MP_SEL_SUR_005111.jpg,none,0.0,,,0.0
aihub_raw/surface/Surface_1/Surface_052/MP_SEL_SUR_005112.jpg,none,0.0,,,0.0
aihub_raw/surface/Surface_1/Surface_052/MP_SEL_SUR_005113.jpg,none,0.0,,,0.0
aihub_raw/surface/Surface_1/Surface_052/MP_SEL_SUR_005114.jpg,none,0.0,,,0.0
aihub_raw/surface/Surface_1/Surface_052/MP_SEL_SUR_005115.jpg,none,0.0,,,0.0
aihub_raw/surface/Surface_1/Surface_052/MP_SEL_SUR_005116.jpg,none,0.0,,,0.8676
aihub_raw/surface/Surface_1/Surface_052/MP_SEL_SUR_005117.jpg,none,0.0,,,0.0
aihub_raw/surface/Surface_1/Surface_052/MP_SEL_SUR_005118.jpg,none,0.0,,,0.517
aihub_raw/surface/Surface_1/Surface_052/MP_SEL_SUR_005119.jpg,none,0.0,,,0.0
aihub_raw/surface/Surface_1/Surface_052/MP_SEL_SUR_005120.jpg,none,0.0,,,0.0
aihub_raw/surface/Surface_1/Surface_052/MP_SEL_SUR_005122.jpg,none,0.0,,,0.9246
aihub_raw/surface/Surface_1/Surface_052/MP_SEL_SUR_005123.jpg,none,0.0,,,0.9185
aihub_raw/surface/Surface_1/Surface_052/MP_SEL_SUR_005124.jpg,none,0.0,,,0.6596
aihub_raw/surface/Surface_1/Surface_052/MP_SEL_SUR_005125.jpg,none,0.0,,,0.9791
aihub_raw/surface/Surface_1/Surface_052/MP_SEL_SUR_005126.jpg,none,0.0,,,0.922
aihub_raw/surface/Surface_1/Surface_052/MP_SEL_SUR_005127.jpg,none,0.0,,,0.7509
aihub_raw/surface/Surface_1/Surface_052/MP_SEL_SUR_005128.jpg,none,0.0,,,0.9477
aihub_raw/surface/Surface_1/Surface_052/MP_SEL_SUR_005129.jpg,none,0.0,,,0.0
aihub_raw/surface/Surface_1/Surface_052/MP_SEL_SUR_005130.jpg,none,0.0,,,0.9228
aihub_raw/surface/Surface_1/Surface_052/MP_SEL_SUR_005131.jpg,none,0.0,,,0.8543
aihub_raw/surface/Surface_1/Surface_052/MP_SEL_SUR_005132.jpg,none,0.0,,,0.7446
aihub_raw/surface/Surface_1/Surface_052/MP_SEL_SUR_005133.jpg,none,0.0,,,0.8779
aihub_raw/surface/Surface_1/Surface_052/MP_SEL_SUR_005134.jpg,none,0.0,,,0.9166
aihub_raw/surface/Surface_1/Surface_052/MP_SEL_SUR_005135.jpg,none,0.0,,,0.0
aihub_raw/surface/Surface_1/Surface_052/MP_SEL_SUR_005137.jpg,none,0.0,,,0.9913
aihub_raw/surface/Surface_1/Surface_052/MP_SEL_SUR_005138.jpg,none,0.0,,,0.0
aihub_raw/surface/Surface_1/Surface_052/MP_SEL_SUR_005139.jpg,none,0.0,,,0.9917
aihub_raw/surface/Surface_1/Surface_052/MP_SEL_SUR_005140.jpg,on,0.9976,0.0,1.0,0.0
aihub_raw/surface/Surface_1/Surface_052/MP_SEL_SUR_005141.jpg,none,0.0,,,0.6335
aihub_raw/surface/Surface_1/Surface_052/MP_SEL_SUR_005142.jpg,none,0.0,,,0.8411
aihub_raw/surface/Surface_1/Surface_052/MP_SEL_SUR_005143.jpg,none,0.0,,,0.6833
aihub_raw/surface/Surface_1/Surface_052/MP_SEL_SUR_005144.jpg,none,0.0,,,0.9634
aihub_raw/surface/Surface_1/Surface_052/MP_SEL_SUR_005145.jpg,none,0.0,,,0.8188
aihub_raw/surface/Surface_1/Surface_052/MP_SEL_SUR_005146.jpg,none,0.0,,,0.0922
aihub_raw/surface/Surface_1/Surface_052/MP_SEL_SUR_005147.jpg,none,0.0,,,0.9979
aihub_raw/surface/Surface_1/Surface_052/MP_SEL_SUR_005148.jpg,none,0.0,,,0.7588
aihub_raw/surface/Surface_1/Surface_052/MP_SEL_SUR_005149.jpg,none,0.0,,,0.899
aihub_raw/surface/Surface_1/Surface_052/MP_SEL_SUR_005150.jpg,none,0.0,,,0.7639
aihub_raw/surface/Surface_1/Surface_052/MP_SEL_SUR_005152.jpg,none,0.0,,,0.0011
aihub_raw/surface/Surface_1/Surface_052/MP_SEL_SUR_005153.jpg,none,0.0,,,0.8854
aihub_raw/surface/Surface_1/Surface_052/MP_SEL_SUR_005154.jpg,none_far,0.3105,0.007,0.337,0.685
aihub_raw/surface/Surface_1/Surface_052/MP_SEL_SUR_005155.jpg,none,0.0,,,0.8744
aihub_raw/surface/Surface_1/Surface_052/MP_SEL_SUR_005156.jpg,none,0.0,,,0.0
aihub_raw/surface/Surface_1/Surface_052/MP_SEL_SUR_005157.jpg,none,0.0,,,1.0
aihub_raw/surface/Surface_1/Surface_052/MP_SEL_SUR_005158.jpg,none,0.0,,,0.9925
aihub_raw/surface/Surface_1/Surface_052/MP_SEL_SUR_005159.jpg,none,0.0,,,0.8586
aihub_raw/surface/Surface_1/Surface_052/MP_SEL_SUR_005161.jpg,none,0.0,,,0.8607
aihub_raw/surface/Surface_1/Surface_052/MP_SEL_SUR_005162.jpg,none,0.0,,,0.0
aihub_raw/surface/Surface_1/Surface_052/MP_SEL_SUR_005163.jpg,none,0.0,,,0.9192
aihub_raw/surface/Surface_1/Surface_052/MP_SEL_SUR_005164.jpg,none,0.0,,,0.0
aihub_raw/surface/Surface_1/Surface_052/MP_SEL_SUR_005165.jpg,none,0.0,,,0.7831
aihub_raw/surface/Surface_1/Surface_052/MP_SEL_SUR_005166.jpg,none,0.0,,,1.0
aihub_raw/surface/Surface_1/Surface_052/MP_SEL_SUR_005167.jpg,none,0.0,,,0.7101
aihub_raw/surface/Surface_1/Surface_052/MP_SEL_SUR_005168.jpg,none,0.0,,,0.8447
aihub_raw/surface/Surface_1/Surface_052/MP_SEL_SUR_005169.jpg,none,0.0,,,0.8895
aihub_raw/surface/Surface_1/Surface_053/MP_SEL_SUR_005170.jpg,none,0.0,,,0.0
aihub_raw/surface/Surface_1/Surface_053/MP_SEL_SUR_005172.jpg,none,0.0,,,0.9291
aihub_raw/surface/Surface_1/Surface_053/MP_SEL_SUR_005173.jpg,none,0.0,,,0.9703
aihub_raw/surface/Surface_1/Surface_053/MP_SEL_SUR_005174.jpg,none,0.0,,,0.7858
aihub_raw/surface/Surface_1/Surface_053/MP_SEL_SUR_005175.jpg,none,0.0,,,0.8853
aihub_raw/surface/Surface_1/Surface_053/MP_SEL_SUR_005176.jpg,none,0.0,,,0.9039
aihub_raw/surface/Surface_1/Surface_053/MP_SEL_SUR_005177.jpg,none,0.0,,,1.0
aihub_raw/surface/Surface_1/Surface_053/MP_SEL_SUR_005178.jpg,none,0.0,,,0.994
aihub_raw/surface/Surface_1/Surface_053/MP_SEL_SUR_005179.jpg,none,0.0,,,0.0
aihub_raw/surface/Surface_1/Surface_053/MP_SEL_SUR_005180.jpg,none,0.0,,,0.0
aihub_raw/surface/Surface_1/Surface_053/MP_SEL_SUR_005181.jpg,none,0.0,,,0.7113
aihub_raw/surface/Surface_1/Surface_053/MP_SEL_SUR_005182.jpg,none,0.0,,,0.9693
aihub_raw/surface/Surface_1/Surface_053/MP_SEL_SUR_005183.jpg,none,0.0,,,0.908
aihub_raw/surface/Surface_1/Surface_053/MP_SEL_SUR_005184.jpg,none,0.0,,,0.901
aihub_raw/surface/Surface_1/Surface_053/MP_SEL_SUR_005186.jpg,none,0.0,,,0.8328
aihub_raw/surface/Surface_1/Surface_053/MP_SEL_SUR_005187.jpg,none,0.0,,,1.0
aihub_raw/surface/Surface_1/Surface_053/MP_SEL_SUR_005188.jpg,none,0.0,,,0.7657
aihub_raw/surface/Surface_1/Surface_053/MP_SEL_SUR_005189.jpg,none,0.0,,,0.5123
aihub_raw/surface/Surface_1/Surface_053/MP_SEL_SUR_005190.jpg,none,0.0,,,0.696
aihub_raw/surface/Surface_1/Surface_053/MP_SEL_SUR_005191.jpg,none,0.0,,,0.9292
aihub_raw/surface/Surface_1/Surface_053/MP_SEL_SUR_005193.jpg,on,0.7457,0.193,1.0,0.2538
aihub_raw/surface/Surface_1/Surface_053/MP_SEL_SUR_005194.jpg,none,0.0,,,0.8788
aihub_raw/surface/Surface_1/Surface_053/MP_SEL_SUR_005195.jpg,none,0.0,,,1.0
aihub_raw/surface/Surface_1/Surface_053/MP_SEL_SUR_005196.jpg,none,0.0,,,0.8426
aihub_raw/surface/Surface_1/Surface_053/MP_SEL_SUR_005197.jpg,none,0.0,,,0.761
aihub_raw/surface/Surface_1/Surface_053/MP_SEL_SUR_005198.jpg,none,0.0,,,0.958
aihub_raw/surface/Surface_1/Surface_053/MP_SEL_SUR_005199.jpg,none,0.0,,,0.9865
aihub_raw/surface/Surface_1/Surface_053/MP_SEL_SUR_005200.jpg,none,0.0,,,0.6874
aihub_raw/surface/Surface_1/Surface_053/MP_SEL_SUR_005201.jpg,none,0.0,,,0.6874
aihub_raw/surface/Surface_1/Surface_053/MP_SEL_SUR_005202.jpg,none,0.0,,,0.8062
aihub_raw/surface/Surface_1/Surface_053/MP_SEL_SUR_005203.jpg,none,0.0,,,0.7231
aihub_raw/surface/Surface_1/Surface_053/MP_SEL_SUR_005204.jpg,none,0.0,,,0.995
aihub_raw/surface/Surface_1/Surface_053/MP_SEL_SUR_005205.jpg,none,0.0,,,0.9635
aihub_raw/surface/Surface_1/Surface_053/MP_SEL_SUR_005206.jpg,none,0.0,,,0.0
aihub_raw/surface/Surface_1/Surface_053/MP_SEL_SUR_005207.jpg,none,0.0,,,0.9109
aihub_raw/surface/Surface_1/Surface_053/MP_SEL_SUR_005208.jpg,none,0.0,,,0.0
aihub_raw/surface/Surface_1/Surface_053/MP_SEL_SUR_005209.jpg,none,0.0,,,0.5287
aihub_raw/surface/Surface_1/Surface_053/MP_SEL_SUR_005210.jpg,none,0.0,,,0.7456
aihub_raw/surface/Surface_1/Surface_053/MP_SEL_SUR_005211.jpg,none,0.0,,,0.0878
aihub_raw/surface/Surface_1/Surface_053/MP_SEL_SUR_005212.jpg,none,0.0,,,0.847
aihub_raw/surface/Surface_1/Surface_053/MP_SEL_SUR_005213.jpg,none,0.0,,,0.9752
aihub_raw/surface/Surface_1/Surface_053/MP_SEL_SUR_005214.jpg,none,0.0,,,0.0
aihub_raw/surface/Surface_1/Surface_053/MP_SEL_SUR_005215.jpg,none,0.0,,,0.8428
aihub_raw/surface/Surface_1/Surface_053/MP_SEL_SUR_005216.jpg,none,0.0,,,0.0
aihub_raw/surface/Surface_1/Surface_053/MP_SEL_SUR_005217.jpg,none_far,0.2212,0.0,0.381,0.5601
aihub_raw/surface/Surface_1/Surface_053/MP_SEL_SUR_005219.jpg,none,0.0,,,0.9941
aihub_raw/surface/Surface_1/Surface_053/MP_SEL_SUR_005220.jpg,none,0.0,,,0.0
aihub_raw/surface/Surface_1/Surface_053/MP_SEL_SUR_005222.jpg,crossed,0.4246,0.419,1.0,0.4424
aihub_raw/surface/Surface_1/Surface_053/MP_SEL_SUR_005223.jpg,none,0.0,,,0.0
aihub_raw/surface/Surface_1/Surface_053/MP_SEL_SUR_005224.jpg,none_far,0.106,0.0,0.148,0.8625
aihub_raw/surface/Surface_1/Surface_053/MP_SEL_SUR_005225.jpg,none,0.0,,,0.8637
aihub_raw/surface/Surface_1/Surface_053/MP_SEL_SUR_005226.jpg,none,0.0,,,0.8339
aihub_raw/surface/Surface_1/Surface_053/MP_SEL_SUR_005227.jpg,none,0.0,,,1.0
aihub_raw/surface/Surface_1/Surface_053/MP_SEL_SUR_005228.jpg,none,0.0,,,0.0
aihub_raw/surface/Surface_1/Surface_053/MP_SEL_SUR_005229.jpg,none,0.0,,,0.8534
aihub_raw/surface/Surface_1/Surface_053/MP_SEL_SUR_005230.jpg,none,0.0,,,1.0
aihub_raw/surface/Surface_1/Surface_053/MP_SEL_SUR_005231.jpg,none,0.0,,,0.9926
aihub_raw/surface/Surface_1/Surface_053/MP_SEL_SUR_005232.jpg,none,0.0,,,0.8483
aihub_raw/surface/Surface_1/Surface_053/MP_SEL_SUR_005233.jpg,none,0.0,,,0.021
aihub_raw/surface/Surface_1/Surface_053/MP_SEL_SUR_005234.jpg,none,0.0,,,0.021
aihub_raw/surface/Surface_1/Surface_053/MP_SEL_SUR_005235.jpg,none,0.0,,,0.0
aihub_raw/surface/Surface_1/Surface_053/MP_SEL_SUR_005236.jpg,none,0.0,,,0.0231
aihub_raw/surface/Surface_1/Surface_053/MP_SEL_SUR_005237.jpg,none,0.0,,,0.9972
aihub_raw/surface/Surface_1/Surface_053/MP_SEL_SUR_005238.jpg,none,0.0,,,0.6185
aihub_raw/surface/Surface_1/Surface_053/MP_SEL_SUR_005239.jpg,none,0.0,,,0.856
aihub_raw/surface/Surface_1/Surface_053/MP_SEL_SUR_005240.jpg,none,0.0,,,0.707
aihub_raw/surface/Surface_1/Surface_053/MP_SEL_SUR_005241.jpg,none,0.0,,,0.6636
aihub_raw/surface/Surface_1/Surface_053/MP_SEL_SUR_005242.jpg,none,0.0,,,0.719
aihub_raw/surface/Surface_1/Surface_053/MP_SEL_SUR_005243.jpg,none_far,0.0008,0.074,0.089,0.6653
aihub_raw/surface/Surface_1/Surface_053/MP_SEL_SUR_005244.jpg,none,0.0,,,0.0
aihub_raw/surface/Surface_1/Surface_053/MP_SEL_SUR_005245.jpg,none,0.0,,,0.9445
aihub_raw/surface/Surface_1/Surface_053/MP_SEL_SUR_005246.jpg,none,0.0,,,0.9292
aihub_raw/surface/Surface_1/Surface_053/MP_SEL_SUR_005247.jpg,none_far,0.0181,0.0,0.056,0.0254
aihub_raw/surface/Surface_1/Surface_053/MP_SEL_SUR_005248.jpg,none,0.0,,,0.9262
aihub_raw/surface/Surface_1/Surface_053/MP_SEL_SUR_005249.jpg,none,0.0,,,0.9319
aihub_raw/surface/Surface_1/Surface_053/MP_SEL_SUR_005250.jpg,none,0.0,,,0.0646
aihub_raw/surface/Surface_1/Surface_054/MP_SEL_SUR_005251.jpg,none,0.0,,,0.9765
aihub_raw/surface/Surface_1/Surface_054/MP_SEL_SUR_005252.jpg,none,0.0,,,0.8607
aihub_raw/surface/Surface_1/Surface_054/MP_SEL_SUR_005253.jpg,none,0.0,,,1.0
aihub_raw/surface/Surface_1/Surface_054/MP_SEL_SUR_005254.jpg,none,0.0,,,1.0
aihub_raw/surface/Surface_1/Surface_054/MP_SEL_SUR_005255.jpg,none,0.0,,,0.7801
aihub_raw/surface/Surface_1/Surface_054/MP_SEL_SUR_005256.jpg,none,0.0,,,0.9588
aihub_raw/surface/Surface_1/Surface_054/MP_SEL_SUR_005257.jpg,none,0.0,,,0.1645
aihub_raw/surface/Surface_1/Surface_054/MP_SEL_SUR_005258.jpg,none,0.0,,,0.8222
aihub_raw/surface/Surface_1/Surface_054/MP_SEL_SUR_005259.jpg,none,0.0,,,0.0
aihub_raw/surface/Surface_1/Surface_054/MP_SEL_SUR_005260.jpg,none,0.0,,,0.3648
aihub_raw/surface/Surface_1/Surface_054/MP_SEL_SUR_005261.jpg,none,0.0,,,0.0292
aihub_raw/surface/Surface_1/Surface_054/MP_SEL_SUR_005262.jpg,none,0.0,,,0.8347
aihub_raw/surface/Surface_1/Surface_054/MP_SEL_SUR_005263.jpg,none,0.0,,,0.8773
aihub_raw/surface/Surface_1/Surface_054/MP_SEL_SUR_005264.jpg,none,0.0,,,0.9463
aihub_raw/surface/Surface_1/Surface_054/MP_SEL_SUR_005265.jpg,none,0.0,,,0.8911
aihub_raw/surface/Surface_1/Surface_054/MP_SEL_SUR_005266.jpg,none,0.0,,,0.9347
aihub_raw/surface/Surface_1/Surface_054/MP_SEL_SUR_005268.jpg,none,0.0,,,0.0
aihub_raw/surface/Surface_1/Surface_054/MP_SEL_SUR_005269.jpg,none,0.0,,,0.0
aihub_raw/surface/Surface_1/Surface_054/MP_SEL_SUR_005270.jpg,none,0.0,,,0.2209
aihub_raw/surface/Surface_1/Surface_054/MP_SEL_SUR_005271.jpg,on,0.9944,0.004,1.0,0.0
aihub_raw/surface/Surface_1/Surface_054/MP_SEL_SUR_005272.jpg,none,0.0,,,0.7665
aihub_raw/surface/Surface_1/Surface_054/MP_SEL_SUR_005273.jpg,none,0.0,,,0.6872
aihub_raw/surface/Surface_1/Surface_054/MP_SEL_SUR_005274.jpg,none,0.0,,,0.8177
aihub_raw/surface/Surface_1/Surface_054/MP_SEL_SUR_005275.jpg,none,0.0,,,0.9766
aihub_raw/surface/Surface_1/Surface_054/MP_SEL_SUR_005276.jpg,on,1.0,0.0,1.0,0.0
aihub_raw/surface/Surface_1/Surface_054/MP_SEL_SUR_005277.jpg,on,0.5487,0.356,1.0,0.2972
aihub_raw/surface/Surface_1/Surface_054/MP_SEL_SUR_005278.jpg,none,0.0,,,0.9463
aihub_raw/surface/Surface_1/Surface_054/MP_SEL_SUR_005279.jpg,none,0.0,,,0.0
aihub_raw/surface/Surface_1/Surface_054/MP_SEL_SUR_005280.jpg,none,0.0,,,0.0
aihub_raw/surface/Surface_1/Surface_054/MP_SEL_SUR_005281.jpg,none,0.0,,,0.9923
aihub_raw/surface/Surface_1/Surface_054/MP_SEL_SUR_005282.jpg,none,0.0,,,0.0
aihub_raw/surface/Surface_1/Surface_054/MP_SEL_SUR_005283.jpg,none_far,0.0001,0.007,0.015,0.9845
aihub_raw/surface/Surface_1/Surface_054/MP_SEL_SUR_005284.jpg,none,0.0,,,0.494
aihub_raw/surface/Surface_1/Surface_054/MP_SEL_SUR_005285.jpg,none,0.0,,,0.8742
aihub_raw/surface/Surface_1/Surface_054/MP_SEL_SUR_005286.jpg,none,0.0,,,0.929
aihub_raw/surface/Surface_1/Surface_054/MP_SEL_SUR_005287.jpg,none,0.0,,,0.0
aihub_raw/surface/Surface_1/Surface_054/MP_SEL_SUR_005288.jpg,none,0.0,,,0.1104
aihub_raw/surface/Surface_1/Surface_054/MP_SEL_SUR_005289.jpg,none,0.0,,,0.0
aihub_raw/surface/Surface_1/Surface_054/MP_SEL_SUR_005290.jpg,none,0.0,,,0.9331
aihub_raw/surface/Surface_1/Surface_054/MP_SEL_SUR_005291.jpg,none,0.0,,,0.0
aihub_raw/surface/Surface_1/Surface_054/MP_SEL_SUR_005292.jpg,none,0.0,,,0.0
aihub_raw/surface/Surface_1/Surface_054/MP_SEL_SUR_005293.jpg,none,0.0,,,0.9255
aihub_raw/surface/Surface_1/Surface_054/MP_SEL_SUR_005294.jpg,none,0.0,,,0.9572
aihub_raw/surface/Surface_1/Surface_054/MP_SEL_SUR_005295.jpg,on,0.7205,0.237,1.0,0.1302
aihub_raw/surface/Surface_1/Surface_054/MP_SEL_SUR_005296.jpg,none,0.0,,,0.7084
aihub_raw/surface/Surface_1/Surface_054/MP_SEL_SUR_005297.jpg,none,0.0,,,0.2217
aihub_raw/surface/Surface_1/Surface_054/MP_SEL_SUR_005298.jpg,none,0.0,,,0.7996
aihub_raw/surface/Surface_1/Surface_054/MP_SEL_SUR_005299.jpg,none,0.0,,,0.7501
aihub_raw/surface/Surface_1/Surface_054/MP_SEL_SUR_005300.jpg,none,0.0,,,0.4755
aihub_raw/surface/Surface_1/Surface_055/MP_SEL_SUR_005301.jpg,none,0.0,,,0.9774
aihub_raw/surface/Surface_1/Surface_055/MP_SEL_SUR_005302.jpg,none,0.0,,,0.9445
aihub_raw/surface/Surface_1/Surface_055/MP_SEL_SUR_005303.jpg,none,0.0,,,1.0
aihub_raw/surface/Surface_1/Surface_055/MP_SEL_SUR_005304.jpg,none,0.0,,,1.0
aihub_raw/surface/Surface_1/Surface_055/MP_SEL_SUR_005305.jpg,none_far,0.0015,0.022,0.044,0.1953
aihub_raw/surface/Surface_1/Surface_055/MP_SEL_SUR_005306.jpg,none,0.0,,,0.8194
aihub_raw/surface/Surface_1/Surface_055/MP_SEL_SUR_005307.jpg,none,0.0,,,0.799
aihub_raw/surface/Surface_1/Surface_055/MP_SEL_SUR_005308.jpg,none,0.0,,,0.2399
aihub_raw/surface/Surface_1/Surface_055/MP_SEL_SUR_005309.jpg,none,0.0,,,0.8662
aihub_raw/surface/Surface_1/Surface_055/MP_SEL_SUR_005310.jpg,none,0.0,,,0.0
aihub_raw/surface/Surface_1/Surface_055/MP_SEL_SUR_005311.jpg,none,0.0,,,0.0
aihub_raw/surface/Surface_1/Surface_055/MP_SEL_SUR_005312.jpg,none,0.0,,,0.8617
aihub_raw/surface/Surface_1/Surface_055/MP_SEL_SUR_005313.jpg,none,0.0,,,0.9863
aihub_raw/surface/Surface_1/Surface_055/MP_SEL_SUR_005314.jpg,none,0.0,,,0.0
aihub_raw/surface/Surface_1/Surface_055/MP_SEL_SUR_005315.jpg,none,0.0,,,0.9369
aihub_raw/surface/Surface_1/Surface_055/MP_SEL_SUR_005316.jpg,none,0.0,,,0.7851
aihub_raw/surface/Surface_1/Surface_055/MP_SEL_SUR_005317.jpg,none,0.0,,,0.8274
aihub_raw/surface/Surface_1/Surface_055/MP_SEL_SUR_005318.jpg,none,0.0,,,0.9592
aihub_raw/surface/Surface_1/Surface_055/MP_SEL_SUR_005319.jpg,none,0.0,,,0.4841
aihub_raw/surface/Surface_1/Surface_055/MP_SEL_SUR_005320.jpg,none,0.0,,,0.9972
aihub_raw/surface/Surface_1/Surface_055/MP_SEL_SUR_005321.jpg,on,0.8669,0.07,0.996,0.0671
aihub_raw/surface/Surface_1/Surface_055/MP_SEL_SUR_005322.jpg,none,0.0,,,0.7785
aihub_raw/surface/Surface_1/Surface_055/MP_SEL_SUR_005323.jpg,on,0.9657,0.0,1.0,0.0
aihub_raw/surface/Surface_1/Surface_055/MP_SEL_SUR_005324.jpg,none,0.0,,,0.6913
aihub_raw/surface/Surface_1/Surface_055/MP_SEL_SUR_005325.jpg,none,0.0,,,0.9827
aihub_raw/surface/Surface_1/Surface_055/MP_SEL_SUR_005326.jpg,none,0.0,,,0.9788
aihub_raw/surface/Surface_1/Surface_055/MP_SEL_SUR_005327.jpg,none,0.0,,,0.9001
aihub_raw/surface/Surface_1/Surface_055/MP_SEL_SUR_005328.jpg,none,0.0,,,0.8381
aihub_raw/surface/Surface_1/Surface_055/MP_SEL_SUR_005329.jpg,none,0.0,,,0.9195
aihub_raw/surface/Surface_1/Surface_055/MP_SEL_SUR_005330.jpg,none,0.0,,,0.9742
aihub_raw/surface/Surface_1/Surface_055/MP_SEL_SUR_005331.jpg,none,0.0,,,1.0
aihub_raw/surface/Surface_1/Surface_055/MP_SEL_SUR_005332.jpg,none,0.0,,,0.9739
aihub_raw/surface/Surface_1/Surface_055/MP_SEL_SUR_005333.jpg,none,0.0,,,1.0
aihub_raw/surface/Surface_1/Surface_055/MP_SEL_SUR_005334.jpg,none,0.0,,,0.0
aihub_raw/surface/Surface_1/Surface_055/MP_SEL_SUR_005335.jpg,none,0.0,,,0.0
aihub_raw/surface/Surface_1/Surface_055/MP_SEL_SUR_005336.jpg,none,0.0,,,0.8794
aihub_raw/surface/Surface_1/Surface_055/MP_SEL_SUR_005337.jpg,none,0.0,,,0.0782
aihub_raw/surface/Surface_1/Surface_055/MP_SEL_SUR_005338.jpg,none,0.0,,,0.7906
aihub_raw/surface/Surface_1/Surface_055/MP_SEL_SUR_005339.jpg,none,0.0,,,0.9042
aihub_raw/surface/Surface_1/Surface_055/MP_SEL_SUR_005340.jpg,none,0.0,,,0.9042
aihub_raw/surface/Surface_1/Surface_055/MP_SEL_SUR_005341.jpg,none,0.0,,,0.6734
aihub_raw/surface/Surface_1/Surface_055/MP_SEL_SUR_005342.jpg,none,0.0,,,0.6083
aihub_raw/surface/Surface_1/Surface_055/MP_SEL_SUR_005343.jpg,none,0.0,,,0.0
aihub_raw/surface/Surface_1/Surface_055/MP_SEL_SUR_005344.jpg,none,0.0,,,0.7826
aihub_raw/surface/Surface_1/Surface_055/MP_SEL_SUR_005345.jpg,none_far,0.0207,0.074,0.278,0.8541
aihub_raw/surface/Surface_1/Surface_055/MP_SEL_SUR_005346.jpg,none,0.0,,,0.9533
aihub_raw/surface/Surface_1/Surface_055/MP_SEL_SUR_005347.jpg,none,0.0,,,0.967
aihub_raw/surface/Surface_1/Surface_055/MP_SEL_SUR_005348.jpg,none,0.0,,,0.0236
aihub_raw/surface/Surface_1/Surface_055/MP_SEL_SUR_005349.jpg,none,0.0,,,0.0
aihub_raw/surface/Surface_1/Surface_055/MP_SEL_SUR_005350.jpg,none,0.0,,,0.9892
aihub_raw/surface/Surface_1/Surface_056/MP_SEL_SUR_005351.jpg,none,0.0,,,0.8681
aihub_raw/surface/Surface_1/Surface_056/MP_SEL_SUR_005352.jpg,none,0.0,,,0.7961
aihub_raw/surface/Surface_1/Surface_056/MP_SEL_SUR_005353.jpg,none,0.0,,,0.0
aihub_raw/surface/Surface_1/Surface_056/MP_SEL_SUR_005354.jpg,none,0.0,,,0.0
aihub_raw/surface/Surface_1/Surface_056/MP_SEL_SUR_005355.jpg,none,0.0,,,0.8035
aihub_raw/surface/Surface_1/Surface_056/MP_SEL_SUR_005356.jpg,none,0.0,,,0.0
aihub_raw/surface/Surface_1/Surface_056/MP_SEL_SUR_005357.jpg,none,0.0,,,0.9158
aihub_raw/surface/Surface_1/Surface_056/MP_SEL_SUR_005358.jpg,none,0.0,,,0.0
aihub_raw/surface/Surface_1/Surface_056/MP_SEL_SUR_005359.jpg,none,0.0,,,0.0
aihub_raw/surface/Surface_1/Surface_056/MP_SEL_SUR_005360.jpg,none,0.0,,,0.2501
aihub_raw/surface/Surface_1/Surface_056/MP_SEL_SUR_005361.jpg,none,0.0,,,0.9461
aihub_raw/surface/Surface_1/Surface_056/MP_SEL_SUR_005362.jpg,none,0.0,,,0.0
aihub_raw/surface/Surface_1/Surface_056/MP_SEL_SUR_005363.jpg,none,0.0,,,1.0
aihub_raw/surface/Surface_1/Surface_056/MP_SEL_SUR_005364.jpg,none,0.0,,,0.826
aihub_raw/surface/Surface_1/Surface_056/MP_SEL_SUR_005365.jpg,none,0.0,,,0.957
aihub_raw/surface/Surface_1/Surface_056/MP_SEL_SUR_005366.jpg,none,0.0,,,0.0
aihub_raw/surface/Surface_1/Surface_056/MP_SEL_SUR_005367.jpg,none,0.0,,,0.8624
aihub_raw/surface/Surface_1/Surface_056/MP_SEL_SUR_005368.jpg,none,0.0,,,0.93
aihub_raw/surface/Surface_1/Surface_056/MP_SEL_SUR_005369.jpg,none,0.0,,,0.7888
aihub_raw/surface/Surface_1/Surface_056/MP_SEL_SUR_005370.jpg,none,0.0,,,0.8534
aihub_raw/surface/Surface_1/Surface_056/MP_SEL_SUR_005371.jpg,none,0.0,,,0.5361
aihub_raw/surface/Surface_1/Surface_056/MP_SEL_SUR_005372.jpg,none,0.0,,,0.4222
aihub_raw/surface/Surface_1/Surface_056/MP_SEL_SUR_005373.jpg,none,0.0,,,0.0
aihub_raw/surface/Surface_1/Surface_056/MP_SEL_SUR_005374.jpg,none,0.0,,,0.8281
aihub_raw/surface/Surface_1/Surface_056/MP_SEL_SUR_005375.jpg,none,0.0,,,0.0
aihub_raw/surface/Surface_1/Surface_056/MP_SEL_SUR_005376.jpg,none,0.0,,,0.3064
aihub_raw/surface/Surface_1/Surface_056/MP_SEL_SUR_005377.jpg,none,0.0,,,0.0
aihub_raw/surface/Surface_1/Surface_056/MP_SEL_SUR_005378.jpg,none,0.0,,,0.8129
aihub_raw/surface/Surface_1/Surface_056/MP_SEL_SUR_005379.jpg,none,0.0,,,0.9562
aihub_raw/surface/Surface_1/Surface_056/MP_SEL_SUR_005380.jpg,none,0.0,,,0.7743
aihub_raw/surface/Surface_1/Surface_056/MP_SEL_SUR_005381.jpg,none,0.0,,,0.9254
aihub_raw/surface/Surface_1/Surface_056/MP_SEL_SUR_005382.jpg,none,0.0,,,0.7476
aihub_raw/surface/Surface_1/Surface_056/MP_SEL_SUR_005383.jpg,none,0.0,,,0.0526
aihub_raw/surface/Surface_1/Surface_056/MP_SEL_SUR_005384.jpg,none,0.0,,,1.0
aihub_raw/surface/Surface_1/Surface_056/MP_SEL_SUR_005385.jpg,none,0.0,,,0.9578
aihub_raw/surface/Surface_1/Surface_056/MP_SEL_SUR_005386.jpg,none,0.0,,,0.0
aihub_raw/surface/Surface_1/Surface_056/MP_SEL_SUR_005387.jpg,none,0.0,,,0.9659
aihub_raw/surface/Surface_1/Surface_056/MP_SEL_SUR_005388.jpg,none,0.0,,,0.0
aihub_raw/surface/Surface_1/Surface_056/MP_SEL_SUR_005389.jpg,none,0.0,,,0.9752
aihub_raw/surface/Surface_1/Surface_056/MP_SEL_SUR_005390.jpg,none,0.0,,,0.9234
aihub_raw/surface/Surface_1/Surface_056/MP_SEL_SUR_005391.jpg,none,0.0,,,0.0
aihub_raw/surface/Surface_1/Surface_056/MP_SEL_SUR_005392.jpg,none,0.0,,,0.4729
aihub_raw/surface/Surface_1/Surface_056/MP_SEL_SUR_005393.jpg,none,0.0,,,0.9122
aihub_raw/surface/Surface_1/Surface_056/MP_SEL_SUR_005394.jpg,none,0.0,,,0.8506
aihub_raw/surface/Surface_1/Surface_056/MP_SEL_SUR_005395.jpg,none,0.0,,,0.1548
aihub_raw/surface/Surface_1/Surface_056/MP_SEL_SUR_005396.jpg,none,0.0,,,0.0991
aihub_raw/surface/Surface_1/Surface_056/MP_SEL_SUR_005397.jpg,none,0.0,,,0.0
aihub_raw/surface/Surface_1/Surface_056/MP_SEL_SUR_005398.jpg,none,0.0,,,0.8957
aihub_raw/surface/Surface_1/Surface_056/MP_SEL_SUR_005399.jpg,none,0.0,,,0.6653
aihub_raw/surface/Surface_1/Surface_056/MP_SEL_SUR_005400.jpg,on,0.9553,0.019,1.0,0.0347
aihub_raw/surface/Surface_1/Surface_057/MP_SEL_SUR_005401.jpg,none,0.0,,,0.8173
aihub_raw/surface/Surface_1/Surface_057/MP_SEL_SUR_005402.jpg,none,0.0,,,1.0
aihub_raw/surface/Surface_1/Surface_057/MP_SEL_SUR_005403.jpg,none,0.0,,,1.0
aihub_raw/surface/Surface_1/Surface_057/MP_SEL_SUR_005404.jpg,none,0.0,,,0.9445
aihub_raw/surface/Surface_1/Surface_057/MP_SEL_SUR_005405.jpg,none,0.0,,,0.9955
aihub_raw/surface/Surface_1/Surface_057/MP_SEL_SUR_005406.jpg,none,0.0,,,0.9875
aihub_raw/surface/Surface_1/Surface_057/MP_SEL_SUR_005407.jpg,none,0.0,,,0.0
aihub_raw/surface/Surface_1/Surface_057/MP_SEL_SUR_005408.jpg,none,0.0,,,0.8691
aihub_raw/surface/Surface_1/Surface_057/MP_SEL_SUR_005409.jpg,none,0.0,,,0.5739
aihub_raw/surface/Surface_1/Surface_057/MP_SEL_SUR_005410.jpg,none,0.0,,,1.0
aihub_raw/surface/Surface_1/Surface_057/MP_SEL_SUR_005411.jpg,none,0.0,,,0.9017
aihub_raw/surface/Surface_1/Surface_057/MP_SEL_SUR_005412.jpg,none,0.0,,,0.0
aihub_raw/surface/Surface_1/Surface_057/MP_SEL_SUR_005413.jpg,none,0.0,,,0.9508
aihub_raw/surface/Surface_1/Surface_057/MP_SEL_SUR_005414.jpg,none,0.0,,,0.986
aihub_raw/surface/Surface_1/Surface_057/MP_SEL_SUR_005415.jpg,none,0.0,,,0.9685
aihub_raw/surface/Surface_1/Surface_057/MP_SEL_SUR_005416.jpg,none,0.0,,,0.0
aihub_raw/surface/Surface_1/Surface_057/MP_SEL_SUR_005417.jpg,none,0.0,,,0.0
aihub_raw/surface/Surface_1/Surface_057/MP_SEL_SUR_005418.jpg,none,0.0,,,0.1805
aihub_raw/surface/Surface_1/Surface_057/MP_SEL_SUR_005419.jpg,none,0.0,,,0.7863
aihub_raw/surface/Surface_1/Surface_057/MP_SEL_SUR_005420.jpg,none,0.0,,,1.0
aihub_raw/surface/Surface_1/Surface_057/MP_SEL_SUR_005421.jpg,none,0.0,,,0.8645
aihub_raw/surface/Surface_1/Surface_057/MP_SEL_SUR_005422.jpg,none,0.0,,,0.0117
aihub_raw/surface/Surface_1/Surface_057/MP_SEL_SUR_005423.jpg,none,0.0,,,0.1538
aihub_raw/surface/Surface_1/Surface_057/MP_SEL_SUR_005424.jpg,none,0.0,,,0.0
aihub_raw/surface/Surface_1/Surface_057/MP_SEL_SUR_005425.jpg,none,0.0,,,0.9454
aihub_raw/surface/Surface_1/Surface_057/MP_SEL_SUR_005426.jpg,none,0.0,,,1.0
aihub_raw/surface/Surface_1/Surface_057/MP_SEL_SUR_005427.jpg,none,0.0,,,0.0
aihub_raw/surface/Surface_1/Surface_057/MP_SEL_SUR_005428.jpg,none,0.0,,,0.9396
aihub_raw/surface/Surface_1/Surface_057/MP_SEL_SUR_005429.jpg,none,0.0,,,0.8063
aihub_raw/surface/Surface_1/Surface_057/MP_SEL_SUR_005430.jpg,none,0.0,,,0.9472
aihub_raw/surface/Surface_1/Surface_057/MP_SEL_SUR_005431.jpg,none,0.0,,,1.0
aihub_raw/surface/Surface_1/Surface_057/MP_SEL_SUR_005432.jpg,none,0.0,,,0.2003
aihub_raw/surface/Surface_1/Surface_057/MP_SEL_SUR_005433.jpg,none,0.0,,,0.9109
aihub_raw/surface/Surface_1/Surface_057/MP_SEL_SUR_005434.jpg,none,0.0,,,0.0095
aihub_raw/surface/Surface_1/Surface_057/MP_SEL_SUR_005435.jpg,none,0.0,,,0.0
aihub_raw/surface/Surface_1/Surface_057/MP_SEL_SUR_005436.jpg,none,0.0,,,0.9409
aihub_raw/surface/Surface_1/Surface_057/MP_SEL_SUR_005437.jpg,none,0.0,,,0.8124
aihub_raw/surface/Surface_1/Surface_057/MP_SEL_SUR_005438.jpg,none,0.0,,,0.0
aihub_raw/surface/Surface_1/Surface_057/MP_SEL_SUR_005439.jpg,none,0.0,,,0.9392
aihub_raw/surface/Surface_1/Surface_057/MP_SEL_SUR_005440.jpg,none,0.0,,,0.8937
aihub_raw/surface/Surface_1/Surface_057/MP_SEL_SUR_005441.jpg,none,0.0,,,0.9029
aihub_raw/surface/Surface_1/Surface_057/MP_SEL_SUR_005442.jpg,none,0.0,,,0.8221
aihub_raw/surface/Surface_1/Surface_057/MP_SEL_SUR_005443.jpg,none,0.0,,,0.888
aihub_raw/surface/Surface_1/Surface_057/MP_SEL_SUR_005444.jpg,none,0.0,,,0.0
aihub_raw/surface/Surface_1/Surface_057/MP_SEL_SUR_005445.jpg,none,0.0,,,0.0
aihub_raw/surface/Surface_1/Surface_057/MP_SEL_SUR_005446.jpg,none_far,0.0048,0.0,0.107,0.7505
aihub_raw/surface/Surface_1/Surface_057/MP_SEL_SUR_005447.jpg,none,0.0,,,0.0
aihub_raw/surface/Surface_1/Surface_057/MP_SEL_SUR_005448.jpg,none,0.0,,,0.0
aihub_raw/surface/Surface_1/Surface_057/MP_SEL_SUR_005449.jpg,none,0.0,,,0.0
aihub_raw/surface/Surface_1/Surface_057/MP_SEL_SUR_005450.jpg,on,0.7689,0.159,1.0,0.0
aihub_raw/surface/Surface_1/Surface_058/MP_SEL_SUR_005451.jpg,none,0.0,,,0.0
aihub_raw/surface/Surface_1/Surface_058/MP_SEL_SUR_005452.jpg,none,0.0,,,0.0
aihub_raw/surface/Surface_1/Surface_058/MP_SEL_SUR_005453.jpg,none,0.0,,,0.9942
aihub_raw/surface/Surface_1/Surface_058/MP_SEL_SUR_005454.jpg,none,0.0,,,0.8626
aihub_raw/surface/Surface_1/Surface_058/MP_SEL_SUR_005455.jpg,none,0.0,,,0.8401
aihub_raw/surface/Surface_1/Surface_058/MP_SEL_SUR_005456.jpg,none,0.0,,,0.0
aihub_raw/surface/Surface_1/Surface_058/MP_SEL_SUR_005457.jpg,none,0.0,,,0.0
aihub_raw/surface/Surface_1/Surface_058/MP_SEL_SUR_005458.jpg,none,0.0,,,0.9676
aihub_raw/surface/Surface_1/Surface_058/MP_SEL_SUR_005459.jpg,none,0.0,,,0.9208
aihub_raw/surface/Surface_1/Surface_058/MP_SEL_SUR_005460.jpg,none,0.0,,,0.8111
aihub_raw/surface/Surface_1/Surface_058/MP_SEL_SUR_005461.jpg,none,0.0,,,0.892
aihub_raw/surface/Surface_1/Surface_058/MP_SEL_SUR_005462.jpg,none,0.0,,,0.8347
aihub_raw/surface/Surface_1/Surface_058/MP_SEL_SUR_005463.jpg,none,0.0,,,0.0
aihub_raw/surface/Surface_1/Surface_058/MP_SEL_SUR_005464.jpg,none,0.0,,,0.8989
aihub_raw/surface/Surface_1/Surface_058/MP_SEL_SUR_005465.jpg,none,0.0,,,0.8224
aihub_raw/surface/Surface_1/Surface_058/MP_SEL_SUR_005466.jpg,none,0.0,,,1.0
aihub_raw/surface/Surface_1/Surface_058/MP_SEL_SUR_005467.jpg,none,0.0,,,0.4836
aihub_raw/surface/Surface_1/Surface_058/MP_SEL_SUR_005468.jpg,none,0.0,,,0.0
aihub_raw/surface/Surface_1/Surface_058/MP_SEL_SUR_005469.jpg,none,0.0,,,0.0
aihub_raw/surface/Surface_1/Surface_058/MP_SEL_SUR_005470.jpg,none_far,0.0387,0.0,0.085,0.8468
aihub_raw/surface/Surface_1/Surface_058/MP_SEL_SUR_005471.jpg,none,0.0,,,0.0
aihub_raw/surface/Surface_1/Surface_058/MP_SEL_SUR_005472.jpg,none_far,0.0489,0.0,0.319,0.9205
aihub_raw/surface/Surface_1/Surface_058/MP_SEL_SUR_005473.jpg,none_far,0.0711,0.0,0.085,0.9267
aihub_raw/surface/Surface_1/Surface_058/MP_SEL_SUR_005474.jpg,none,0.0,,,0.9932
aihub_raw/surface/Surface_1/Surface_058/MP_SEL_SUR_005475.jpg,none,0.0,,,0.9078
aihub_raw/surface/Surface_1/Surface_058/MP_SEL_SUR_005476.jpg,none,0.0,,,0.73
aihub_raw/surface/Surface_1/Surface_058/MP_SEL_SUR_005477.jpg,none,0.0,,,0.3821
aihub_raw/surface/Surface_1/Surface_058/MP_SEL_SUR_005478.jpg,none,0.0,,,0.7173
aihub_raw/surface/Surface_1/Surface_058/MP_SEL_SUR_005479.jpg,none,0.0,,,1.0
aihub_raw/surface/Surface_1/Surface_058/MP_SEL_SUR_005480.jpg,none,0.0,,,0.0
aihub_raw/surface/Surface_1/Surface_058/MP_SEL_SUR_005481.jpg,none_far,0.1165,0.026,0.304,0.7569
aihub_raw/surface/Surface_1/Surface_058/MP_SEL_SUR_005482.jpg,none,0.0,,,0.3794
aihub_raw/surface/Surface_1/Surface_058/MP_SEL_SUR_005483.jpg,none,0.0,,,0.7941
aihub_raw/surface/Surface_1/Surface_058/MP_SEL_SUR_005484.jpg,none,0.0,,,0.4115
aihub_raw/surface/Surface_1/Surface_058/MP_SEL_SUR_005485.jpg,none,0.0,,,0.7102
aihub_raw/surface/Surface_1/Surface_058/MP_SEL_SUR_005486.jpg,none,0.0,,,0.8609
aihub_raw/surface/Surface_1/Surface_058/MP_SEL_SUR_005487.jpg,none,0.0,,,1.0
aihub_raw/surface/Surface_1/Surface_058/MP_SEL_SUR_005488.jpg,none,0.0,,,0.9669
aihub_raw/surface/Surface_1/Surface_058/MP_SEL_SUR_005489.jpg,none,0.0,,,0.9204
aihub_raw/surface/Surface_1/Surface_058/MP_SEL_SUR_005490.jpg,none,0.0,,,0.8109
aihub_raw/surface/Surface_1/Surface_058/MP_SEL_SUR_005493.jpg,none,0.0,,,0.0
aihub_raw/surface/Surface_1/Surface_058/MP_SEL_SUR_005495.jpg,none,0.0,,,0.9645
aihub_raw/surface/Surface_1/Surface_058/MP_SEL_SUR_005496.jpg,none,0.0,,,0.0
aihub_raw/surface/Surface_1/Surface_058/MP_SEL_SUR_005497.jpg,none,0.0,,,1.0
aihub_raw/surface/Surface_1/Surface_058/MP_SEL_SUR_005498.jpg,none,0.0,,,0.9978
aihub_raw/surface/Surface_1/Surface_058/MP_SEL_SUR_005499.jpg,none,0.0,,,0.8678
aihub_raw/surface/Surface_1/Surface_058/MP_SEL_SUR_005500.jpg,none,0.0,,,0.9882
aihub_raw/surface/Surface_1/Surface_059/MP_SEL_SUR_005501.jpg,none,0.0,,,0.9551
aihub_raw/surface/Surface_1/Surface_059/MP_SEL_SUR_005502.jpg,none_far,0.0331,0.0,0.052,0.0391
aihub_raw/surface/Surface_1/Surface_059/MP_SEL_SUR_005503.jpg,none,0.0,,,0.0
aihub_raw/surface/Surface_1/Surface_059/MP_SEL_SUR_005504.jpg,none,0.0,,,0.9207
aihub_raw/surface/Surface_1/Surface_059/MP_SEL_SUR_005505.jpg,none,0.0,,,0.332
aihub_raw/surface/Surface_1/Surface_059/MP_SEL_SUR_005506.jpg,none,0.0,,,0.0
aihub_raw/surface/Surface_1/Surface_059/MP_SEL_SUR_005507.jpg,none,0.0,,,0.0042
aihub_raw/surface/Surface_1/Surface_059/MP_SEL_SUR_005508.jpg,none,0.0,,,0.0
aihub_raw/surface/Surface_1/Surface_059/MP_SEL_SUR_005509.jpg,none,0.0,,,0.0
aihub_raw/surface/Surface_1/Surface_059/MP_SEL_SUR_005510.jpg,none_far,0.0159,0.0,0.144,0.853
aihub_raw/surface/Surface_1/Surface_059/MP_SEL_SUR_005511.jpg,none,0.0,,,0.765
aihub_raw/surface/Surface_1/Surface_059/MP_SEL_SUR_005512.jpg,none,0.0,,,0.9906
aihub_raw/surface/Surface_1/Surface_059/MP_SEL_SUR_005513.jpg,none,0.0,,,0.8575
aihub_raw/surface/Surface_1/Surface_059/MP_SEL_SUR_005514.jpg,none,0.0,,,0.0
aihub_raw/surface/Surface_1/Surface_059/MP_SEL_SUR_005515.jpg,none,0.0,,,0.7946
aihub_raw/surface/Surface_1/Surface_059/MP_SEL_SUR_005516.jpg,none,0.0,,,0.9977
aihub_raw/surface/Surface_1/Surface_059/MP_SEL_SUR_005517.jpg,none_far,0.0209,0.093,0.296,0.7042
aihub_raw/surface/Surface_1/Surface_059/MP_SEL_SUR_005518.jpg,none,0.0,,,0.888
aihub_raw/surface/Surface_1/Surface_059/MP_SEL_SUR_005519.jpg,none,0.0,,,1.0
aihub_raw/surface/Surface_1/Surface_059/MP_SEL_SUR_005520.jpg,none,0.0,,,1.0
aihub_raw/surface/Surface_1/Surface_059/MP_SEL_SUR_005521.jpg,none,0.0,,,0.9758
aihub_raw/surface/Surface_1/Surface_059/MP_SEL_SUR_005522.jpg,none,0.0,,,0.9623
aihub_raw/surface/Surface_1/Surface_059/MP_SEL_SUR_005523.jpg,none,0.0,,,0.0
aihub_raw/surface/Surface_1/Surface_059/MP_SEL_SUR_005524.jpg,none,0.0,,,0.9167
aihub_raw/surface/Surface_1/Surface_059/MP_SEL_SUR_005525.jpg,none,0.0,,,0.9964
aihub_raw/surface/Surface_1/Surface_059/MP_SEL_SUR_005526.jpg,none,0.0,,,0.9601
aihub_raw/surface/Surface_1/Surface_059/MP_SEL_SUR_005527.jpg,none,0.0,,,0.0
aihub_raw/surface/Surface_1/Surface_059/MP_SEL_SUR_005528.jpg,none,0.0,,,0.9256
aihub_raw/surface/Surface_1/Surface_059/MP_SEL_SUR_005529.jpg,none,0.0,,,0.0
aihub_raw/surface/Surface_1/Surface_059/MP_SEL_SUR_005530.jpg,none,0.0,,,1.0
aihub_raw/surface/Surface_1/Surface_059/MP_SEL_SUR_005531.jpg,none,0.0,,,0.9346
aihub_raw/surface/Surface_1/Surface_059/MP_SEL_SUR_005532.jpg,none,0.0,,,0.0
aihub_raw/surface/Surface_1/Surface_059/MP_SEL_SUR_005533.jpg,none,0.0,,,0.9632
aihub_raw/surface/Surface_1/Surface_059/MP_SEL_SUR_005534.jpg,none,0.0,,,0.8496
aihub_raw/surface/Surface_1/Surface_059/MP_SEL_SUR_005535.jpg,none,0.0,,,0.9838
aihub_raw/surface/Surface_1/Surface_059/MP_SEL_SUR_005536.jpg,none,0.0,,,0.9909
aihub_raw/surface/Surface_1/Surface_059/MP_SEL_SUR_005537.jpg,none,0.0,,,0.0002
aihub_raw/surface/Surface_1/Surface_059/MP_SEL_SUR_005538.jpg,none,0.0,,,0.1908
aihub_raw/surface/Surface_1/Surface_059/MP_SEL_SUR_005539.jpg,none,0.0,,,0.0
aihub_raw/surface/Surface_1/Surface_059/MP_SEL_SUR_005540.jpg,none,0.0,,,0.0079
aihub_raw/surface/Surface_1/Surface_059/MP_SEL_SUR_005541.jpg,none,0.0,,,0.9148
aihub_raw/surface/Surface_1/Surface_059/MP_SEL_SUR_005542.jpg,none,0.0,,,0.9855
aihub_raw/surface/Surface_1/Surface_059/MP_SEL_SUR_005543.jpg,none,0.0,,,0.9512
aihub_raw/surface/Surface_1/Surface_059/MP_SEL_SUR_005544.jpg,none,0.0,,,0.9177
aihub_raw/surface/Surface_1/Surface_059/MP_SEL_SUR_005545.jpg,none,0.0,,,0.9264
aihub_raw/surface/Surface_1/Surface_059/MP_SEL_SUR_005546.jpg,none,0.0,,,0.8657
aihub_raw/surface/Surface_1/Surface_059/MP_SEL_SUR_005548.jpg,none,0.0,,,0.0
aihub_raw/surface/Surface_1/Surface_059/MP_SEL_SUR_005549.jpg,none,0.0,,,0.0038
aihub_raw/surface/Surface_1/Surface_059/MP_SEL_SUR_005550.jpg,none,0.0,,,0.9093
aihub_raw/surface/Surface_1/Surface_060/MP_SEL_SUR_005551.jpg,none,0.0,,,1.0
aihub_raw/surface/Surface_1/Surface_060/MP_SEL_SUR_005552.jpg,none,0.0,,,0.9783
aihub_raw/surface/Surface_1/Surface_060/MP_SEL_SUR_005553.jpg,none,0.0,,,0.9247
aihub_raw/surface/Surface_1/Surface_060/MP_SEL_SUR_005554.jpg,none,0.0,,,0.9152
aihub_raw/surface/Surface_1/Surface_060/MP_SEL_SUR_005555.jpg,none,0.0,,,0.0
aihub_raw/surface/Surface_1/Surface_060/MP_SEL_SUR_005556.jpg,none,0.0,,,1.0
aihub_raw/surface/Surface_1/Surface_060/MP_SEL_SUR_005557.jpg,none,0.0,,,0.9933
aihub_raw/surface/Surface_1/Surface_060/MP_SEL_SUR_005558.jpg,none,0.0,,,0.998
aihub_raw/surface/Surface_1/Surface_060/MP_SEL_SUR_005559.jpg,none,0.0,,,0.9579
aihub_raw/surface/Surface_1/Surface_060/MP_SEL_SUR_005560.jpg,none,0.0,,,0.9547
aihub_raw/surface/Surface_1/Surface_060/MP_SEL_SUR_005561.jpg,none,0.0,,,0.9396
aihub_raw/surface/Surface_1/Surface_060/MP_SEL_SUR_005562.jpg,none,0.0,,,0.9598
aihub_raw/surface/Surface_1/Surface_060/MP_SEL_SUR_005563.jpg,none,0.0,,,0.8088
aihub_raw/surface/Surface_1/Surface_060/MP_SEL_SUR_005564.jpg,none,0.0,,,0.9999
aihub_raw/surface/Surface_1/Surface_060/MP_SEL_SUR_005565.jpg,none,0.0,,,0.0
aihub_raw/surface/Surface_1/Surface_060/MP_SEL_SUR_005567.jpg,none,0.0,,,0.0065
aihub_raw/surface/Surface_1/Surface_060/MP_SEL_SUR_005568.jpg,none,0.0,,,0.9749
aihub_raw/surface/Surface_1/Surface_060/MP_SEL_SUR_005570.jpg,none,0.0,,,0.8821
aihub_raw/surface/Surface_1/Surface_060/MP_SEL_SUR_005571.jpg,none,0.0,,,0.0999
aihub_raw/surface/Surface_1/Surface_060/MP_SEL_SUR_005572.jpg,none,0.0,,,0.3801
aihub_raw/surface/Surface_1/Surface_060/MP_SEL_SUR_005573.jpg,none,0.0,,,0.9078
aihub_raw/surface/Surface_1/Surface_060/MP_SEL_SUR_005574.jpg,none,0.0,,,0.5458
aihub_raw/surface/Surface_1/Surface_060/MP_SEL_SUR_005575.jpg,none,0.0,,,0.9988
aihub_raw/surface/Surface_1/Surface_060/MP_SEL_SUR_005576.jpg,none,0.0,,,0.0
aihub_raw/surface/Surface_1/Surface_060/MP_SEL_SUR_005577.jpg,none,0.0,,,1.0
aihub_raw/surface/Surface_1/Surface_060/MP_SEL_SUR_005578.jpg,none,0.0,,,1.0
aihub_raw/surface/Surface_1/Surface_060/MP_SEL_SUR_005579.jpg,none,0.0,,,0.9569
aihub_raw/surface/Surface_1/Surface_060/MP_SEL_SUR_005580.jpg,none,0.0,,,0.8634
aihub_raw/surface/Surface_1/Surface_060/MP_SEL_SUR_005581.jpg,none,0.0,,,1.0
aihub_raw/surface/Surface_1/Surface_060/MP_SEL_SUR_005582.jpg,none,0.0,,,0.9638
aihub_raw/surface/Surface_1/Surface_060/MP_SEL_SUR_005583.jpg,none,0.0,,,0.0
aihub_raw/surface/Surface_1/Surface_060/MP_SEL_SUR_005584.jpg,none,0.0,,,0.2896
aihub_raw/surface/Surface_1/Surface_060/MP_SEL_SUR_005585.jpg,none,0.0,,,0.8525
aihub_raw/surface/Surface_1/Surface_060/MP_SEL_SUR_005586.jpg,none,0.0,,,0.9742
aihub_raw/surface/Surface_1/Surface_060/MP_SEL_SUR_005587.jpg,none,0.0,,,0.0
aihub_raw/surface/Surface_1/Surface_060/MP_SEL_SUR_005588.jpg,none,0.0,,,1.0
aihub_raw/surface/Surface_1/Surface_060/MP_SEL_SUR_005589.jpg,none,0.0,,,0.8926
aihub_raw/surface/Surface_1/Surface_060/MP_SEL_SUR_005590.jpg,none,0.0,,,0.0
aihub_raw/surface/Surface_1/Surface_060/MP_SEL_SUR_005591.jpg,none_far,0.4093,0.0,0.511,0.484
aihub_raw/surface/Surface_1/Surface_060/MP_SEL_SUR_005592.jpg,none,0.0,,,0.0
aihub_raw/surface/Surface_1/Surface_060/MP_SEL_SUR_005593.jpg,none,0.0,,,0.0144
aihub_raw/surface/Surface_1/Surface_060/MP_SEL_SUR_005594.jpg,none,0.0,,,0.8703
aihub_raw/surface/Surface_1/Surface_060/MP_SEL_SUR_005595.jpg,none,0.0,,,0.0
aihub_raw/surface/Surface_1/Surface_060/MP_SEL_SUR_005596.jpg,none,0.0,,,0.9866
aihub_raw/surface/Surface_1/Surface_060/MP_SEL_SUR_005597.jpg,none_far,0.0001,0.0,0.011,0.5343
aihub_raw/surface/Surface_1/Surface_060/MP_SEL_SUR_005598.jpg,none,0.0,,,0.9491
aihub_raw/surface/Surface_1/Surface_060/MP_SEL_SUR_005599.jpg,none,0.0,,,0.0
aihub_raw/surface/Surface_1/Surface_060/MP_SEL_SUR_005600.jpg,on,0.78,0.196,1.0,0.0923
aihub_raw/surface/Surface_1/Surface_061/MP_SEL_SUR_005601.jpg,none,0.0,,,0.9993
aihub_raw/surface/Surface_1/Surface_061/MP_SEL_SUR_005602.jpg,none,0.0,,,0.9966
aihub_raw/surface/Surface_1/Surface_061/MP_SEL_SUR_005603.jpg,none,0.0,,,0.8108
aihub_raw/surface/Surface_1/Surface_061/MP_SEL_SUR_005604.jpg,none,0.0,,,1.0
aihub_raw/surface/Surface_1/Surface_061/MP_SEL_SUR_005605.jpg,none,0.0,,,1.0
aihub_raw/surface/Surface_1/Surface_061/MP_SEL_SUR_005606.jpg,none,0.0,,,0.0
aihub_raw/surface/Surface_1/Surface_061/MP_SEL_SUR_005607.jpg,none,0.0,,,0.0436
aihub_raw/surface/Surface_1/Surface_061/MP_SEL_SUR_005608.jpg,none,0.0,,,0.0089
aihub_raw/surface/Surface_1/Surface_061/MP_SEL_SUR_005609.jpg,none,0.0,,,0.0
aihub_raw/surface/Surface_1/Surface_061/MP_SEL_SUR_005610.jpg,none,0.0,,,0.974
aihub_raw/surface/Surface_1/Surface_061/MP_SEL_SUR_005611.jpg,none,0.0,,,0.9147
aihub_raw/surface/Surface_1/Surface_061/MP_SEL_SUR_005612.jpg,none,0.0,,,0.7814
aihub_raw/surface/Surface_1/Surface_061/MP_SEL_SUR_005613.jpg,none,0.0,,,0.8985
aihub_raw/surface/Surface_1/Surface_061/MP_SEL_SUR_005614.jpg,none,0.0,,,0.9465
aihub_raw/surface/Surface_1/Surface_061/MP_SEL_SUR_005615.jpg,none_far,0.0118,0.0,0.03,0.0
aihub_raw/surface/Surface_1/Surface_061/MP_SEL_SUR_005616.jpg,none,0.0,,,0.8333
aihub_raw/surface/Surface_1/Surface_061/MP_SEL_SUR_005617.jpg,none,0.0,,,0.9319
aihub_raw/surface/Surface_1/Surface_061/MP_SEL_SUR_005618.jpg,approach,0.7003,0.0,0.804,0.252
aihub_raw/surface/Surface_1/Surface_061/MP_SEL_SUR_005619.jpg,none,0.0,,,0.0
aihub_raw/surface/Surface_1/Surface_061/MP_SEL_SUR_005620.jpg,none,0.0,,,0.9232
aihub_raw/surface/Surface_1/Surface_061/MP_SEL_SUR_005621.jpg,none,0.0,,,0.0
aihub_raw/surface/Surface_1/Surface_061/MP_SEL_SUR_005622.jpg,none,0.0,,,0.9016
aihub_raw/surface/Surface_1/Surface_061/MP_SEL_SUR_005623.jpg,none_far,0.2287,0.0,0.259,0.7596
aihub_raw/surface/Surface_1/Surface_061/MP_SEL_SUR_005624.jpg,none,0.0,,,0.858
aihub_raw/surface/Surface_1/Surface_061/MP_SEL_SUR_005625.jpg,none,0.0,,,0.9415
aihub_raw/surface/Surface_1/Surface_061/MP_SEL_SUR_005626.jpg,none,0.0,,,0.0
aihub_raw/surface/Surface_1/Surface_061/MP_SEL_SUR_005627.jpg,none,0.0,,,0.8628
aihub_raw/surface/Surface_1/Surface_061/MP_SEL_SUR_005628.jpg,none,0.0,,,0.9438
aihub_raw/surface/Surface_1/Surface_061/MP_SEL_SUR_005629.jpg,none,0.0,,,0.0
aihub_raw/surface/Surface_1/Surface_061/MP_SEL_SUR_005630.jpg,none,0.0,,,0.9384
aihub_raw/surface/Surface_1/Surface_061/MP_SEL_SUR_005631.jpg,none,0.0,,,0.0
aihub_raw/surface/Surface_1/Surface_061/MP_SEL_SUR_005632.jpg,none,0.0,,,0.9946
aihub_raw/surface/Surface_1/Surface_061/MP_SEL_SUR_005633.jpg,none,0.0,,,0.8867
aihub_raw/surface/Surface_1/Surface_061/MP_SEL_SUR_005634.jpg,none,0.0,,,0.0
aihub_raw/surface/Surface_1/Surface_061/MP_SEL_SUR_005635.jpg,none,0.0,,,1.0
aihub_raw/surface/Surface_1/Surface_061/MP_SEL_SUR_005636.jpg,none,0.0,,,0.4696
aihub_raw/surface/Surface_1/Surface_061/MP_SEL_SUR_005637.jpg,none,0.0,,,0.6855
aihub_raw/surface/Surface_1/Surface_061/MP_SEL_SUR_005638.jpg,none,0.0,,,0.7232
aihub_raw/surface/Surface_1/Surface_061/MP_SEL_SUR_005639.jpg,none,0.0,,,0.9846
aihub_raw/surface/Surface_1/Surface_061/MP_SEL_SUR_005640.jpg,none,0.0,,,0.0
aihub_raw/surface/Surface_1/Surface_061/MP_SEL_SUR_005641.jpg,none,0.0,,,0.8773
aihub_raw/surface/Surface_1/Surface_061/MP_SEL_SUR_005642.jpg,none,0.0,,,0.8702
aihub_raw/surface/Surface_1/Surface_061/MP_SEL_SUR_005643.jpg,none_far,0.0414,0.044,0.122,0.003
aihub_raw/surface/Surface_1/Surface_061/MP_SEL_SUR_005644.jpg,none,0.0,,,0.999
aihub_raw/surface/Surface_1/Surface_061/MP_SEL_SUR_005645.jpg,none,0.0,,,0.9636
aihub_raw/surface/Surface_1/Surface_061/MP_SEL_SUR_005646.jpg,none,0.0,,,0.8571
aihub_raw/surface/Surface_1/Surface_061/MP_SEL_SUR_005647.jpg,none,0.0,,,0.164
aihub_raw/surface/Surface_1/Surface_061/MP_SEL_SUR_005648.jpg,none,0.0,,,0.9556
aihub_raw/surface/Surface_1/Surface_061/MP_SEL_SUR_005649.jpg,none,0.0,,,0.9246
aihub_raw/surface/Surface_1/Surface_061/MP_SEL_SUR_005650.jpg,none,0.0,,,0.3744
aihub_raw/surface/Surface_1/Surface_062/MP_SEL_SUR_005651.jpg,none,0.0,,,0.7128
aihub_raw/surface/Surface_1/Surface_062/MP_SEL_SUR_005652.jpg,none,0.0,,,0.9045
aihub_raw/surface/Surface_1/Surface_062/MP_SEL_SUR_005653.jpg,none,0.0,,,0.9986
aihub_raw/surface/Surface_1/Surface_062/MP_SEL_SUR_005654.jpg,none,0.0,,,0.8667
aihub_raw/surface/Surface_1/Surface_062/MP_SEL_SUR_005655.jpg,none,0.0,,,0.0
aihub_raw/surface/Surface_1/Surface_062/MP_SEL_SUR_005656.jpg,none,0.0,,,0.8212
aihub_raw/surface/Surface_1/Surface_062/MP_SEL_SUR_005657.jpg,on,0.7301,0.196,1.0,0.1778
aihub_raw/surface/Surface_1/Surface_062/MP_SEL_SUR_005658.jpg,none,0.0,,,0.0
aihub_raw/surface/Surface_1/Surface_062/MP_SEL_SUR_005659.jpg,none,0.0,,,0.9047
aihub_raw/surface/Surface_1/Surface_062/MP_SEL_SUR_005660.jpg,none_far,0.0254,0.093,0.2,0.6667
aihub_raw/surface/Surface_1/Surface_062/MP_SEL_SUR_005661.jpg,none,0.0,,,0.6937
aihub_raw/surface/Surface_1/Surface_062/MP_SEL_SUR_005662.jpg,none,0.0,,,0.9999
aihub_raw/surface/Surface_1/Surface_062/MP_SEL_SUR_005663.jpg,none,0.0,,,0.0
aihub_raw/surface/Surface_1/Surface_062/MP_SEL_SUR_005664.jpg,none,0.0,,,0.2718
aihub_raw/surface/Surface_1/Surface_062/MP_SEL_SUR_005665.jpg,on,0.697,0.0,1.0,0.0003
aihub_raw/surface/Surface_1/Surface_062/MP_SEL_SUR_005666.jpg,none,0.0,,,0.0
aihub_raw/surface/Surface_1/Surface_062/MP_SEL_SUR_005667.jpg,none,0.0,,,0.9848
aihub_raw/surface/Surface_1/Surface_062/MP_SEL_SUR_005668.jpg,none,0.0,,,0.9987
aihub_raw/surface/Surface_1/Surface_062/MP_SEL_SUR_005669.jpg,none,0.0,,,0.0
aihub_raw/surface/Surface_1/Surface_062/MP_SEL_SUR_005670.jpg,none,0.0,,,0.9987
aihub_raw/surface/Surface_1/Surface_062/MP_SEL_SUR_005671.jpg,none,0.0,,,0.7544
aihub_raw/surface/Surface_1/Surface_062/MP_SEL_SUR_005672.jpg,none,0.0,,,0.8041
aihub_raw/surface/Surface_1/Surface_062/MP_SEL_SUR_005673.jpg,none_far,0.0037,0.167,0.215,0.6094
aihub_raw/surface/Surface_1/Surface_062/MP_SEL_SUR_005674.jpg,none,0.0,,,0.6843
aihub_raw/surface/Surface_1/Surface_062/MP_SEL_SUR_005675.jpg,none,0.0,,,0.9136
aihub_raw/surface/Surface_1/Surface_062/MP_SEL_SUR_005676.jpg,on,0.7458,0.0,1.0,0.0
aihub_raw/surface/Surface_1/Surface_062/MP_SEL_SUR_005677.jpg,none,0.0,,,0.7029
aihub_raw/surface/Surface_1/Surface_062/MP_SEL_SUR_005678.jpg,none,0.0,,,0.0
aihub_raw/surface/Surface_1/Surface_062/MP_SEL_SUR_005679.jpg,approach,0.7739,0.0,0.822,0.192
aihub_raw/surface/Surface_1/Surface_062/MP_SEL_SUR_005680.jpg,none,0.0,,,0.6212
aihub_raw/surface/Surface_1/Surface_062/MP_SEL_SUR_005681.jpg,none,0.0,,,0.2144
aihub_raw/surface/Surface_1/Surface_062/MP_SEL_SUR_005683.jpg,none,0.0,,,0.9415
aihub_raw/surface/Surface_1/Surface_062/MP_SEL_SUR_005684.jpg,none,0.0,,,0.9061
aihub_raw/surface/Surface_1/Surface_062/MP_SEL_SUR_005685.jpg,none_far,0.2818,0.0,0.541,0.5948
aihub_raw/surface/Surface_1/Surface_062/MP_SEL_SUR_005686.jpg,none_far,0.0079,0.033,0.096,0.778
aihub_raw/surface/Surface_1/Surface_062/MP_SEL_SUR_005687.jpg,none,0.0,,,0.0
aihub_raw/surface/Surface_1/Surface_062/MP_SEL_SUR_005688.jpg,none,0.0,,,0.915
aihub_raw/surface/Surface_1/Surface_062/MP_SEL_SUR_005689.jpg,none,0.0,,,0.6924
aihub_raw/surface/Surface_1/Surface_062/MP_SEL_SUR_005690.jpg,none,0.0,,,1.0
aihub_raw/surface/Surface_1/Surface_062/MP_SEL_SUR_005691.jpg,none,0.0,,,0.0
aihub_raw/surface/Surface_1/Surface_062/MP_SEL_SUR_005692.jpg,none,0.0,,,0.8025
aihub_raw/surface/Surface_1/Surface_062/MP_SEL_SUR_005693.jpg,none,0.0,,,0.0
aihub_raw/surface/Surface_1/Surface_062/MP_SEL_SUR_005694.jpg,on,0.8831,0.0,1.0,0.0
aihub_raw/surface/Surface_1/Surface_062/MP_SEL_SUR_005695.jpg,none,0.0,,,0.8778
aihub_raw/surface/Surface_1/Surface_062/MP_SEL_SUR_005696.jpg,none,0.0,,,0.8599
aihub_raw/surface/Surface_1/Surface_062/MP_SEL_SUR_005697.jpg,none,0.0,,,0.776
aihub_raw/surface/Surface_1/Surface_062/MP_SEL_SUR_005698.jpg,none,0.0,,,0.9995
aihub_raw/surface/Surface_1/Surface_062/MP_SEL_SUR_005699.jpg,none,0.0,,,0.911
aihub_raw/surface/Surface_1/Surface_062/MP_SEL_SUR_005700.jpg,none,0.0,,,0.9168
aihub_raw/surface/Surface_1/Surface_063/MP_SEL_SUR_005701.jpg,none,0.0,,,0.0
aihub_raw/surface/Surface_1/Surface_063/MP_SEL_SUR_005702.jpg,none,0.0,,,0.9789
aihub_raw/surface/Surface_1/Surface_063/MP_SEL_SUR_005703.jpg,none,0.0,,,0.9914
aihub_raw/surface/Surface_1/Surface_063/MP_SEL_SUR_005704.jpg,none,0.0,,,0.823
aihub_raw/surface/Surface_1/Surface_063/MP_SEL_SUR_005705.jpg,none,0.0,,,0.0532
aihub_raw/surface/Surface_1/Surface_063/MP_SEL_SUR_005706.jpg,none,0.0,,,0.9779
aihub_raw/surface/Surface_1/Surface_063/MP_SEL_SUR_005707.jpg,none,0.0,,,0.8918
aihub_raw/surface/Surface_1/Surface_063/MP_SEL_SUR_005708.jpg,none,0.0,,,0.5346
aihub_raw/surface/Surface_1/Surface_063/MP_SEL_SUR_005709.jpg,none,0.0,,,0.9926
aihub_raw/surface/Surface_1/Surface_063/MP_SEL_SUR_005710.jpg,none,0.0,,,0.0
aihub_raw/surface/Surface_1/Surface_063/MP_SEL_SUR_005711.jpg,none,0.0,,,0.0
aihub_raw/surface/Surface_1/Surface_063/MP_SEL_SUR_005712.jpg,none,0.0,,,0.9533
aihub_raw/surface/Surface_1/Surface_063/MP_SEL_SUR_005713.jpg,none,0.0,,,0.7596
aihub_raw/surface/Surface_1/Surface_063/MP_SEL_SUR_005715.jpg,none,0.0,,,0.0
aihub_raw/surface/Surface_1/Surface_063/MP_SEL_SUR_005716.jpg,none,0.0,,,0.7463
aihub_raw/surface/Surface_1/Surface_063/MP_SEL_SUR_005717.jpg,none,0.0,,,0.0
aihub_raw/surface/Surface_1/Surface_063/MP_SEL_SUR_005718.jpg,none,0.0,,,1.0
aihub_raw/surface/Surface_1/Surface_063/MP_SEL_SUR_005719.jpg,none,0.0,,,0.0
aihub_raw/surface/Surface_1/Surface_063/MP_SEL_SUR_005720.jpg,none,0.0,,,0.0
aihub_raw/surface/Surface_1/Surface_063/MP_SEL_SUR_005721.jpg,none,0.0,,,0.9041
aihub_raw/surface/Surface_1/Surface_063/MP_SEL_SUR_005722.jpg,none,0.0,,,0.9596
aihub_raw/surface/Surface_1/Surface_063/MP_SEL_SUR_005724.jpg,none,0.0,,,0.982
aihub_raw/surface/Surface_1/Surface_063/MP_SEL_SUR_005725.jpg,none,0.0,,,0.7898
aihub_raw/surface/Surface_1/Surface_063/MP_SEL_SUR_005726.jpg,none,0.0,,,0.9168
aihub_raw/surface/Surface_1/Surface_063/MP_SEL_SUR_005727.jpg,none,0.0,,,0.0
aihub_raw/surface/Surface_1/Surface_063/MP_SEL_SUR_005728.jpg,none,0.0,,,0.0
aihub_raw/surface/Surface_1/Surface_063/MP_SEL_SUR_005729.jpg,none,0.0,,,0.0
aihub_raw/surface/Surface_1/Surface_063/MP_SEL_SUR_005730.jpg,none,0.0,,,0.9984
aihub_raw/surface/Surface_1/Surface_063/MP_SEL_SUR_005731.jpg,none,0.0,,,0.0
aihub_raw/surface/Surface_1/Surface_063/MP_SEL_SUR_005732.jpg,none,0.0,,,0.9013
aihub_raw/surface/Surface_1/Surface_063/MP_SEL_SUR_005733.jpg,none,0.0,,,0.0012
aihub_raw/surface/Surface_1/Surface_063/MP_SEL_SUR_005734.jpg,none,0.0,,,0.0
aihub_raw/surface/Surface_1/Surface_063/MP_SEL_SUR_005735.jpg,none,0.0,,,0.0
aihub_raw/surface/Surface_1/Surface_063/MP_SEL_SUR_005737.jpg,none,0.0,,,0.999
aihub_raw/surface/Surface_1/Surface_063/MP_SEL_SUR_005738.jpg,none,0.0,,,1.0
aihub_raw/surface/Surface_1/Surface_063/MP_SEL_SUR_005739.jpg,none,0.0,,,0.0056
aihub_raw/surface/Surface_1/Surface_063/MP_SEL_SUR_005740.jpg,none,0.0,,,0.8362
aihub_raw/surface/Surface_1/Surface_063/MP_SEL_SUR_005741.jpg,none,0.0,,,0.9279
aihub_raw/surface/Surface_1/Surface_063/MP_SEL_SUR_005742.jpg,none,0.0,,,0.9988
aihub_raw/surface/Surface_1/Surface_063/MP_SEL_SUR_005743.jpg,none,0.0,,,0.0
aihub_raw/surface/Surface_1/Surface_063/MP_SEL_SUR_005744.jpg,none,0.0,,,0.9134
aihub_raw/surface/Surface_1/Surface_063/MP_SEL_SUR_005745.jpg,none,0.0,,,0.4547
aihub_raw/surface/Surface_1/Surface_063/MP_SEL_SUR_005746.jpg,none,0.0,,,0.0
aihub_raw/surface/Surface_1/Surface_063/MP_SEL_SUR_005747.jpg,none,0.0,,,0.784
aihub_raw/surface/Surface_1/Surface_063/MP_SEL_SUR_005748.jpg,none,0.0,,,0.7636
aihub_raw/surface/Surface_1/Surface_063/MP_SEL_SUR_005749.jpg,none,0.0,,,0.004
aihub_raw/surface/Surface_1/Surface_063/MP_SEL_SUR_005750.jpg,none,0.0,,,0.0
aihub_raw/surface/Surface_1/Surface_064/MP_SEL_SUR_005751.jpg,none,0.0,,,0.5338
aihub_raw/surface/Surface_1/Surface_064/MP_SEL_SUR_005752.jpg,none,0.0,,,0.9382
aihub_raw/surface/Surface_1/Surface_064/MP_SEL_SUR_005753.jpg,none,0.0,,,0.785
aihub_raw/surface/Surface_1/Surface_064/MP_SEL_SUR_005755.jpg,none,0.0,,,0.9935
aihub_raw/surface/Surface_1/Surface_064/MP_SEL_SUR_005756.jpg,none,0.0,,,0.996
aihub_raw/surface/Surface_1/Surface_064/MP_SEL_SUR_005757.jpg,none,0.0,,,0.8461
aihub_raw/surface/Surface_1/Surface_064/MP_SEL_SUR_005758.jpg,none,0.0,,,0.0
aihub_raw/surface/Surface_1/Surface_064/MP_SEL_SUR_005759.jpg,none,0.0,,,0.0
aihub_raw/surface/Surface_1/Surface_064/MP_SEL_SUR_005760.jpg,none,0.0,,,1.0
aihub_raw/surface/Surface_1/Surface_064/MP_SEL_SUR_005761.jpg,none,0.0,,,0.951
aihub_raw/surface/Surface_1/Surface_064/MP_SEL_SUR_005762.jpg,none,0.0,,,0.9927
aihub_raw/surface/Surface_1/Surface_064/MP_SEL_SUR_005763.jpg,none,0.0,,,1.0
aihub_raw/surface/Surface_1/Surface_064/MP_SEL_SUR_005764.jpg,none,0.0,,,0.0957
aihub_raw/surface/Surface_1/Surface_064/MP_SEL_SUR_005765.jpg,none,0.0,,,0.6805
aihub_raw/surface/Surface_1/Surface_064/MP_SEL_SUR_005766.jpg,none,0.0,,,0.0
aihub_raw/surface/Surface_1/Surface_064/MP_SEL_SUR_005767.jpg,none,0.0,,,0.0
aihub_raw/surface/Surface_1/Surface_064/MP_SEL_SUR_005768.jpg,none,0.0,,,0.7733
aihub_raw/surface/Surface_1/Surface_064/MP_SEL_SUR_005769.jpg,none,0.0,,,0.9858
aihub_raw/surface/Surface_1/Surface_064/MP_SEL_SUR_005770.jpg,none,0.0,,,0.9754
aihub_raw/surface/Surface_1/Surface_064/MP_SEL_SUR_005771.jpg,on,0.9936,0.0,1.0,0.0
aihub_raw/surface/Surface_1/Surface_064/MP_SEL_SUR_005772.jpg,none,0.0,,,0.0061
aihub_raw/surface/Surface_1/Surface_064/MP_SEL_SUR_005773.jpg,none,0.0,,,0.852
aihub_raw/surface/Surface_1/Surface_064/MP_SEL_SUR_005774.jpg,none,0.0,,,0.4777
aihub_raw/surface/Surface_1/Surface_064/MP_SEL_SUR_005775.jpg,none,0.0,,,0.0
aihub_raw/surface/Surface_1/Surface_064/MP_SEL_SUR_005776.jpg,none,0.0,,,0.0
aihub_raw/surface/Surface_1/Surface_064/MP_SEL_SUR_005777.jpg,none,0.0,,,0.0
aihub_raw/surface/Surface_1/Surface_064/MP_SEL_SUR_005778.jpg,none,0.0,,,0.9571
aihub_raw/surface/Surface_1/Surface_064/MP_SEL_SUR_005779.jpg,none,0.0,,,0.5839
aihub_raw/surface/Surface_1/Surface_064/MP_SEL_SUR_005781.jpg,none,0.0,,,0.0
aihub_raw/surface/Surface_1/Surface_064/MP_SEL_SUR_005782.jpg,none,0.0,,,0.0
aihub_raw/surface/Surface_1/Surface_064/MP_SEL_SUR_005783.jpg,none,0.0,,,0.9837
aihub_raw/surface/Surface_1/Surface_064/MP_SEL_SUR_005784.jpg,none,0.0,,,0.0
aihub_raw/surface/Surface_1/Surface_064/MP_SEL_SUR_005785.jpg,none,0.0,,,0.9497
aihub_raw/surface/Surface_1/Surface_064/MP_SEL_SUR_005786.jpg,none,0.0,,,0.722
aihub_raw/surface/Surface_1/Surface_064/MP_SEL_SUR_005787.jpg,none,0.0,,,1.0
aihub_raw/surface/Surface_1/Surface_064/MP_SEL_SUR_005788.jpg,none,0.0,,,0.5203
aihub_raw/surface/Surface_1/Surface_064/MP_SEL_SUR_005789.jpg,none,0.0,,,0.9361
aihub_raw/surface/Surface_1/Surface_064/MP_SEL_SUR_005790.jpg,none,0.0,,,0.6299
aihub_raw/surface/Surface_1/Surface_064/MP_SEL_SUR_005791.jpg,none,0.0,,,0.8889
aihub_raw/surface/Surface_1/Surface_064/MP_SEL_SUR_005792.jpg,none,0.0,,,0.8049
aihub_raw/surface/Surface_1/Surface_064/MP_SEL_SUR_005793.jpg,none,0.0,,,0.9006
aihub_raw/surface/Surface_1/Surface_064/MP_SEL_SUR_005794.jpg,none,0.0,,,0.7471
aihub_raw/surface/Surface_1/Surface_064/MP_SEL_SUR_005795.jpg,none,0.0,,,0.9439
aihub_raw/surface/Surface_1/Surface_064/MP_SEL_SUR_005796.jpg,none_far,0.0438,0.0,0.096,0.8853
aihub_raw/surface/Surface_1/Surface_064/MP_SEL_SUR_005797.jpg,none,0.0,,,0.7926
aihub_raw/surface/Surface_1/Surface_064/MP_SEL_SUR_005798.jpg,none,0.0,,,0.7147
aihub_raw/surface/Surface_1/Surface_064/MP_SEL_SUR_005799.jpg,none,0.0,,,0.9943
aihub_raw/surface/Surface_1/Surface_064/MP_SEL_SUR_005800.jpg,none,0.0,,,0.8624
aihub_raw/surface/Surface_1/Surface_065/MP_SEL_SUR_005801.jpg,none,0.0,,,0.8944
aihub_raw/surface/Surface_1/Surface_065/MP_SEL_SUR_005802.jpg,none,0.0,,,0.9506
aihub_raw/surface/Surface_1/Surface_065/MP_SEL_SUR_005803.jpg,none,0.0,,,1.0
aihub_raw/surface/Surface_1/Surface_065/MP_SEL_SUR_005804.jpg,none,0.0,,,0.9946
aihub_raw/surface/Surface_1/Surface_065/MP_SEL_SUR_005805.jpg,none,0.0,,,0.6881
aihub_raw/surface/Surface_1/Surface_065/MP_SEL_SUR_005806.jpg,none,0.0,,,0.8215
aihub_raw/surface/Surface_1/Surface_065/MP_SEL_SUR_005807.jpg,none,0.0,,,0.8334
aihub_raw/surface/Surface_1/Surface_065/MP_SEL_SUR_005808.jpg,none,0.0,,,0.0
aihub_raw/surface/Surface_1/Surface_065/MP_SEL_SUR_005809.jpg,none,0.0,,,0.7624
aihub_raw/surface/Surface_1/Surface_065/MP_SEL_SUR_005810.jpg,none,0.0,,,0.9723
aihub_raw/surface/Surface_1/Surface_065/MP_SEL_SUR_005811.jpg,none,0.0,,,0.0
aihub_raw/surface/Surface_1/Surface_065/MP_SEL_SUR_005812.jpg,none,0.0,,,0.0
aihub_raw/surface/Surface_1/Surface_065/MP_SEL_SUR_005813.jpg,none,0.0,,,0.9384
aihub_raw/surface/Surface_1/Surface_065/MP_SEL_SUR_005814.jpg,none,0.0,,,1.0
aihub_raw/surface/Surface_1/Surface_065/MP_SEL_SUR_005815.jpg,none,0.0,,,0.71
aihub_raw/surface/Surface_1/Surface_065/MP_SEL_SUR_005817.jpg,none,0.0,,,0.0
aihub_raw/surface/Surface_1/Surface_065/MP_SEL_SUR_005818.jpg,none,0.0,,,0.0011
aihub_raw/surface/Surface_1/Surface_065/MP_SEL_SUR_005819.jpg,none,0.0,,,0.9871
aihub_raw/surface/Surface_1/Surface_065/MP_SEL_SUR_005820.jpg,none,0.0,,,0.9413
aihub_raw/surface/Surface_1/Surface_065/MP_SEL_SUR_005821.jpg,none,0.0,,,0.8726
aihub_raw/surface/Surface_1/Surface_065/MP_SEL_SUR_005822.jpg,none,0.0,,,0.9757
aihub_raw/surface/Surface_1/Surface_065/MP_SEL_SUR_005823.jpg,on,0.7616,0.219,1.0,0.1939
aihub_raw/surface/Surface_1/Surface_065/MP_SEL_SUR_005824.jpg,none,0.0,,,0.9775
aihub_raw/surface/Surface_1/Surface_065/MP_SEL_SUR_005825.jpg,none,0.0,,,0.7842
aihub_raw/surface/Surface_1/Surface_065/MP_SEL_SUR_005826.jpg,none,0.0,,,0.9712
aihub_raw/surface/Surface_1/Surface_065/MP_SEL_SUR_005827.jpg,none,0.0,,,1.0
aihub_raw/surface/Surface_1/Surface_065/MP_SEL_SUR_005828.jpg,none,0.0,,,0.923
aihub_raw/surface/Surface_1/Surface_065/MP_SEL_SUR_005829.jpg,none,0.0,,,0.8401
aihub_raw/surface/Surface_1/Surface_065/MP_SEL_SUR_005830.jpg,none,0.0,,,0.7644
aihub_raw/surface/Surface_1/Surface_065/MP_SEL_SUR_005831.jpg,none,0.0,,,0.4425
aihub_raw/surface/Surface_1/Surface_065/MP_SEL_SUR_005832.jpg,none,0.0,,,0.0
aihub_raw/surface/Surface_1/Surface_065/MP_SEL_SUR_005833.jpg,none,0.0,,,0.0449
aihub_raw/surface/Surface_1/Surface_065/MP_SEL_SUR_005834.jpg,none,0.0,,,0.9896
aihub_raw/surface/Surface_1/Surface_065/MP_SEL_SUR_005835.jpg,none,0.0,,,0.0
aihub_raw/surface/Surface_1/Surface_065/MP_SEL_SUR_005836.jpg,none,0.0,,,0.8927
aihub_raw/surface/Surface_1/Surface_065/MP_SEL_SUR_005837.jpg,on,0.8808,0.111,1.0,0.0738
aihub_raw/surface/Surface_1/Surface_065/MP_SEL_SUR_005838.jpg,none,0.0,,,0.9834
aihub_raw/surface/Surface_1/Surface_065/MP_SEL_SUR_005839.jpg,none,0.0,,,0.1682
aihub_raw/surface/Surface_1/Surface_065/MP_SEL_SUR_005840.jpg,none,0.0,,,0.4579
aihub_raw/surface/Surface_1/Surface_065/MP_SEL_SUR_005841.jpg,none,0.0,,,0.9929
aihub_raw/surface/Surface_1/Surface_065/MP_SEL_SUR_005842.jpg,none,0.0,,,0.0094
aihub_raw/surface/Surface_1/Surface_065/MP_SEL_SUR_005843.jpg,none,0.0,,,0.9721
aihub_raw/surface/Surface_1/Surface_065/MP_SEL_SUR_005844.jpg,none_far,0.3487,0.0,0.515,0.5451
aihub_raw/surface/Surface_1/Surface_065/MP_SEL_SUR_005845.jpg,none,0.0,,,0.0
aihub_raw/surface/Surface_1/Surface_065/MP_SEL_SUR_005846.jpg,none,0.0,,,0.9093
aihub_raw/surface/Surface_1/Surface_065/MP_SEL_SUR_005847.jpg,none,0.0,,,0.9782
aihub_raw/surface/Surface_1/Surface_065/MP_SEL_SUR_005848.jpg,none,0.0,,,0.8996
aihub_raw/surface/Surface_1/Surface_065/MP_SEL_SUR_005849.jpg,none,0.0,,,0.868
aihub_raw/surface/Surface_1/Surface_065/MP_SEL_SUR_005850.jpg,none,0.0,,,0.9971
aihub_raw/surface/Surface_1/Surface_066/MP_SEL_SUR_005851.jpg,none,0.0,,,0.0
aihub_raw/surface/Surface_1/Surface_066/MP_SEL_SUR_005852.jpg,none,0.0,,,0.7802
aihub_raw/surface/Surface_1/Surface_066/MP_SEL_SUR_005853.jpg,none,0.0,,,0.6865
aihub_raw/surface/Surface_1/Surface_066/MP_SEL_SUR_005854.jpg,none,0.0,,,0.7835
aihub_raw/surface/Surface_1/Surface_066/MP_SEL_SUR_005855.jpg,none,0.0,,,0.9023
aihub_raw/surface/Surface_1/Surface_066/MP_SEL_SUR_005856.jpg,none,0.0,,,0.9656
aihub_raw/surface/Surface_1/Surface_066/MP_SEL_SUR_005857.jpg,none,0.0,,,0.998
aihub_raw/surface/Surface_1/Surface_066/MP_SEL_SUR_005858.jpg,none_far,0.0885,0.03,0.289,0.5643
aihub_raw/surface/Surface_1/Surface_066/MP_SEL_SUR_005859.jpg,none,0.0,,,0.3981
aihub_raw/surface/Surface_1/Surface_066/MP_SEL_SUR_005860.jpg,none,0.0,,,0.0
aihub_raw/surface/Surface_1/Surface_066/MP_SEL_SUR_005861.jpg,none,0.0,,,0.0001
aihub_raw/surface/Surface_1/Surface_066/MP_SEL_SUR_005862.jpg,none,0.0,,,0.0
aihub_raw/surface/Surface_1/Surface_066/MP_SEL_SUR_005863.jpg,none,0.0,,,0.0
aihub_raw/surface/Surface_1/Surface_066/MP_SEL_SUR_005864.jpg,none,0.0,,,0.9239
aihub_raw/surface/Surface_1/Surface_066/MP_SEL_SUR_005865.jpg,none,0.0,,,0.0
aihub_raw/surface/Surface_1/Surface_066/MP_SEL_SUR_005866.jpg,none,0.0,,,0.9042
aihub_raw/surface/Surface_1/Surface_066/MP_SEL_SUR_005867.jpg,none,0.0,,,0.0
aihub_raw/surface/Surface_1/Surface_066/MP_SEL_SUR_005868.jpg,none,0.0,,,0.9685
aihub_raw/surface/Surface_1/Surface_066/MP_SEL_SUR_005869.jpg,none,0.0,,,0.3052
aihub_raw/surface/Surface_1/Surface_066/MP_SEL_SUR_005870.jpg,none,0.0,,,0.7737
aihub_raw/surface/Surface_1/Surface_066/MP_SEL_SUR_005871.jpg,none,0.0,,,0.0
aihub_raw/surface/Surface_1/Surface_066/MP_SEL_SUR_005872.jpg,none,0.0,,,0.9867
aihub_raw/surface/Surface_1/Surface_066/MP_SEL_SUR_005873.jpg,none,0.0,,,0.4964
aihub_raw/surface/Surface_1/Surface_066/MP_SEL_SUR_005874.jpg,none,0.0,,,0.0281
aihub_raw/surface/Surface_1/Surface_066/MP_SEL_SUR_005875.jpg,none,0.0,,,1.0
aihub_raw/surface/Surface_1/Surface_066/MP_SEL_SUR_005876.jpg,none,0.0,,,0.0
aihub_raw/surface/Surface_1/Surface_066/MP_SEL_SUR_005877.jpg,none,0.0,,,0.4681
aihub_raw/surface/Surface_1/Surface_066/MP_SEL_SUR_005878.jpg,none,0.0,,,0.581
aihub_raw/surface/Surface_1/Surface_066/MP_SEL_SUR_005880.jpg,none,0.0,,,0.7292
aihub_raw/surface/Surface_1/Surface_066/MP_SEL_SUR_005881.jpg,none,0.0,,,0.0
aihub_raw/surface/Surface_1/Surface_066/MP_SEL_SUR_005882.jpg,none,0.0,,,0.0
aihub_raw/surface/Surface_1/Surface_066/MP_SEL_SUR_005884.jpg,none,0.0,,,0.9988
aihub_raw/surface/Surface_1/Surface_066/MP_SEL_SUR_005885.jpg,on,0.9482,0.0,1.0,0.0
aihub_raw/surface/Surface_1/Surface_066/MP_SEL_SUR_005887.jpg,none,0.0,,,1.0
aihub_raw/surface/Surface_1/Surface_066/MP_SEL_SUR_005888.jpg,none,0.0,,,0.8825
aihub_raw/surface/Surface_1/Surface_066/MP_SEL_SUR_005889.jpg,none,0.0,,,0.9844
aihub_raw/surface/Surface_1/Surface_066/MP_SEL_SUR_005890.jpg,none,0.0,,,0.8074
aihub_raw/surface/Surface_1/Surface_066/MP_SEL_SUR_005891.jpg,none,0.0,,,0.8422
aihub_raw/surface/Surface_1/Surface_066/MP_SEL_SUR_005892.jpg,approach,0.8206,0.0,0.841,0.1767
aihub_raw/surface/Surface_1/Surface_066/MP_SEL_SUR_005893.jpg,none,0.0,,,0.0
aihub_raw/surface/Surface_1/Surface_066/MP_SEL_SUR_005894.jpg,none,0.0,,,0.0
aihub_raw/surface/Surface_1/Surface_066/MP_SEL_SUR_005895.jpg,none,0.0,,,0.0129
aihub_raw/surface/Surface_1/Surface_066/MP_SEL_SUR_005896.jpg,none,0.0,,,0.9015
aihub_raw/surface/Surface_1/Surface_066/MP_SEL_SUR_005897.jpg,none,0.0,,,0.0
aihub_raw/surface/Surface_1/Surface_066/MP_SEL_SUR_005898.jpg,none,0.0,,,0.886
aihub_raw/surface/Surface_1/Surface_066/MP_SEL_SUR_005899.jpg,none,0.0,,,0.2123
aihub_raw/surface/Surface_1/Surface_066/MP_SEL_SUR_005900.jpg,none,0.0,,,0.9808
aihub_raw/surface/Surface_1/Surface_067/MP_SEL_SUR_005902.jpg,none,0.0,,,0.8569
aihub_raw/surface/Surface_1/Surface_067/MP_SEL_SUR_005903.jpg,none,0.0,,,0.8416
aihub_raw/surface/Surface_1/Surface_067/MP_SEL_SUR_005904.jpg,none,0.0,,,0.0
aihub_raw/surface/Surface_1/Surface_067/MP_SEL_SUR_005905.jpg,none,0.0,,,0.7965
aihub_raw/surface/Surface_1/Surface_067/MP_SEL_SUR_005906.jpg,none,0.0,,,0.8915
aihub_raw/surface/Surface_1/Surface_067/MP_SEL_SUR_005907.jpg,none,0.0,,,0.9831
aihub_raw/surface/Surface_1/Surface_067/MP_SEL_SUR_005908.jpg,none,0.0,,,1.0
aihub_raw/surface/Surface_1/Surface_067/MP_SEL_SUR_005909.jpg,none,0.0,,,0.9359
aihub_raw/surface/Surface_1/Surface_067/MP_SEL_SUR_005910.jpg,none,0.0,,,0.8665
aihub_raw/surface/Surface_1/Surface_067/MP_SEL_SUR_005911.jpg,none,0.0,,,0.0
aihub_raw/surface/Surface_1/Surface_067/MP_SEL_SUR_005912.jpg,none,0.0,,,0.0
aihub_raw/surface/Surface_1/Surface_067/MP_SEL_SUR_005913.jpg,none,0.0,,,0.89
aihub_raw/surface/Surface_1/Surface_067/MP_SEL_SUR_005914.jpg,none,0.0,,,0.8285
aihub_raw/surface/Surface_1/Surface_067/MP_SEL_SUR_005915.jpg,none,0.0,,,0.9746
aihub_raw/surface/Surface_1/Surface_067/MP_SEL_SUR_005916.jpg,none_far,0.1089,0.0,0.233,0.6308
aihub_raw/surface/Surface_1/Surface_067/MP_SEL_SUR_005918.jpg,none,0.0,,,0.6593
aihub_raw/surface/Surface_1/Surface_067/MP_SEL_SUR_005919.jpg,none,0.0,,,0.9518
aihub_raw/surface/Surface_1/Surface_067/MP_SEL_SUR_005920.jpg,none,0.0,,,0.8689
aihub_raw/surface/Surface_1/Surface_067/MP_SEL_SUR_005921.jpg,none,0.0,,,0.7026
aihub_raw/surface/Surface_1/Surface_067/MP_SEL_SUR_005922.jpg,none,0.0,,,0.1876
aihub_raw/surface/Surface_1/Surface_067/MP_SEL_SUR_005923.jpg,none,0.0,,,0.9964
aihub_raw/surface/Surface_1/Surface_067/MP_SEL_SUR_005924.jpg,none,0.0,,,0.0
aihub_raw/surface/Surface_1/Surface_067/MP_SEL_SUR_005926.jpg,none,0.0,,,0.7765
aihub_raw/surface/Surface_1/Surface_067/MP_SEL_SUR_005927.jpg,none,0.0,,,0.9184
aihub_raw/surface/Surface_1/Surface_067/MP_SEL_SUR_005928.jpg,none,0.0,,,0.6057
aihub_raw/surface/Surface_1/Surface_067/MP_SEL_SUR_005929.jpg,none,0.0,,,0.932
aihub_raw/surface/Surface_1/Surface_067/MP_SEL_SUR_005930.jpg,none,0.0,,,0.0
aihub_raw/surface/Surface_1/Surface_067/MP_SEL_SUR_005931.jpg,none,0.0,,,0.9715
aihub_raw/surface/Surface_1/Surface_067/MP_SEL_SUR_005932.jpg,none,0.0,,,0.9771
aihub_raw/surface/Surface_1/Surface_067/MP_SEL_SUR_005933.jpg,none,0.0,,,0.0
aihub_raw/surface/Surface_1/Surface_067/MP_SEL_SUR_005934.jpg,none,0.0,,,0.1294
aihub_raw/surface/Surface_1/Surface_067/MP_SEL_SUR_005935.jpg,none,0.0,,,0.9103
aihub_raw/surface/Surface_1/Surface_067/MP_SEL_SUR_005936.jpg,none,0.0,,,0.0
aihub_raw/surface/Surface_1/Surface_067/MP_SEL_SUR_005937.jpg,none,0.0,,,0.9656
aihub_raw/surface/Surface_1/Surface_067/MP_SEL_SUR_005938.jpg,none,0.0,,,1.0
aihub_raw/surface/Surface_1/Surface_067/MP_SEL_SUR_005939.jpg,none,0.0,,,0.0
aihub_raw/surface/Surface_1/Surface_067/MP_SEL_SUR_005940.jpg,none,0.0,,,0.8877
aihub_raw/surface/Surface_1/Surface_067/MP_SEL_SUR_005941.jpg,none,0.0,,,0.0813
aihub_raw/surface/Surface_1/Surface_067/MP_SEL_SUR_005942.jpg,none_far,0.4597,0.011,0.507,0.5186
aihub_raw/surface/Surface_1/Surface_067/MP_SEL_SUR_005943.jpg,none,0.0,,,0.0041
aihub_raw/surface/Surface_1/Surface_067/MP_SEL_SUR_005944.jpg,none,0.0,,,0.0
aihub_raw/surface/Surface_1/Surface_067/MP_SEL_SUR_005945.jpg,none,0.0,,,0.0
aihub_raw/surface/Surface_1/Surface_067/MP_SEL_SUR_005946.jpg,none,0.0,,,0.7077
aihub_raw/surface/Surface_1/Surface_067/MP_SEL_SUR_005947.jpg,none,0.0,,,0.0
aihub_raw/surface/Surface_1/Surface_067/MP_SEL_SUR_005948.jpg,none,0.0,,,0.9326
aihub_raw/surface/Surface_1/Surface_067/MP_SEL_SUR_005949.jpg,none,0.0,,,0.8392
aihub_raw/surface/Surface_1/Surface_067/MP_SEL_SUR_005950.jpg,none,0.0,,,1.0
aihub_raw/surface/Surface_1/Surface_067/MP_SEL_SUR_005951.jpg,none,0.0,,,0.9899
aihub_raw/surface/Surface_1/Surface_068/MP_SEL_SUR_005952.jpg,none,0.0,,,0.1156
aihub_raw/surface/Surface_1/Surface_068/MP_SEL_SUR_005953.jpg,none,0.0,,,0.9786
aihub_raw/surface/Surface_1/Surface_068/MP_SEL_SUR_005954.jpg,none,0.0,,,0.3287
aihub_raw/surface/Surface_1/Surface_068/MP_SEL_SUR_005955.jpg,none,0.0,,,0.9192
aihub_raw/surface/Surface_1/Surface_068/MP_SEL_SUR_005956.jpg,none,0.0,,,0.0
aihub_raw/surface/Surface_1/Surface_068/MP_SEL_SUR_005957.jpg,none,0.0,,,0.7506
aihub_raw/surface/Surface_1/Surface_068/MP_SEL_SUR_005958.jpg,none,0.0,,,0.0
aihub_raw/surface/Surface_1/Surface_068/MP_SEL_SUR_005959.jpg,none_far,0.0383,0.0,0.307,0.9379
aihub_raw/surface/Surface_1/Surface_068/MP_SEL_SUR_005960.jpg,none,0.0,,,0.9882
aihub_raw/surface/Surface_1/Surface_068/MP_SEL_SUR_005961.jpg,none,0.0,,,0.8609
aihub_raw/surface/Surface_1/Surface_068/MP_SEL_SUR_005962.jpg,none_far,0.0092,0.0,0.156,0.9596
aihub_raw/surface/Surface_1/Surface_068/MP_SEL_SUR_005963.jpg,none,0.0,,,0.0
aihub_raw/surface/Surface_1/Surface_068/MP_SEL_SUR_005964.jpg,none,0.0,,,0.7659
aihub_raw/surface/Surface_1/Surface_068/MP_SEL_SUR_005965.jpg,none,0.0,,,0.8108
aihub_raw/surface/Surface_1/Surface_068/MP_SEL_SUR_005966.jpg,none,0.0,,,0.8982
aihub_raw/surface/Surface_1/Surface_068/MP_SEL_SUR_005967.jpg,none,0.0,,,0.9373
aihub_raw/surface/Surface_1/Surface_068/MP_SEL_SUR_005968.jpg,none,0.0,,,0.9983
aihub_raw/surface/Surface_1/Surface_068/MP_SEL_SUR_005969.jpg,none,0.0,,,0.0
aihub_raw/surface/Surface_1/Surface_068/MP_SEL_SUR_005970.jpg,none,0.0,,,0.9883
aihub_raw/surface/Surface_1/Surface_068/MP_SEL_SUR_005971.jpg,none,0.0,,,0.9179
aihub_raw/surface/Surface_1/Surface_068/MP_SEL_SUR_005972.jpg,none,0.0,,,0.9991
aihub_raw/surface/Surface_1/Surface_068/MP_SEL_SUR_005973.jpg,none,0.0,,,0.8579
aihub_raw/surface/Surface_1/Surface_068/MP_SEL_SUR_005974.jpg,none,0.0,,,0.9351
aihub_raw/surface/Surface_1/Surface_068/MP_SEL_SUR_005975.jpg,none,0.0,,,0.0025
aihub_raw/surface/Surface_1/Surface_068/MP_SEL_SUR_005976.jpg,none,0.0,,,0.0
aihub_raw/surface/Surface_1/Surface_068/MP_SEL_SUR_005977.jpg,none,0.0,,,0.8621
aihub_raw/surface/Surface_1/Surface_068/MP_SEL_SUR_005978.jpg,none_far,0.2111,0.0,0.326,0.7241
aihub_raw/surface/Surface_1/Surface_068/MP_SEL_SUR_005979.jpg,none,0.0,,,0.0
aihub_raw/surface/Surface_1/Surface_068/MP_SEL_SUR_005980.jpg,none,0.0,,,0.9806
aihub_raw/surface/Surface_1/Surface_068/MP_SEL_SUR_005981.jpg,none,0.0,,,0.782
aihub_raw/surface/Surface_1/Surface_068/MP_SEL_SUR_005982.jpg,on,0.6142,0.322,1.0,0.2756
aihub_raw/surface/Surface_1/Surface_068/MP_SEL_SUR_005983.jpg,none,0.0,,,0.5812
aihub_raw/surface/Surface_1/Surface_068/MP_SEL_SUR_005984.jpg,none,0.0,,,0.776
aihub_raw/surface/Surface_1/Surface_068/MP_SEL_SUR_005985.jpg,none,0.0,,,0.9335
aihub_raw/surface/Surface_1/Surface_068/MP_SEL_SUR_005986.jpg,none,0.0,,,0.0
aihub_raw/surface/Surface_1/Surface_068/MP_SEL_SUR_005987.jpg,none,0.0,,,0.9695
aihub_raw/surface/Surface_1/Surface_068/MP_SEL_SUR_005988.jpg,none,0.0,,,0.8515
aihub_raw/surface/Surface_1/Surface_068/MP_SEL_SUR_005989.jpg,none,0.0,,,0.0
aihub_raw/surface/Surface_1/Surface_068/MP_SEL_SUR_005990.jpg,none,0.0,,,0.0
aihub_raw/surface/Surface_1/Surface_068/MP_SEL_SUR_005991.jpg,none,0.0,,,0.0003
aihub_raw/surface/Surface_1/Surface_068/MP_SEL_SUR_005992.jpg,none,0.0,,,0.9507
aihub_raw/surface/Surface_1/Surface_068/MP_SEL_SUR_005993.jpg,none,0.0,,,0.0
aihub_raw/surface/Surface_1/Surface_068/MP_SEL_SUR_005994.jpg,none_far,0.0001,0.096,0.111,0.7988
aihub_raw/surface/Surface_1/Surface_068/MP_SEL_SUR_005995.jpg,none,0.0,,,0.8678
aihub_raw/surface/Surface_1/Surface_068/MP_SEL_SUR_005996.jpg,none,0.0,,,0.7037
aihub_raw/surface/Surface_1/Surface_068/MP_SEL_SUR_005997.jpg,on,0.9191,0.0,0.967,0.0646
aihub_raw/surface/Surface_1/Surface_068/MP_SEL_SUR_005998.jpg,none,0.0,,,0.9456
aihub_raw/surface/Surface_1/Surface_068/MP_SEL_SUR_005999.jpg,none,0.0,,,0.7414
aihub_raw/surface/Surface_1/Surface_068/MP_SEL_SUR_006000.jpg,none,0.0,,,0.0
aihub_raw/surface/Surface_1/Surface_068/MP_SEL_SUR_006001.jpg,none,0.0,,,0.9789
aihub_raw/surface/Surface_1/Surface_069/MP_SEL_SUR_006002.jpg,none,0.0,,,0.658
aihub_raw/surface/Surface_1/Surface_069/MP_SEL_SUR_006003.jpg,none,0.0,,,0.0
aihub_raw/surface/Surface_1/Surface_069/MP_SEL_SUR_006004.jpg,none,0.0,,,0.7442
aihub_raw/surface/Surface_1/Surface_069/MP_SEL_SUR_006005.jpg,none,0.0,,,0.0
aihub_raw/surface/Surface_1/Surface_069/MP_SEL_SUR_006006.jpg,none,0.0,,,0.0067
aihub_raw/surface/Surface_1/Surface_069/MP_SEL_SUR_006007.jpg,none,0.0,,,0.8738
aihub_raw/surface/Surface_1/Surface_069/MP_SEL_SUR_006008.jpg,none,0.0,,,0.0
aihub_raw/surface/Surface_1/Surface_069/MP_SEL_SUR_006009.jpg,none,0.0,,,0.9528
aihub_raw/surface/Surface_1/Surface_069/MP_SEL_SUR_006010.jpg,none,0.0,,,0.5679
aihub_raw/surface/Surface_1/Surface_069/MP_SEL_SUR_006011.jpg,none,0.0,,,0.9238
aihub_raw/surface/Surface_1/Surface_069/MP_SEL_SUR_006012.jpg,none,0.0,,,1.0
aihub_raw/surface/Surface_1/Surface_069/MP_SEL_SUR_006013.jpg,none,0.0,,,0.7317
aihub_raw/surface/Surface_1/Surface_069/MP_SEL_SUR_006014.jpg,none,0.0,,,0.8281
aihub_raw/surface/Surface_1/Surface_069/MP_SEL_SUR_006015.jpg,none,0.0,,,0.8818
aihub_raw/surface/Surface_1/Surface_069/MP_SEL_SUR_006016.jpg,none,0.0,,,0.6058
aihub_raw/surface/Surface_1/Surface_069/MP_SEL_SUR_006017.jpg,none,0.0,,,1.0
aihub_raw/surface/Surface_1/Surface_069/MP_SEL_SUR_006018.jpg,none,0.0,,,0.8272
aihub_raw/surface/Surface_1/Surface_069/MP_SEL_SUR_006020.jpg,none,0.0,,,0.0
aihub_raw/surface/Surface_1/Surface_069/MP_SEL_SUR_006021.jpg,none,0.0,,,0.8462
aihub_raw/surface/Surface_1/Surface_069/MP_SEL_SUR_006022.jpg,none,0.0,,,0.0
aihub_raw/surface/Surface_1/Surface_069/MP_SEL_SUR_006023.jpg,none,0.0,,,0.0
aihub_raw/surface/Surface_1/Surface_069/MP_SEL_SUR_006024.jpg,none,0.0,,,0.3001
aihub_raw/surface/Surface_1/Surface_069/MP_SEL_SUR_006025.jpg,none,0.0,,,0.6566
aihub_raw/surface/Surface_1/Surface_069/MP_SEL_SUR_006026.jpg,none,0.0,,,0.3834
aihub_raw/surface/Surface_1/Surface_069/MP_SEL_SUR_006027.jpg,none,0.0,,,0.0
aihub_raw/surface/Surface_1/Surface_069/MP_SEL_SUR_006028.jpg,none,0.0,,,0.9038
aihub_raw/surface/Surface_1/Surface_069/MP_SEL_SUR_006029.jpg,none,0.0,,,0.0
aihub_raw/surface/Surface_1/Surface_069/MP_SEL_SUR_006030.jpg,none,0.0,,,0.0
aihub_raw/surface/Surface_1/Surface_069/MP_SEL_SUR_006031.jpg,none,0.0,,,0.0
aihub_raw/surface/Surface_1/Surface_069/MP_SEL_SUR_006032.jpg,none,0.0,,,0.0
aihub_raw/surface/Surface_1/Surface_069/MP_SEL_SUR_006033.jpg,none,0.0,,,0.9329
aihub_raw/surface/Surface_1/Surface_069/MP_SEL_SUR_006034.jpg,none,0.0,,,0.6354
aihub_raw/surface/Surface_1/Surface_069/MP_SEL_SUR_006035.jpg,none,0.0,,,0.7989
aihub_raw/surface/Surface_1/Surface_069/MP_SEL_SUR_006036.jpg,none,0.0,,,0.0012
aihub_raw/surface/Surface_1/Surface_069/MP_SEL_SUR_006037.jpg,none,0.0,,,0.0289
aihub_raw/surface/Surface_1/Surface_069/MP_SEL_SUR_006038.jpg,none,0.0,,,0.0
aihub_raw/surface/Surface_1/Surface_069/MP_SEL_SUR_006039.jpg,none,0.0,,,0.6518
aihub_raw/surface/Surface_1/Surface_069/MP_SEL_SUR_006040.jpg,none,0.0,,,0.9617
aihub_raw/surface/Surface_1/Surface_069/MP_SEL_SUR_006041.jpg,none,0.0,,,0.872
aihub_raw/surface/Surface_1/Surface_069/MP_SEL_SUR_006042.jpg,none,0.0,,,0.9897
aihub_raw/surface/Surface_1/Surface_069/MP_SEL_SUR_006043.jpg,none,0.0,,,0.9854
aihub_raw/surface/Surface_1/Surface_069/MP_SEL_SUR_006044.jpg,none,0.0,,,0.0
aihub_raw/surface/Surface_1/Surface_069/MP_SEL_SUR_006046.jpg,none,0.0,,,0.0
aihub_raw/surface/Surface_1/Surface_069/MP_SEL_SUR_006047.jpg,none,0.0,,,0.9148
aihub_raw/surface/Surface_1/Surface_069/MP_SEL_SUR_006048.jpg,none,0.0,,,0.1487
aihub_raw/surface/Surface_1/Surface_069/MP_SEL_SUR_006049.jpg,none,0.0,,,0.0
aihub_raw/surface/Surface_1/Surface_069/MP_SEL_SUR_006050.jpg,none,0.0,,,0.0
aihub_raw/surface/Surface_1/Surface_069/MP_SEL_SUR_006051.jpg,none,0.0,,,0.8618
aihub_raw/surface/Surface_1/Surface_069/MP_SEL_SUR_006052.jpg,none,0.0,,,0.7949
aihub_raw/surface/Surface_1/Surface_070/MP_SEL_SUR_006053.jpg,none,0.0,,,0.9899
aihub_raw/surface/Surface_1/Surface_070/MP_SEL_SUR_006054.jpg,none_far,0.1496,0.0,0.415,0.7409
aihub_raw/surface/Surface_1/Surface_070/MP_SEL_SUR_006055.jpg,none,0.0,,,0.9423
aihub_raw/surface/Surface_1/Surface_070/MP_SEL_SUR_006056.jpg,none,0.0,,,0.8253
aihub_raw/surface/Surface_1/Surface_070/MP_SEL_SUR_006057.jpg,none,0.0,,,0.0
aihub_raw/surface/Surface_1/Surface_070/MP_SEL_SUR_006058.jpg,none,0.0,,,0.8296
aihub_raw/surface/Surface_1/Surface_070/MP_SEL_SUR_006059.jpg,none,0.0,,,0.9618
aihub_raw/surface/Surface_1/Surface_070/MP_SEL_SUR_006060.jpg,none,0.0,,,0.0207
aihub_raw/surface/Surface_1/Surface_070/MP_SEL_SUR_006061.jpg,none,0.0,,,0.0
aihub_raw/surface/Surface_1/Surface_070/MP_SEL_SUR_006062.jpg,none,0.0,,,0.9362
aihub_raw/surface/Surface_1/Surface_070/MP_SEL_SUR_006063.jpg,none,0.0,,,0.0
aihub_raw/surface/Surface_1/Surface_070/MP_SEL_SUR_006064.jpg,none,0.0,,,0.0215
aihub_raw/surface/Surface_1/Surface_070/MP_SEL_SUR_006065.jpg,none,0.0,,,0.9561
aihub_raw/surface/Surface_1/Surface_070/MP_SEL_SUR_006066.jpg,none,0.0,,,0.9849
aihub_raw/surface/Surface_1/Surface_070/MP_SEL_SUR_006067.jpg,none,0.0,,,0.9988
aihub_raw/surface/Surface_1/Surface_070/MP_SEL_SUR_006068.jpg,none,0.0,,,0.0
aihub_raw/surface/Surface_1/Surface_070/MP_SEL_SUR_006069.jpg,approach,0.7222,0.0,0.73,0.2761
aihub_raw/surface/Surface_1/Surface_070/MP_SEL_SUR_006070.jpg,none,0.0,,,0.9201
aihub_raw/surface/Surface_1/Surface_070/MP_SEL_SUR_006071.jpg,none,0.0,,,0.0
aihub_raw/surface/Surface_1/Surface_070/MP_SEL_SUR_006072.jpg,none,0.0,,,0.4806
aihub_raw/surface/Surface_1/Surface_070/MP_SEL_SUR_006073.jpg,none,0.0,,,0.9983
aihub_raw/surface/Surface_1/Surface_070/MP_SEL_SUR_006074.jpg,none,0.0,,,0.9501
aihub_raw/surface/Surface_1/Surface_070/MP_SEL_SUR_006075.jpg,none,0.0,,,0.0
aihub_raw/surface/Surface_1/Surface_070/MP_SEL_SUR_006076.jpg,none,0.0,,,1.0
aihub_raw/surface/Surface_1/Surface_070/MP_SEL_SUR_006077.jpg,none,0.0,,,0.8877
aihub_raw/surface/Surface_1/Surface_070/MP_SEL_SUR_006078.jpg,none,0.0,,,0.9991
aihub_raw/surface/Surface_1/Surface_070/MP_SEL_SUR_006079.jpg,none,0.0,,,0.0
aihub_raw/surface/Surface_1/Surface_070/MP_SEL_SUR_006080.jpg,none,0.0,,,0.9906
aihub_raw/surface/Surface_1/Surface_070/MP_SEL_SUR_006081.jpg,none,0.0,,,0.8423
aihub_raw/surface/Surface_1/Surface_070/MP_SEL_SUR_006082.jpg,none,0.0,,,0.0
aihub_raw/surface/Surface_1/Surface_070/MP_SEL_SUR_006083.jpg,none,0.0,,,0.0
aihub_raw/surface/Surface_1/Surface_070/MP_SEL_SUR_006084.jpg,none_far,0.2426,0.0,0.467,0.742
aihub_raw/surface/Surface_1/Surface_070/MP_SEL_SUR_006085.jpg,none,0.0,,,0.6201
aihub_raw/surface/Surface_1/Surface_070/MP_SEL_SUR_006086.jpg,none,0.0,,,0.9818
aihub_raw/surface/Surface_1/Surface_070/MP_SEL_SUR_006087.jpg,none,0.0,,,0.9629
aihub_raw/surface/Surface_1/Surface_070/MP_SEL_SUR_006088.jpg,none,0.0,,,0.9434
aihub_raw/surface/Surface_1/Surface_070/MP_SEL_SUR_006089.jpg,none,0.0,,,0.0
aihub_raw/surface/Surface_1/Surface_070/MP_SEL_SUR_006090.jpg,none,0.0,,,0.8069
aihub_raw/surface/Surface_1/Surface_070/MP_SEL_SUR_006091.jpg,none,0.0,,,0.9969
aihub_raw/surface/Surface_1/Surface_070/MP_SEL_SUR_006092.jpg,none,0.0,,,0.0
aihub_raw/surface/Surface_1/Surface_070/MP_SEL_SUR_006093.jpg,none,0.0,,,0.91
aihub_raw/surface/Surface_1/Surface_070/MP_SEL_SUR_006094.jpg,none,0.0,,,0.9936
aihub_raw/surface/Surface_1/Surface_070/MP_SEL_SUR_006095.jpg,none,0.0,,,0.5723
aihub_raw/surface/Surface_1/Surface_070/MP_SEL_SUR_006096.jpg,none,0.0,,,0.8531
aihub_raw/surface/Surface_1/Surface_070/MP_SEL_SUR_006097.jpg,none,0.0,,,0.0001
aihub_raw/surface/Surface_1/Surface_070/MP_SEL_SUR_006098.jpg,none,0.0,,,1.0
aihub_raw/surface/Surface_1/Surface_070/MP_SEL_SUR_006099.jpg,none,0.0,,,0.9511
aihub_raw/surface/Surface_1/Surface_070/MP_SEL_SUR_006100.jpg,none,0.0,,,0.8719
aihub_raw/surface/Surface_1/Surface_070/MP_SEL_SUR_006101.jpg,none,0.0,,,0.0
aihub_raw/surface/Surface_1/Surface_070/MP_SEL_SUR_006102.jpg,none,0.0,,,0.0525
aihub_raw/surface/Surface_1/Surface_071/MP_SEL_SUR_006103.jpg,none,0.0,,,0.0001
aihub_raw/surface/Surface_1/Surface_071/MP_SEL_SUR_006104.jpg,none,0.0,,,0.9784
aihub_raw/surface/Surface_1/Surface_071/MP_SEL_SUR_006105.jpg,none,0.0,,,0.9737
aihub_raw/surface/Surface_1/Surface_071/MP_SEL_SUR_006106.jpg,none,0.0,,,0.9907
aihub_raw/surface/Surface_1/Surface_071/MP_SEL_SUR_006107.jpg,none,0.0,,,0.0
aihub_raw/surface/Surface_1/Surface_071/MP_SEL_SUR_006108.jpg,none,0.0,,,0.0479
aihub_raw/surface/Surface_1/Surface_071/MP_SEL_SUR_006109.jpg,none,0.0,,,0.8558
aihub_raw/surface/Surface_1/Surface_071/MP_SEL_SUR_006110.jpg,none,0.0,,,0.8709
aihub_raw/surface/Surface_1/Surface_071/MP_SEL_SUR_006111.jpg,none,0.0,,,0.9202
aihub_raw/surface/Surface_1/Surface_071/MP_SEL_SUR_006112.jpg,none,0.0,,,0.7435
aihub_raw/surface/Surface_1/Surface_071/MP_SEL_SUR_006113.jpg,none,0.0,,,0.0
aihub_raw/surface/Surface_1/Surface_071/MP_SEL_SUR_006114.jpg,none,0.0,,,0.9472
aihub_raw/surface/Surface_1/Surface_071/MP_SEL_SUR_006115.jpg,none,0.0,,,0.5119
aihub_raw/surface/Surface_1/Surface_071/MP_SEL_SUR_006116.jpg,none,0.0,,,0.0
aihub_raw/surface/Surface_1/Surface_071/MP_SEL_SUR_006117.jpg,none,0.0,,,0.8669
aihub_raw/surface/Surface_1/Surface_071/MP_SEL_SUR_006119.jpg,none,0.0,,,0.0
aihub_raw/surface/Surface_1/Surface_071/MP_SEL_SUR_006120.jpg,none,0.0,,,0.8122
aihub_raw/surface/Surface_1/Surface_071/MP_SEL_SUR_006121.jpg,none,0.0,,,0.0
aihub_raw/surface/Surface_1/Surface_071/MP_SEL_SUR_006122.jpg,none,0.0,,,0.0
aihub_raw/surface/Surface_1/Surface_071/MP_SEL_SUR_006123.jpg,none,0.0,,,0.0
aihub_raw/surface/Surface_1/Surface_071/MP_SEL_SUR_006124.jpg,none,0.0,,,0.8196
aihub_raw/surface/Surface_1/Surface_071/MP_SEL_SUR_006125.jpg,none,0.0,,,0.7759
aihub_raw/surface/Surface_1/Surface_071/MP_SEL_SUR_006126.jpg,none,0.0,,,1.0
aihub_raw/surface/Surface_1/Surface_071/MP_SEL_SUR_006127.jpg,none,0.0,,,0.4122
aihub_raw/surface/Surface_1/Surface_071/MP_SEL_SUR_006129.jpg,none,0.0,,,0.7079
aihub_raw/surface/Surface_1/Surface_071/MP_SEL_SUR_006130.jpg,none,0.0,,,0.1897
aihub_raw/surface/Surface_1/Surface_071/MP_SEL_SUR_006131.jpg,none_far,0.0073,0.0,0.03,0.0
aihub_raw/surface/Surface_1/Surface_071/MP_SEL_SUR_006132.jpg,none,0.0,,,0.9849
aihub_raw/surface/Surface_1/Surface_071/MP_SEL_SUR_006133.jpg,none,0.0,,,0.0
aihub_raw/surface/Surface_1/Surface_071/MP_SEL_SUR_006134.jpg,none,0.0,,,0.0
aihub_raw/surface/Surface_1/Surface_071/MP_SEL_SUR_006135.jpg,none,0.0,,,0.4562
aihub_raw/surface/Surface_1/Surface_071/MP_SEL_SUR_006136.jpg,none,0.0,,,0.5795
aihub_raw/surface/Surface_1/Surface_071/MP_SEL_SUR_006137.jpg,none,0.0,,,0.0014
aihub_raw/surface/Surface_1/Surface_071/MP_SEL_SUR_006138.jpg,none,0.0,,,0.9555
aihub_raw/surface/Surface_1/Surface_071/MP_SEL_SUR_006139.jpg,none,0.0,,,0.0
aihub_raw/surface/Surface_1/Surface_071/MP_SEL_SUR_006140.jpg,none,0.0,,,0.0
aihub_raw/surface/Surface_1/Surface_071/MP_SEL_SUR_006141.jpg,none,0.0,,,0.993
aihub_raw/surface/Surface_1/Surface_071/MP_SEL_SUR_006142.jpg,none,0.0,,,0.811
aihub_raw/surface/Surface_1/Surface_071/MP_SEL_SUR_006143.jpg,none,0.0,,,0.8412
aihub_raw/surface/Surface_1/Surface_071/MP_SEL_SUR_006144.jpg,none,0.0,,,0.2597
aihub_raw/surface/Surface_1/Surface_071/MP_SEL_SUR_006145.jpg,none,0.0,,,0.0
aihub_raw/surface/Surface_1/Surface_071/MP_SEL_SUR_006146.jpg,none,0.0,,,0.9639
aihub_raw/surface/Surface_1/Surface_071/MP_SEL_SUR_006147.jpg,none,0.0,,,0.9987
aihub_raw/surface/Surface_1/Surface_071/MP_SEL_SUR_006148.jpg,none,0.0,,,0.9917
aihub_raw/surface/Surface_1/Surface_071/MP_SEL_SUR_006149.jpg,none,0.0,,,0.7273
aihub_raw/surface/Surface_1/Surface_071/MP_SEL_SUR_006150.jpg,none_far,0.0006,0.0,0.019,0.8559
aihub_raw/surface/Surface_1/Surface_071/MP_SEL_SUR_006152.jpg,none,0.0,,,0.0
aihub_raw/surface/Surface_1/Surface_072/MP_SEL_SUR_006153.jpg,none,0.0,,,0.0
aihub_raw/surface/Surface_1/Surface_072/MP_SEL_SUR_006154.jpg,none_far,0.0058,0.019,0.052,0.6739
aihub_raw/surface/Surface_1/Surface_072/MP_SEL_SUR_006155.jpg,none,0.0,,,0.3823
aihub_raw/surface/Surface_1/Surface_072/MP_SEL_SUR_006156.jpg,on,0.6974,0.13,1.0,0.0
aihub_raw/surface/Surface_1/Surface_072/MP_SEL_SUR_006157.jpg,none,0.0,,,0.0
aihub_raw/surface/Surface_1/Surface_072/MP_SEL_SUR_006158.jpg,none,0.0,,,0.0
aihub_raw/surface/Surface_1/Surface_072/MP_SEL_SUR_006159.jpg,none_far,0.0036,0.041,0.052,0.5687
aihub_raw/surface/Surface_1/Surface_072/MP_SEL_SUR_006160.jpg,none,0.0,,,0.7748
aihub_raw/surface/Surface_1/Surface_072/MP_SEL_SUR_006161.jpg,none,0.0,,,0.004
aihub_raw/surface/Surface_1/Surface_072/MP_SEL_SUR_006162.jpg,none,0.0,,,0.0
aihub_raw/surface/Surface_1/Surface_072/MP_SEL_SUR_006163.jpg,none,0.0,,,0.9265
aihub_raw/surface/Surface_1/Surface_072/MP_SEL_SUR_006164.jpg,none,0.0,,,0.995
aihub_raw/surface/Surface_1/Surface_072/MP_SEL_SUR_006165.jpg,none,0.0,,,0.8054
aihub_raw/surface/Surface_1/Surface_072/MP_SEL_SUR_006166.jpg,none,0.0,,,0.6372
aihub_raw/surface/Surface_1/Surface_072/MP_SEL_SUR_006167.jpg,none_far,0.3395,0.0,0.5,0.4575
aihub_raw/surface/Surface_1/Surface_072/MP_SEL_SUR_006168.jpg,none_far,0.0057,0.0,0.011,0.0
aihub_raw/surface/Surface_1/Surface_072/MP_SEL_SUR_006169.jpg,none,0.0,,,0.9
aihub_raw/surface/Surface_1/Surface_072/MP_SEL_SUR_006170.jpg,none,0.0,,,0.0
aihub_raw/surface/Surface_1/Surface_072/MP_SEL_SUR_006171.jpg,none,0.0,,,0.9822
aihub_raw/surface/Surface_1/Surface_072/MP_SEL_SUR_006172.jpg,none,0.0,,,0.0
aihub_raw/surface/Surface_1/Surface_072/MP_SEL_SUR_006173.jpg,none_far,0.0066,0.207,0.326,0.8327
aihub_raw/surface/Surface_1/Surface_072/MP_SEL_SUR_006174.jpg,approach,0.7856,0.0,0.833,0.1851
aihub_raw/surface/Surface_1/Surface_072/MP_SEL_SUR_006175.jpg,none,0.0,,,0.9837
aihub_raw/surface/Surface_1/Surface_072/MP_SEL_SUR_006176.jpg,none,0.0,,,0.0
aihub_raw/surface/Surface_1/Surface_072/MP_SEL_SUR_006177.jpg,none,0.0,,,0.9631
aihub_raw/surface/Surface_1/Surface_072/MP_SEL_SUR_006178.jpg,none,0.0,,,0.0085
aihub_raw/surface/Surface_1/Surface_072/MP_SEL_SUR_006179.jpg,none,0.0,,,0.9496
aihub_raw/surface/Surface_1/Surface_072/MP_SEL_SUR_006180.jpg,none,0.0,,,0.9583
aihub_raw/surface/Surface_1/Surface_072/MP_SEL_SUR_006181.jpg,none,0.0,,,0.0
aihub_raw/surface/Surface_1/Surface_072/MP_SEL_SUR_006182.jpg,none,0.0,,,0.9734
aihub_raw/surface/Surface_1/Surface_072/MP_SEL_SUR_006183.jpg,none,0.0,,,0.9064
aihub_raw/surface/Surface_1/Surface_072/MP_SEL_SUR_006184.jpg,none,0.0,,,0.0
aihub_raw/surface/Surface_1/Surface_072/MP_SEL_SUR_006185.jpg,none,0.0,,,0.9008
aihub_raw/surface/Surface_1/Surface_072/MP_SEL_SUR_006186.jpg,none,0.0,,,0.0
aihub_raw/surface/Surface_1/Surface_072/MP_SEL_SUR_006187.jpg,approach,0.7882,0.0,0.804,0.2019
aihub_raw/surface/Surface_1/Surface_072/MP_SEL_SUR_006188.jpg,none,0.0,,,0.0
aihub_raw/surface/Surface_1/Surface_072/MP_SEL_SUR_006189.jpg,none,0.0,,,0.0043
aihub_raw/surface/Surface_1/Surface_072/MP_SEL_SUR_006190.jpg,none,0.0,,,0.0
aihub_raw/surface/Surface_1/Surface_072/MP_SEL_SUR_006191.jpg,none,0.0,,,0.0
aihub_raw/surface/Surface_1/Surface_072/MP_SEL_SUR_006192.jpg,none,0.0,,,0.4766
aihub_raw/surface/Surface_1/Surface_072/MP_SEL_SUR_006193.jpg,none,0.0,,,0.5679
aihub_raw/surface/Surface_1/Surface_072/MP_SEL_SUR_006194.jpg,none,0.0,,,0.0
aihub_raw/surface/Surface_1/Surface_072/MP_SEL_SUR_006195.jpg,none,0.0,,,0.0
aihub_raw/surface/Surface_1/Surface_072/MP_SEL_SUR_006196.jpg,none,0.0,,,0.7736
aihub_raw/surface/Surface_1/Surface_072/MP_SEL_SUR_006197.jpg,none,0.0,,,0.9244
aihub_raw/surface/Surface_1/Surface_072/MP_SEL_SUR_006198.jpg,none_far,0.005,0.007,0.044,0.9263
aihub_raw/surface/Surface_1/Surface_072/MP_SEL_SUR_006199.jpg,none,0.0,,,0.0
aihub_raw/surface/Surface_1/Surface_072/MP_SEL_SUR_006200.jpg,none,0.0,,,0.909
aihub_raw/surface/Surface_1/Surface_072/MP_SEL_SUR_006201.jpg,none,0.0,,,0.7025
aihub_raw/surface/Surface_1/Surface_072/MP_SEL_SUR_006202.jpg,none,0.0,,,0.9627
aihub_raw/surface/Surface_1/Surface_073/MP_SEL_SUR_006203.jpg,none,0.0,,,0.7001
aihub_raw/surface/Surface_1/Surface_073/MP_SEL_SUR_006204.jpg,none,0.0,,,0.9294
aihub_raw/surface/Surface_1/Surface_073/MP_SEL_SUR_006205.jpg,none,0.0,,,0.1309
aihub_raw/surface/Surface_1/Surface_073/MP_SEL_SUR_006206.jpg,none,0.0,,,0.4788
aihub_raw/surface/Surface_1/Surface_073/MP_SEL_SUR_006207.jpg,none,0.0,,,0.4964
aihub_raw/surface/Surface_1/Surface_073/MP_SEL_SUR_006208.jpg,none,0.0,,,0.0
aihub_raw/surface/Surface_1/Surface_073/MP_SEL_SUR_006209.jpg,none,0.0,,,0.9531
aihub_raw/surface/Surface_1/Surface_073/MP_SEL_SUR_006210.jpg,none_far,0.1432,0.0,0.163,0.8448
aihub_raw/surface/Surface_1/Surface_073/MP_SEL_SUR_006211.jpg,none,0.0,,,0.0
aihub_raw/surface/Surface_1/Surface_073/MP_SEL_SUR_006212.jpg,none,0.0,,,0.9983
aihub_raw/surface/Surface_1/Surface_073/MP_SEL_SUR_006213.jpg,none,0.0,,,0.2601
aihub_raw/surface/Surface_1/Surface_073/MP_SEL_SUR_006214.jpg,none,0.0,,,0.9583
aihub_raw/surface/Surface_1/Surface_073/MP_SEL_SUR_006215.jpg,none,0.0,,,0.5054
aihub_raw/surface/Surface_1/Surface_073/MP_SEL_SUR_006216.jpg,none,0.0,,,0.8403
aihub_raw/surface/Surface_1/Surface_073/MP_SEL_SUR_006217.jpg,none,0.0,,,0.8022
aihub_raw/surface/Surface_1/Surface_073/MP_SEL_SUR_006218.jpg,none,0.0,,,0.0619
aihub_raw/surface/Surface_1/Surface_073/MP_SEL_SUR_006219.jpg,none,0.0,,,0.9316
aihub_raw/surface/Surface_1/Surface_073/MP_SEL_SUR_006220.jpg,none,0.0,,,0.0
aihub_raw/surface/Surface_1/Surface_073/MP_SEL_SUR_006221.jpg,none,0.0,,,0.9866
aihub_raw/surface/Surface_1/Surface_073/MP_SEL_SUR_006222.jpg,none,0.0,,,0.8311
aihub_raw/surface/Surface_1/Surface_073/MP_SEL_SUR_006223.jpg,none,0.0,,,0.0
aihub_raw/surface/Surface_1/Surface_073/MP_SEL_SUR_006224.jpg,none,0.0,,,0.0178
aihub_raw/surface/Surface_1/Surface_073/MP_SEL_SUR_006225.jpg,none,0.0,,,0.0
aihub_raw/surface/Surface_1/Surface_073/MP_SEL_SUR_006226.jpg,none,0.0,,,0.0
aihub_raw/surface/Surface_1/Surface_073/MP_SEL_SUR_006228.jpg,none,0.0,,,0.0
aihub_raw/surface/Surface_1/Surface_073/MP_SEL_SUR_006229.jpg,none,0.0,,,0.0
aihub_raw/surface/Surface_1/Surface_073/MP_SEL_SUR_006230.jpg,none,0.0,,,0.8944
aihub_raw/surface/Surface_1/Surface_073/MP_SEL_SUR_006231.jpg,none,0.0,,,0.0
aihub_raw/surface/Surface_1/Surface_073/MP_SEL_SUR_006232.jpg,none,0.0,,,0.0447
aihub_raw/surface/Surface_1/Surface_073/MP_SEL_SUR_006233.jpg,none,0.0,,,0.941
aihub_raw/surface/Surface_1/Surface_073/MP_SEL_SUR_006234.jpg,none,0.0,,,0.7106
aihub_raw/surface/Surface_1/Surface_073/MP_SEL_SUR_006235.jpg,none,0.0,,,0.0
aihub_raw/surface/Surface_1/Surface_073/MP_SEL_SUR_006236.jpg,none,0.0,,,0.6776
aihub_raw/surface/Surface_1/Surface_073/MP_SEL_SUR_006238.jpg,none,0.0,,,0.7955
aihub_raw/surface/Surface_1/Surface_073/MP_SEL_SUR_006239.jpg,none,0.0,,,0.8233
aihub_raw/surface/Surface_1/Surface_073/MP_SEL_SUR_006240.jpg,none,0.0,,,0.0
aihub_raw/surface/Surface_1/Surface_073/MP_SEL_SUR_006241.jpg,none_far,0.0439,0.0,0.096,0.8
aihub_raw/surface/Surface_1/Surface_073/MP_SEL_SUR_006242.jpg,none,0.0,,,0.9814
aihub_raw/surface/Surface_1/Surface_073/MP_SEL_SUR_006243.jpg,none,0.0,,,0.0
aihub_raw/surface/Surface_1/Surface_073/MP_SEL_SUR_006244.jpg,none,0.0,,,0.0
aihub_raw/surface/Surface_1/Surface_073/MP_SEL_SUR_006245.jpg,none,0.0,,,0.8852
aihub_raw/surface/Surface_1/Surface_073/MP_SEL_SUR_006246.jpg,none,0.0,,,0.0
aihub_raw/surface/Surface_1/Surface_073/MP_SEL_SUR_006247.jpg,none,0.0,,,0.0
aihub_raw/surface/Surface_1/Surface_073/MP_SEL_SUR_006248.jpg,none,0.0,,,0.8835
aihub_raw/surface/Surface_1/Surface_073/MP_SEL_SUR_006249.jpg,none,0.0,,,0.0
aihub_raw/surface/Surface_1/Surface_073/MP_SEL_SUR_006250.jpg,none,0.0,,,0.5126
aihub_raw/surface/Surface_1/Surface_073/MP_SEL_SUR_006251.jpg,none,0.0,,,0.0
aihub_raw/surface/Surface_1/Surface_073/MP_SEL_SUR_006252.jpg,none,0.0,,,0.8689
aihub_raw/surface/Surface_1/Surface_074/MP_SEL_SUR_007257.jpg,none,0.0,,,0.0
aihub_raw/surface/Surface_1/Surface_074/MP_SEL_SUR_007258.jpg,none,0.0,,,0.791
aihub_raw/surface/Surface_1/Surface_074/MP_SEL_SUR_007259.jpg,none,0.0,,,0.9883
aihub_raw/surface/Surface_1/Surface_074/MP_SEL_SUR_007260.jpg,none,0.0,,,0.8714
aihub_raw/surface/Surface_1/Surface_074/MP_SEL_SUR_007261.jpg,none,0.0,,,0.9938
aihub_raw/surface/Surface_1/Surface_074/MP_SEL_SUR_007262.jpg,none,0.0,,,0.0
aihub_raw/surface/Surface_1/Surface_074/MP_SEL_SUR_007263.jpg,none,0.0,,,0.7276
aihub_raw/surface/Surface_1/Surface_074/MP_SEL_SUR_007265.jpg,none,0.0,,,0.0
aihub_raw/surface/Surface_1/Surface_074/MP_SEL_SUR_007266.jpg,none,0.0,,,0.9507
aihub_raw/surface/Surface_1/Surface_074/MP_SEL_SUR_007267.jpg,none,0.0,,,0.0
aihub_raw/surface/Surface_1/Surface_074/MP_SEL_SUR_007268.jpg,none,0.0,,,0.9983
aihub_raw/surface/Surface_1/Surface_074/MP_SEL_SUR_007269.jpg,none,0.0,,,0.9005
aihub_raw/surface/Surface_1/Surface_074/MP_SEL_SUR_007270.jpg,none,0.0,,,0.9284
aihub_raw/surface/Surface_1/Surface_074/MP_SEL_SUR_007271.jpg,none,0.0,,,0.9869
aihub_raw/surface/Surface_1/Surface_074/MP_SEL_SUR_007272.jpg,none,0.0,,,0.9912
aihub_raw/surface/Surface_1/Surface_074/MP_SEL_SUR_007273.jpg,none,0.0,,,0.0
aihub_raw/surface/Surface_1/Surface_074/MP_SEL_SUR_007274.jpg,none,0.0,,,0.9703
aihub_raw/surface/Surface_1/Surface_074/MP_SEL_SUR_007275.jpg,none,0.0,,,0.0
aihub_raw/surface/Surface_1/Surface_074/MP_SEL_SUR_007276.jpg,none,0.0,,,0.8935
aihub_raw/surface/Surface_1/Surface_074/MP_SEL_SUR_007277.jpg,none,0.0,,,0.7976
aihub_raw/surface/Surface_1/Surface_074/MP_SEL_SUR_007278.jpg,none,0.0,,,0.8217
aihub_raw/surface/Surface_1/Surface_074/MP_SEL_SUR_007280.jpg,none,0.0,,,0.6319
aihub_raw/surface/Surface_1/Surface_074/MP_SEL_SUR_007281.jpg,none,0.0,,,0.9643
aihub_raw/surface/Surface_1/Surface_074/MP_SEL_SUR_007282.jpg,none,0.0,,,0.9749
aihub_raw/surface/Surface_1/Surface_074/MP_SEL_SUR_007283.jpg,none,0.0,,,0.9
aihub_raw/surface/Surface_1/Surface_074/MP_SEL_SUR_007284.jpg,none,0.0,,,0.9136
aihub_raw/surface/Surface_1/Surface_074/MP_SEL_SUR_007285.jpg,none,0.0,,,0.9454
aihub_raw/surface/Surface_1/Surface_074/MP_SEL_SUR_007286.jpg,none,0.0,,,0.0
aihub_raw/surface/Surface_1/Surface_074/MP_SEL_SUR_007287.jpg,none,0.0,,,0.9993
aihub_raw/surface/Surface_1/Surface_074/MP_SEL_SUR_007288.jpg,none,0.0,,,0.0068
aihub_raw/surface/Surface_1/Surface_074/MP_SEL_SUR_007289.jpg,none,0.0,,,0.0079
aihub_raw/surface/Surface_1/Surface_074/MP_SEL_SUR_007291.jpg,none,0.0,,,0.7828
aihub_raw/surface/Surface_1/Surface_074/MP_SEL_SUR_007292.jpg,none,0.0,,,0.9994
aihub_raw/surface/Surface_1/Surface_074/MP_SEL_SUR_007293.jpg,none,0.0,,,0.0
aihub_raw/surface/Surface_1/Surface_074/MP_SEL_SUR_007294.jpg,none,0.0,,,0.7742
aihub_raw/surface/Surface_1/Surface_074/MP_SEL_SUR_007295.jpg,none,0.0,,,0.0
aihub_raw/surface/Surface_1/Surface_074/MP_SEL_SUR_007296.jpg,none,0.0,,,0.0
aihub_raw/surface/Surface_1/Surface_074/MP_SEL_SUR_007297.jpg,none,0.0,,,0.0
aihub_raw/surface/Surface_1/Surface_074/MP_SEL_SUR_007298.jpg,none,0.0,,,0.0
aihub_raw/surface/Surface_1/Surface_074/MP_SEL_SUR_007299.jpg,none,0.0,,,0.9357
aihub_raw/surface/Surface_1/Surface_074/MP_SEL_SUR_007300.jpg,none,0.0,,,0.9565
aihub_raw/surface/Surface_1/Surface_074/MP_SEL_SUR_007301.jpg,none,0.0,,,0.0
aihub_raw/surface/Surface_1/Surface_074/MP_SEL_SUR_007302.jpg,none,0.0,,,0.9266
aihub_raw/surface/Surface_1/Surface_074/MP_SEL_SUR_007303.jpg,none,0.0,,,0.0493
aihub_raw/surface/Surface_1/Surface_074/MP_SEL_SUR_007304.jpg,none,0.0,,,0.0
aihub_raw/surface/Surface_1/Surface_074/MP_SEL_SUR_007305.jpg,none,0.0,,,0.9803
aihub_raw/surface/Surface_1/Surface_074/MP_SEL_SUR_007306.jpg,none,0.0,,,0.0
aihub_raw/surface/Surface_1/Surface_074/MP_SEL_SUR_007307.jpg,none,0.0,,,0.7417
aihub_raw/surface/Surface_1/Surface_074/MP_SEL_SUR_007308.jpg,none,0.0,,,0.0107
aihub_raw/surface/Surface_1/Surface_074/MP_SEL_SUR_007309.jpg,none,0.0,,,0.9814
aihub_raw/surface/Surface_1/Surface_074/MP_SEL_SUR_007310.jpg,none,0.0,,,0.0
aihub_raw/surface/Surface_1/Surface_074/MP_SEL_SUR_007311.jpg,none,0.0,,,0.8699
aihub_raw/surface/Surface_1/Surface_074/MP_SEL_SUR_007312.jpg,none,0.0,,,0.0
aihub_raw/surface/Surface_1/Surface_074/MP_SEL_SUR_007313.jpg,none,0.0,,,0.9978
aihub_raw/surface/Surface_1/Surface_074/MP_SEL_SUR_007314.jpg,none,0.0,,,0.9576
aihub_raw/surface/Surface_1/Surface_074/MP_SEL_SUR_007315.jpg,none,0.0,,,0.7495
aihub_raw/surface/Surface_1/Surface_074/MP_SEL_SUR_007316.jpg,none,0.0,,,0.9277
aihub_raw/surface/Surface_1/Surface_074/MP_SEL_SUR_007317.jpg,none,0.0,,,0.0
aihub_raw/surface/Surface_1/Surface_074/MP_SEL_SUR_007318.jpg,none,0.0,,,0.0
aihub_raw/surface/Surface_1/Surface_074/MP_SEL_SUR_007319.jpg,none,0.0,,,0.0
aihub_raw/surface/Surface_1/Surface_074/MP_SEL_SUR_007320.jpg,none,0.0,,,0.7551
aihub_raw/surface/Surface_1/Surface_074/MP_SEL_SUR_007321.jpg,none_far,0.1743,0.07,0.289,0.0446
aihub_raw/surface/Surface_1/Surface_074/MP_SEL_SUR_007322.jpg,none,0.0,,,0.0001
aihub_raw/surface/Surface_1/Surface_074/MP_SEL_SUR_007323.jpg,none,0.0,,,0.8798
aihub_raw/surface/Surface_1/Surface_074/MP_SEL_SUR_007324.jpg,none,0.0,,,0.9195
aihub_raw/surface/Surface_1/Surface_074/MP_SEL_SUR_007325.jpg,none,0.0,,,0.8966
aihub_raw/surface/Surface_1/Surface_074/MP_SEL_SUR_007326.jpg,none,0.0,,,0.0
aihub_raw/surface/Surface_1/Surface_074/MP_SEL_SUR_007327.jpg,none,0.0,,,0.0109
aihub_raw/surface/Surface_1/Surface_074/MP_SEL_SUR_007328.jpg,none,0.0,,,0.0
aihub_raw/surface/Surface_1/Surface_074/MP_SEL_SUR_007329.jpg,none,0.0,,,1.0
aihub_raw/surface/Surface_1/Surface_074/MP_SEL_SUR_007330.jpg,none_far,0.0052,0.0,0.107,0.9831
aihub_raw/surface/Surface_1/Surface_074/MP_SEL_SUR_007331.jpg,none,0.0,,,0.0646
aihub_raw/surface/Surface_1/Surface_074/MP_SEL_SUR_007333.jpg,none,0.0,,,0.9632
aihub_raw/surface/Surface_1/Surface_074/MP_SEL_SUR_007334.jpg,none,0.0,,,0.6823
aihub_raw/surface/Surface_1/Surface_074/MP_SEL_SUR_007335.jpg,none,0.0,,,0.7606
aihub_raw/surface/Surface_1/Surface_074/MP_SEL_SUR_007336.jpg,none,0.0,,,0.0
aihub_raw/surface/Surface_1/Surface_074/MP_SEL_SUR_007337.jpg,none,0.0,,,0.0
aihub_raw/surface/Surface_1/Surface_075/MP_SEL_SUR_007338.jpg,none,0.0,,,0.999
aihub_raw/surface/Surface_1/Surface_075/MP_SEL_SUR_007339.jpg,none,0.0,,,0.9573
aihub_raw/surface/Surface_1/Surface_075/MP_SEL_SUR_007340.jpg,none,0.0,,,0.2322
aihub_raw/surface/Surface_1/Surface_075/MP_SEL_SUR_007341.jpg,none,0.0,,,0.6902
aihub_raw/surface/Surface_1/Surface_075/MP_SEL_SUR_007342.jpg,none,0.0,,,0.9043
aihub_raw/surface/Surface_1/Surface_075/MP_SEL_SUR_007343.jpg,none,0.0,,,0.0
aihub_raw/surface/Surface_1/Surface_075/MP_SEL_SUR_007344.jpg,none,0.0,,,0.3166
aihub_raw/surface/Surface_1/Surface_075/MP_SEL_SUR_007345.jpg,none,0.0,,,0.35
aihub_raw/surface/Surface_1/Surface_075/MP_SEL_SUR_007346.jpg,none,0.0,,,0.7217
aihub_raw/surface/Surface_1/Surface_075/MP_SEL_SUR_007347.jpg,none,0.0,,,0.983
aihub_raw/surface/Surface_1/Surface_075/MP_SEL_SUR_007348.jpg,none,0.0,,,0.9398
aihub_raw/surface/Surface_1/Surface_075/MP_SEL_SUR_007349.jpg,none,0.0,,,0.8237
aihub_raw/surface/Surface_1/Surface_075/MP_SEL_SUR_007350.jpg,none,0.0,,,0.8877
aihub_raw/surface/Surface_1/Surface_075/MP_SEL_SUR_007351.jpg,none,0.0,,,0.0
aihub_raw/surface/Surface_1/Surface_075/MP_SEL_SUR_007352.jpg,none,0.0,,,0.9793
aihub_raw/surface/Surface_1/Surface_075/MP_SEL_SUR_007353.jpg,none_far,0.0044,0.015,0.044,0.9422
aihub_raw/surface/Surface_1/Surface_075/MP_SEL_SUR_007354.jpg,none,0.0,,,0.0
aihub_raw/surface/Surface_1/Surface_075/MP_SEL_SUR_007355.jpg,none,0.0,,,0.8493
aihub_raw/surface/Surface_1/Surface_075/MP_SEL_SUR_007356.jpg,none,0.0,,,0.9029
aihub_raw/surface/Surface_1/Surface_075/MP_SEL_SUR_007357.jpg,none,0.0,,,0.0
aihub_raw/surface/Surface_1/Surface_075/MP_SEL_SUR_007358.jpg,none,0.0,,,0.7737
aihub_raw/surface/Surface_1/Surface_075/MP_SEL_SUR_007359.jpg,none,0.0,,,0.7149
aihub_raw/surface/Surface_1/Surface_075/MP_SEL_SUR_007360.jpg,none,0.0,,,0.7174
aihub_raw/surface/Surface_1/Surface_075/MP_SEL_SUR_007361.jpg,none,0.0,,,0.0
aihub_raw/surface/Surface_1/Surface_075/MP_SEL_SUR_007362.jpg,none,0.0,,,0.9232
aihub_raw/surface/Surface_1/Surface_075/MP_SEL_SUR_007363.jpg,none,0.0,,,0.8535
aihub_raw/surface/Surface_1/Surface_075/MP_SEL_SUR_007364.jpg,none,0.0,,,0.0
aihub_raw/surface/Surface_1/Surface_075/MP_SEL_SUR_007365.jpg,none,0.0,,,0.8938
aihub_raw/surface/Surface_1/Surface_075/MP_SEL_SUR_007366.jpg,none,0.0,,,0.6911
aihub_raw/surface/Surface_1/Surface_075/MP_SEL_SUR_007367.jpg,approach,0.7351,0.0,0.804,0.2469
aihub_raw/surface/Surface_1/Surface_075/MP_SEL_SUR_007368.jpg,none,0.0,,,0.9983
aihub_raw/surface/Surface_1/Surface_075/MP_SEL_SUR_007369.jpg,none,0.0,,,0.9851
aihub_raw/surface/Surface_1/Surface_075/MP_SEL_SUR_007370.jpg,none,0.0,,,0.0
aihub_raw/surface/Surface_1/Surface_075/MP_SEL_SUR_007371.jpg,none,0.0,,,0.0
aihub_raw/surface/Surface_1/Surface_075/MP_SEL_SUR_007372.jpg,none,0.0,,,0.0
aihub_raw/surface/Surface_1/Surface_075/MP_SEL_SUR_007373.jpg,on,1.0,0.0,1.0,0.0
aihub_raw/surface/Surface_1/Surface_075/MP_SEL_SUR_007374.jpg,none,0.0,,,0.7846
aihub_raw/surface/Surface_1/Surface_075/MP_SEL_SUR_007375.jpg,none_far,0.0175,0.0,0.07,0.7032
aihub_raw/surface/Surface_1/Surface_075/MP_SEL_SUR_007376.jpg,none,0.0,,,0.9943
aihub_raw/surface/Surface_1/Surface_075/MP_SEL_SUR_007377.jpg,none,0.0,,,0.0112
aihub_raw/surface/Surface_1/Surface_075/MP_SEL_SUR_007378.jpg,none,0.0,,,0.0
aihub_raw/surface/Surface_1/Surface_075/MP_SEL_SUR_007379.jpg,none,0.0,,,0.7627
aihub_raw/surface/Surface_1/Surface_075/MP_SEL_SUR_007380.jpg,none,0.0,,,0.0
aihub_raw/surface/Surface_1/Surface_075/MP_SEL_SUR_007381.jpg,none,0.0,,,0.8037
aihub_raw/surface/Surface_1/Surface_075/MP_SEL_SUR_007382.jpg,none,0.0,,,0.0026
aihub_raw/surface/Surface_1/Surface_075/MP_SEL_SUR_007383.jpg,none,0.0,,,0.1711
aihub_raw/surface/Surface_1/Surface_075/MP_SEL_SUR_007384.jpg,none,0.0,,,0.6221
aihub_raw/surface/Surface_1/Surface_075/MP_SEL_SUR_007385.jpg,none,0.0,,,0.8015
aihub_raw/surface/Surface_1/Surface_075/MP_SEL_SUR_007386.jpg,none,0.0,,,0.9223
aihub_raw/surface/Surface_1/Surface_075/MP_SEL_SUR_007387.jpg,none,0.0,,,1.0
aihub_raw/surface/Surface_1/Surface_075/MP_SEL_SUR_007388.jpg,none,0.0,,,0.3776
aihub_raw/surface/Surface_1/Surface_075/MP_SEL_SUR_007389.jpg,none,0.0,,,0.0
aihub_raw/surface/Surface_1/Surface_075/MP_SEL_SUR_007390.jpg,none,0.0,,,0.8595
aihub_raw/surface/Surface_1/Surface_075/MP_SEL_SUR_007391.jpg,none,0.0,,,0.9823
aihub_raw/surface/Surface_1/Surface_075/MP_SEL_SUR_007392.jpg,none,0.0,,,0.0
aihub_raw/surface/Surface_1/Surface_075/MP_SEL_SUR_007393.jpg,none_far,0.02,0.0,0.119,0.98
aihub_raw/surface/Surface_1/Surface_075/MP_SEL_SUR_007394.jpg,none,0.0,,,0.0
aihub_raw/surface/Surface_1/Surface_075/MP_SEL_SUR_007395.jpg,none,0.0,,,0.8392
aihub_raw/surface/Surface_1/Surface_075/MP_SEL_SUR_007396.jpg,none,0.0,,,0.6827
aihub_raw/surface/Surface_1/Surface_075/MP_SEL_SUR_007397.jpg,none,0.0,,,0.0
aihub_raw/surface/Surface_1/Surface_075/MP_SEL_SUR_007398.jpg,none,0.0,,,0.9934
aihub_raw/surface/Surface_1/Surface_075/MP_SEL_SUR_007399.jpg,none,0.0,,,0.0
aihub_raw/surface/Surface_1/Surface_075/MP_SEL_SUR_007400.jpg,none,0.0,,,0.9777
aihub_raw/surface/Surface_1/Surface_075/MP_SEL_SUR_007401.jpg,none_far,0.0077,0.0,0.03,0.9256
aihub_raw/surface/Surface_1/Surface_075/MP_SEL_SUR_007402.jpg,none,0.0,,,0.0
aihub_raw/surface/Surface_1/Surface_075/MP_SEL_SUR_007403.jpg,none,0.0,,,1.0
aihub_raw/surface/Surface_1/Surface_075/MP_SEL_SUR_007404.jpg,none,0.0,,,0.9902
aihub_raw/surface/Surface_1/Surface_075/MP_SEL_SUR_007405.jpg,none,0.0,,,0.8361
aihub_raw/surface/Surface_1/Surface_075/MP_SEL_SUR_007406.jpg,none,0.0,,,0.0
aihub_raw/surface/Surface_1/Surface_075/MP_SEL_SUR_007407.jpg,none,0.0,,,0.0
aihub_raw/surface/Surface_1/Surface_075/MP_SEL_SUR_007408.jpg,none,0.0,,,0.0
aihub_raw/surface/Surface_1/Surface_075/MP_SEL_SUR_007409.jpg,none,0.0,,,0.2226
aihub_raw/surface/Surface_1/Surface_075/MP_SEL_SUR_007410.jpg,on,0.9982,0.0,1.0,0.0
aihub_raw/surface/Surface_1/Surface_075/MP_SEL_SUR_007411.jpg,none,0.0,,,0.0
aihub_raw/surface/Surface_1/Surface_075/MP_SEL_SUR_007412.jpg,none,0.0,,,0.742
aihub_raw/surface/Surface_1/Surface_075/MP_SEL_SUR_007413.jpg,none,0.0,,,0.9808
aihub_raw/surface/Surface_1/Surface_075/MP_SEL_SUR_007414.jpg,none,0.0,,,0.693
aihub_raw/surface/Surface_1/Surface_075/MP_SEL_SUR_007415.jpg,none,0.0,,,0.9695
aihub_raw/surface/Surface_1/Surface_075/MP_SEL_SUR_007416.jpg,none,0.0,,,0.968
aihub_raw/surface/Surface_1/Surface_075/MP_SEL_SUR_007417.jpg,none,0.0,,,0.9881
aihub_raw/surface/Surface_1/Surface_076/MP_SEL_SUR_007418.jpg,none,0.0,,,0.0
aihub_raw/surface/Surface_1/Surface_076/MP_SEL_SUR_007419.jpg,none,0.0,,,0.0
aihub_raw/surface/Surface_1/Surface_076/MP_SEL_SUR_007420.jpg,none,0.0,,,0.8796
aihub_raw/surface/Surface_1/Surface_076/MP_SEL_SUR_007421.jpg,none,0.0,,,0.0
aihub_raw/surface/Surface_1/Surface_076/MP_SEL_SUR_007422.jpg,none_far,0.025,0.0,0.241,0.9654
aihub_raw/surface/Surface_1/Surface_076/MP_SEL_SUR_007423.jpg,none,0.0,,,0.0
aihub_raw/surface/Surface_1/Surface_076/MP_SEL_SUR_007424.jpg,none,0.0,,,0.0
aihub_raw/surface/Surface_1/Surface_076/MP_SEL_SUR_007425.jpg,none,0.0,,,0.6392
aihub_raw/surface/Surface_1/Surface_076/MP_SEL_SUR_007426.jpg,none,0.0,,,0.0
aihub_raw/surface/Surface_1/Surface_076/MP_SEL_SUR_007427.jpg,none,0.0,,,0.0504
aihub_raw/surface/Surface_1/Surface_076/MP_SEL_SUR_007428.jpg,none,0.0,,,0.6219
aihub_raw/surface/Surface_1/Surface_076/MP_SEL_SUR_007429.jpg,none,0.0,,,1.0
aihub_raw/surface/Surface_1/Surface_076/MP_SEL_SUR_007430.jpg,none,0.0,,,0.9765
aihub_raw/surface/Surface_1/Surface_076/MP_SEL_SUR_007431.jpg,none,0.0,,,0.9074
aihub_raw/surface/Surface_1/Surface_076/MP_SEL_SUR_007432.jpg,none,0.0,,,0.9906
aihub_raw/surface/Surface_1/Surface_076/MP_SEL_SUR_007433.jpg,none,0.0,,,0.9988
aihub_raw/surface/Surface_1/Surface_076/MP_SEL_SUR_007434.jpg,none,0.0,,,0.5169
aihub_raw/surface/Surface_1/Surface_076/MP_SEL_SUR_007435.jpg,none,0.0,,,0.7812
aihub_raw/surface/Surface_1/Surface_076/MP_SEL_SUR_007436.jpg,none,0.0,,,0.0
aihub_raw/surface/Surface_1/Surface_076/MP_SEL_SUR_007437.jpg,none_far,0.0011,0.0,0.033,0.7104
aihub_raw/surface/Surface_1/Surface_076/MP_SEL_SUR_007438.jpg,none,0.0,,,0.9761
aihub_raw/surface/Surface_1/Surface_076/MP_SEL_SUR_007439.jpg,none,0.0,,,0.0
aihub_raw/surface/Surface_1/Surface_076/MP_SEL_SUR_007440.jpg,none,0.0,,,0.8122
aihub_raw/surface/Surface_1/Surface_076/MP_SEL_SUR_007441.jpg,none,0.0,,,0.0
aihub_raw/surface/Surface_1/Surface_076/MP_SEL_SUR_007442.jpg,none,0.0,,,0.8898
aihub_raw/surface/Surface_1/Surface_076/MP_SEL_SUR_007443.jpg,none,0.0,,,0.0
aihub_raw/surface/Surface_1/Surface_076/MP_SEL_SUR_007444.jpg,on_end,0.1919,0.807,1.0,0.0
aihub_raw/surface/Surface_1/Surface_076/MP_SEL_SUR_007445.jpg,none,0.0,,,0.9646
aihub_raw/surface/Surface_1/Surface_076/MP_SEL_SUR_007446.jpg,none,0.0,,,0.0
aihub_raw/surface/Surface_1/Surface_076/MP_SEL_SUR_007447.jpg,none,0.0,,,0.9634
aihub_raw/surface/Surface_1/Surface_076/MP_SEL_SUR_007448.jpg,none,0.0,,,0.9924
aihub_raw/surface/Surface_1/Surface_076/MP_SEL_SUR_007449.jpg,none_far,0.1604,0.0,0.359,0.7184
aihub_raw/surface/Surface_1/Surface_076/MP_SEL_SUR_007450.jpg,none,0.0,,,0.972
aihub_raw/surface/Surface_1/Surface_076/MP_SEL_SUR_007451.jpg,none,0.0,,,0.0
aihub_raw/surface/Surface_1/Surface_076/MP_SEL_SUR_007452.jpg,none,0.0,,,0.125
aihub_raw/surface/Surface_1/Surface_076/MP_SEL_SUR_007453.jpg,none,0.0,,,0.9141
aihub_raw/surface/Surface_1/Surface_076/MP_SEL_SUR_007454.jpg,none,0.0,,,0.9436
aihub_raw/surface/Surface_1/Surface_076/MP_SEL_SUR_007455.jpg,none,0.0,,,0.9439
aihub_raw/surface/Surface_1/Surface_076/MP_SEL_SUR_007456.jpg,none,0.0,,,0.0
aihub_raw/surface/Surface_1/Surface_076/MP_SEL_SUR_007457.jpg,none,0.0,,,0.9654
aihub_raw/surface/Surface_1/Surface_076/MP_SEL_SUR_007458.jpg,none_far,0.0071,0.0,0.081,0.9126
aihub_raw/surface/Surface_1/Surface_076/MP_SEL_SUR_007459.jpg,none,0.0,,,0.7086
aihub_raw/surface/Surface_1/Surface_076/MP_SEL_SUR_007460.jpg,none,0.0,,,0.3136
aihub_raw/surface/Surface_1/Surface_076/MP_SEL_SUR_007461.jpg,none,0.0,,,0.0
aihub_raw/surface/Surface_1/Surface_076/MP_SEL_SUR_007462.jpg,none,0.0,,,0.0521
aihub_raw/surface/Surface_1/Surface_076/MP_SEL_SUR_007463.jpg,none,0.0,,,0.8135
aihub_raw/surface/Surface_1/Surface_076/MP_SEL_SUR_007464.jpg,none,0.0,,,0.8798
aihub_raw/surface/Surface_1/Surface_076/MP_SEL_SUR_007465.jpg,none,0.0,,,0.0
aihub_raw/surface/Surface_1/Surface_076/MP_SEL_SUR_007466.jpg,none,0.0,,,0.8885
aihub_raw/surface/Surface_1/Surface_076/MP_SEL_SUR_007467.jpg,none,0.0,,,0.9146
aihub_raw/surface/Surface_1/Surface_076/MP_SEL_SUR_007468.jpg,none_far,0.026,0.0,0.059,0.0
aihub_raw/surface/Surface_1/Surface_076/MP_SEL_SUR_007469.jpg,none,0.0,,,0.0
aihub_raw/surface/Surface_1/Surface_076/MP_SEL_SUR_007470.jpg,none,0.0,,,0.8488
aihub_raw/surface/Surface_1/Surface_076/MP_SEL_SUR_007471.jpg,none,0.0,,,0.3368
aihub_raw/surface/Surface_1/Surface_076/MP_SEL_SUR_007472.jpg,none,0.0,,,0.8097
aihub_raw/surface/Surface_1/Surface_076/MP_SEL_SUR_007473.jpg,none,0.0,,,0.0
aihub_raw/surface/Surface_1/Surface_076/MP_SEL_SUR_007474.jpg,none,0.0,,,0.8981
aihub_raw/surface/Surface_1/Surface_076/MP_SEL_SUR_007475.jpg,none,0.0,,,0.8397
aihub_raw/surface/Surface_1/Surface_076/MP_SEL_SUR_007476.jpg,none,0.0,,,0.0
aihub_raw/surface/Surface_1/Surface_076/MP_SEL_SUR_007477.jpg,none,0.0,,,0.6643
aihub_raw/surface/Surface_1/Surface_076/MP_SEL_SUR_007478.jpg,none,0.0,,,0.8081
aihub_raw/surface/Surface_1/Surface_076/MP_SEL_SUR_007479.jpg,none,0.0,,,0.7746
aihub_raw/surface/Surface_1/Surface_076/MP_SEL_SUR_007480.jpg,none,0.0,,,0.9013
aihub_raw/surface/Surface_1/Surface_076/MP_SEL_SUR_007481.jpg,none,0.0,,,0.9559
aihub_raw/surface/Surface_1/Surface_076/MP_SEL_SUR_007482.jpg,none,0.0,,,0.9505
aihub_raw/surface/Surface_1/Surface_076/MP_SEL_SUR_007483.jpg,none,0.0,,,0.7405
aihub_raw/surface/Surface_1/Surface_076/MP_SEL_SUR_007484.jpg,none,0.0,,,0.0
aihub_raw/surface/Surface_1/Surface_076/MP_SEL_SUR_007485.jpg,none,0.0,,,0.8439
aihub_raw/surface/Surface_1/Surface_076/MP_SEL_SUR_007486.jpg,none,0.0,,,0.0
aihub_raw/surface/Surface_1/Surface_076/MP_SEL_SUR_007487.jpg,none,0.0,,,0.9751
aihub_raw/surface/Surface_1/Surface_076/MP_SEL_SUR_007488.jpg,none_far,0.0214,0.0,0.059,0.9675
aihub_raw/surface/Surface_1/Surface_076/MP_SEL_SUR_007489.jpg,none,0.0,,,0.9609
aihub_raw/surface/Surface_1/Surface_076/MP_SEL_SUR_007490.jpg,on,0.8333,0.0,1.0,0.0
aihub_raw/surface/Surface_1/Surface_076/MP_SEL_SUR_007491.jpg,none,0.0,,,0.0
aihub_raw/surface/Surface_1/Surface_076/MP_SEL_SUR_007492.jpg,none,0.0,,,0.9514
aihub_raw/surface/Surface_1/Surface_076/MP_SEL_SUR_007493.jpg,none,0.0,,,0.8049
aihub_raw/surface/Surface_1/Surface_076/MP_SEL_SUR_007494.jpg,none,0.0,,,0.9952
aihub_raw/surface/Surface_1/Surface_076/MP_SEL_SUR_007495.jpg,none,0.0,,,0.6361
aihub_raw/surface/Surface_1/Surface_076/MP_SEL_SUR_007496.jpg,none,0.0,,,0.0
aihub_raw/surface/Surface_1/Surface_076/MP_SEL_SUR_007497.jpg,none,0.0,,,1.0
aihub_raw/surface/Surface_1/Surface_077/MP_SEL_SUR_007498.jpg,none_far,0.0124,0.0,0.067,0.5633
aihub_raw/surface/Surface_1/Surface_077/MP_SEL_SUR_007499.jpg,none,0.0,,,0.9172
aihub_raw/surface/Surface_1/Surface_077/MP_SEL_SUR_007500.jpg,none,0.0,,,1.0
aihub_raw/surface/Surface_1/Surface_077/MP_SEL_SUR_007501.jpg,none,0.0,,,0.9797
aihub_raw/surface/Surface_1/Surface_077/MP_SEL_SUR_007502.jpg,none,0.0,,,0.7679
aihub_raw/surface/Surface_1/Surface_077/MP_SEL_SUR_007503.jpg,none,0.0,,,0.8011
aihub_raw/surface/Surface_1/Surface_077/MP_SEL_SUR_007504.jpg,none,0.0,,,0.8761
aihub_raw/surface/Surface_1/Surface_077/MP_SEL_SUR_007505.jpg,none,0.0,,,0.0
aihub_raw/surface/Surface_1/Surface_077/MP_SEL_SUR_007506.jpg,none,0.0,,,0.8446
aihub_raw/surface/Surface_1/Surface_077/MP_SEL_SUR_007507.jpg,none,0.0,,,0.0
aihub_raw/surface/Surface_1/Surface_077/MP_SEL_SUR_007508.jpg,none,0.0,,,0.9416
aihub_raw/surface/Surface_1/Surface_077/MP_SEL_SUR_007509.jpg,none,0.0,,,0.8169
aihub_raw/surface/Surface_1/Surface_077/MP_SEL_SUR_007510.jpg,none,0.0,,,0.9395
aihub_raw/surface/Surface_1/Surface_077/MP_SEL_SUR_007511.jpg,none,0.0,,,0.0
aihub_raw/surface/Surface_1/Surface_077/MP_SEL_SUR_007512.jpg,none,0.0,,,0.8894
aihub_raw/surface/Surface_1/Surface_077/MP_SEL_SUR_007514.jpg,none,0.0,,,0.9968
aihub_raw/surface/Surface_1/Surface_077/MP_SEL_SUR_007515.jpg,none,0.0,,,0.0
aihub_raw/surface/Surface_1/Surface_077/MP_SEL_SUR_007516.jpg,none,0.0,,,0.0
aihub_raw/surface/Surface_1/Surface_077/MP_SEL_SUR_007517.jpg,none,0.0,,,1.0
aihub_raw/surface/Surface_1/Surface_077/MP_SEL_SUR_007518.jpg,none,0.0,,,0.745
aihub_raw/surface/Surface_1/Surface_077/MP_SEL_SUR_007519.jpg,none,0.0,,,0.8669
aihub_raw/surface/Surface_1/Surface_077/MP_SEL_SUR_007520.jpg,none_far,0.0138,0.0,0.067,0.9503
aihub_raw/surface/Surface_1/Surface_077/MP_SEL_SUR_007521.jpg,none,0.0,,,0.9693
aihub_raw/surface/Surface_1/Surface_077/MP_SEL_SUR_007522.jpg,none,0.0,,,0.294
aihub_raw/surface/Surface_1/Surface_077/MP_SEL_SUR_007523.jpg,none,0.0,,,0.969
aihub_raw/surface/Surface_1/Surface_077/MP_SEL_SUR_007524.jpg,none,0.0,,,0.9865
aihub_raw/surface/Surface_1/Surface_077/MP_SEL_SUR_007525.jpg,none,0.0,,,0.9236
aihub_raw/surface/Surface_1/Surface_077/MP_SEL_SUR_007526.jpg,none,0.0,,,0.0
aihub_raw/surface/Surface_1/Surface_077/MP_SEL_SUR_007527.jpg,none,0.0,,,0.0
aihub_raw/surface/Surface_1/Surface_077/MP_SEL_SUR_007528.jpg,none,0.0,,,0.9379
aihub_raw/surface/Surface_1/Surface_077/MP_SEL_SUR_007529.jpg,none,0.0,,,0.8813
aihub_raw/surface/Surface_1/Surface_077/MP_SEL_SUR_007530.jpg,none,0.0,,,0.0
aihub_raw/surface/Surface_1/Surface_077/MP_SEL_SUR_007531.jpg,none,0.0,,,0.8657
aihub_raw/surface/Surface_1/Surface_077/MP_SEL_SUR_007532.jpg,none,0.0,,,1.0
aihub_raw/surface/Surface_1/Surface_077/MP_SEL_SUR_007533.jpg,none,0.0,,,0.9974
aihub_raw/surface/Surface_1/Surface_077/MP_SEL_SUR_007534.jpg,none,0.0,,,0.5599
aihub_raw/surface/Surface_1/Surface_077/MP_SEL_SUR_007535.jpg,none,0.0,,,0.9507
aihub_raw/surface/Surface_1/Surface_077/MP_SEL_SUR_007536.jpg,none,0.0,,,0.8506
aihub_raw/surface/Surface_1/Surface_077/MP_SEL_SUR_007537.jpg,none,0.0,,,0.9499
aihub_raw/surface/Surface_1/Surface_077/MP_SEL_SUR_007538.jpg,none,0.0,,,0.9608
aihub_raw/surface/Surface_1/Surface_077/MP_SEL_SUR_007539.jpg,none,0.0,,,0.5434
aihub_raw/surface/Surface_1/Surface_077/MP_SEL_SUR_007540.jpg,none,0.0,,,0.957
aihub_raw/surface/Surface_1/Surface_077/MP_SEL_SUR_007541.jpg,none,0.0,,,0.9107
aihub_raw/surface/Surface_1/Surface_077/MP_SEL_SUR_007542.jpg,none,0.0,,,1.0
aihub_raw/surface/Surface_1/Surface_077/MP_SEL_SUR_007543.jpg,on,0.9942,0.0,1.0,0.0
aihub_raw/surface/Surface_1/Surface_077/MP_SEL_SUR_007544.jpg,none,0.0,,,0.0
aihub_raw/surface/Surface_1/Surface_077/MP_SEL_SUR_007545.jpg,on,1.0,0.0,1.0,0.0
aihub_raw/surface/Surface_1/Surface_077/MP_SEL_SUR_007546.jpg,none,0.0,,,0.9163
aihub_raw/surface/Surface_1/Surface_077/MP_SEL_SUR_007547.jpg,none,0.0,,,1.0
aihub_raw/surface/Surface_1/Surface_077/MP_SEL_SUR_007548.jpg,none,0.0,,,0.0
aihub_raw/surface/Surface_1/Surface_077/MP_SEL_SUR_007549.jpg,none,0.0,,,0.0818
aihub_raw/surface/Surface_1/Surface_077/MP_SEL_SUR_007550.jpg,on,0.7116,0.278,1.0,0.0724
aihub_raw/surface/Surface_1/Surface_077/MP_SEL_SUR_007551.jpg,none,0.0,,,0.8696
aihub_raw/surface/Surface_1/Surface_077/MP_SEL_SUR_007552.jpg,none,0.0,,,0.853
aihub_raw/surface/Surface_1/Surface_077/MP_SEL_SUR_007553.jpg,none,0.0,,,0.717
aihub_raw/surface/Surface_1/Surface_077/MP_SEL_SUR_007554.jpg,none,0.0,,,1.0
aihub_raw/surface/Surface_1/Surface_077/MP_SEL_SUR_007555.jpg,none,0.0,,,0.7123
aihub_raw/surface/Surface_1/Surface_077/MP_SEL_SUR_007556.jpg,none_far,0.0426,0.007,0.144,0.7106
aihub_raw/surface/Surface_1/Surface_077/MP_SEL_SUR_007557.jpg,none,0.0,,,0.9999
aihub_raw/surface/Surface_1/Surface_077/MP_SEL_SUR_007558.jpg,none,0.0,,,0.9957
aihub_raw/surface/Surface_1/Surface_077/MP_SEL_SUR_007559.jpg,none,0.0,,,0.0
aihub_raw/surface/Surface_1/Surface_077/MP_SEL_SUR_007560.jpg,none,0.0,,,0.9953
aihub_raw/surface/Surface_1/Surface_077/MP_SEL_SUR_007561.jpg,none_far,0.0725,0.0,0.419,0.9287
aihub_raw/surface/Surface_1/Surface_077/MP_SEL_SUR_007562.jpg,none,0.0,,,0.9351
aihub_raw/surface/Surface_1/Surface_077/MP_SEL_SUR_007563.jpg,none,0.0,,,0.9536
aihub_raw/surface/Surface_1/Surface_077/MP_SEL_SUR_007564.jpg,none,0.0,,,0.8933
aihub_raw/surface/Surface_1/Surface_077/MP_SEL_SUR_007565.jpg,none,0.0,,,0.9751
aihub_raw/surface/Surface_1/Surface_077/MP_SEL_SUR_007566.jpg,none,0.0,,,0.0
aihub_raw/surface/Surface_1/Surface_077/MP_SEL_SUR_007567.jpg,none,0.0,,,0.0
aihub_raw/surface/Surface_1/Surface_077/MP_SEL_SUR_007568.jpg,none,0.0,,,0.0
aihub_raw/surface/Surface_1/Surface_077/MP_SEL_SUR_007569.jpg,none,0.0,,,0.9977
aihub_raw/surface/Surface_1/Surface_077/MP_SEL_SUR_007570.jpg,none,0.0,,,0.8011
aihub_raw/surface/Surface_1/Surface_077/MP_SEL_SUR_007571.jpg,approach,0.5429,0.0,0.659,0.3532
aihub_raw/surface/Surface_1/Surface_077/MP_SEL_SUR_007572.jpg,none,0.0,,,0.9288
aihub_raw/surface/Surface_1/Surface_077/MP_SEL_SUR_007573.jpg,none,0.0,,,1.0
aihub_raw/surface/Surface_1/Surface_077/MP_SEL_SUR_007575.jpg,none,0.0,,,0.9988
aihub_raw/surface/Surface_1/Surface_077/MP_SEL_SUR_007576.jpg,on,0.8434,0.0,1.0,0.0056
aihub_raw/surface/Surface_1/Surface_077/MP_SEL_SUR_007577.jpg,none,0.0,,,0.946
aihub_raw/surface/Surface_1/Surface_077/MP_SEL_SUR_007578.jpg,none,0.0,,,0.9841
aihub_raw/surface/Surface_1/Surface_078/MP_SEL_SUR_007579.jpg,none,0.0,,,0.0
aihub_raw/surface/Surface_1/Surface_078/MP_SEL_SUR_007580.jpg,none,0.0,,,0.8663
aihub_raw/surface/Surface_1/Surface_078/MP_SEL_SUR_007581.jpg,none,0.0,,,0.0
aihub_raw/surface/Surface_1/Surface_078/MP_SEL_SUR_007582.jpg,none,0.0,,,0.6737
aihub_raw/surface/Surface_1/Surface_078/MP_SEL_SUR_007583.jpg,none,0.0,,,0.0
aihub_raw/surface/Surface_1/Surface_078/MP_SEL_SUR_007584.jpg,none_far,0.0531,0.037,0.2,0.7843
aihub_raw/surface/Surface_1/Surface_078/MP_SEL_SUR_007585.jpg,none,0.0,,,0.0
aihub_raw/surface/Surface_1/Surface_078/MP_SEL_SUR_007586.jpg,none,0.0,,,0.9604
aihub_raw/surface/Surface_1/Surface_078/MP_SEL_SUR_007588.jpg,none,0.0,,,0.0062
aihub_raw/surface/Surface_1/Surface_078/MP_SEL_SUR_007589.jpg,none,0.0,,,0.0
aihub_raw/surface/Surface_1/Surface_078/MP_SEL_SUR_007590.jpg,none,0.0,,,0.7813
aihub_raw/surface/Surface_1/Surface_078/MP_SEL_SUR_007591.jpg,none,0.0,,,0.0
aihub_raw/surface/Surface_1/Surface_078/MP_SEL_SUR_007592.jpg,none,0.0,,,0.9086
aihub_raw/surface/Surface_1/Surface_078/MP_SEL_SUR_007593.jpg,none,0.0,,,0.9573
aihub_raw/surface/Surface_1/Surface_078/MP_SEL_SUR_007594.jpg,none,0.0,,,0.9565
aihub_raw/surface/Surface_1/Surface_078/MP_SEL_SUR_007595.jpg,none,0.0,,,0.0
aihub_raw/surface/Surface_1/Surface_078/MP_SEL_SUR_007596.jpg,none,0.0,,,0.5801
aihub_raw/surface/Surface_1/Surface_078/MP_SEL_SUR_007597.jpg,none,0.0,,,0.0
aihub_raw/surface/Surface_1/Surface_078/MP_SEL_SUR_007598.jpg,none,0.0,,,0.7886
aihub_raw/surface/Surface_1/Surface_078/MP_SEL_SUR_007600.jpg,none,0.0,,,0.0077
aihub_raw/surface/Surface_1/Surface_078/MP_SEL_SUR_007601.jpg,none,0.0,,,0.0
aihub_raw/surface/Surface_1/Surface_078/MP_SEL_SUR_007602.jpg,none,0.0,,,0.0
aihub_raw/surface/Surface_1/Surface_078/MP_SEL_SUR_007603.jpg,none,0.0,,,0.6145
aihub_raw/surface/Surface_1/Surface_078/MP_SEL_SUR_007604.jpg,on,0.9783,0.0,1.0,0.0
aihub_raw/surface/Surface_1/Surface_078/MP_SEL_SUR_007605.jpg,none,0.0,,,0.0
aihub_raw/surface/Surface_1/Surface_078/MP_SEL_SUR_007606.jpg,none,0.0,,,0.0
aihub_raw/surface/Surface_1/Surface_078/MP_SEL_SUR_007607.jpg,none,0.0,,,0.876
aihub_raw/surface/Surface_1/Surface_078/MP_SEL_SUR_007608.jpg,none,0.0,,,0.9983
aihub_raw/surface/Surface_1/Surface_078/MP_SEL_SUR_007609.jpg,none,0.0,,,0.8957
aihub_raw/surface/Surface_1/Surface_078/MP_SEL_SUR_007610.jpg,none_far,0.016,0.0,0.178,0.2
aihub_raw/surface/Surface_1/Surface_078/MP_SEL_SUR_007611.jpg,none,0.0,,,0.0
aihub_raw/surface/Surface_1/Surface_078/MP_SEL_SUR_007612.jpg,none,0.0,,,0.9998
aihub_raw/surface/Surface_1/Surface_078/MP_SEL_SUR_007613.jpg,none,0.0,,,0.0
aihub_raw/surface/Surface_1/Surface_078/MP_SEL_SUR_007614.jpg,none,0.0,,,0.7249
aihub_raw/surface/Surface_1/Surface_078/MP_SEL_SUR_007615.jpg,none,0.0,,,0.0
aihub_raw/surface/Surface_1/Surface_078/MP_SEL_SUR_007616.jpg,none,0.0,,,0.005
aihub_raw/surface/Surface_1/Surface_078/MP_SEL_SUR_007617.jpg,on,1.0,0.0,1.0,0.0
aihub_raw/surface/Surface_1/Surface_078/MP_SEL_SUR_007618.jpg,none_far,0.0181,0.0,0.03,0.9414
aihub_raw/surface/Surface_1/Surface_078/MP_SEL_SUR_007619.jpg,none,0.0,,,0.0614
aihub_raw/surface/Surface_1/Surface_078/MP_SEL_SUR_007620.jpg,none,0.0,,,0.0
aihub_raw/surface/Surface_1/Surface_078/MP_SEL_SUR_007621.jpg,none_far,0.1098,0.033,0.241,0.6673
aihub_raw/surface/Surface_1/Surface_078/MP_SEL_SUR_007622.jpg,none,0.0,,,0.4694
aihub_raw/surface/Surface_1/Surface_078/MP_SEL_SUR_007623.jpg,none,0.0,,,0.0
aihub_raw/surface/Surface_1/Surface_078/MP_SEL_SUR_007624.jpg,none,0.0,,,1.0
aihub_raw/surface/Surface_1/Surface_078/MP_SEL_SUR_007625.jpg,none,0.0,,,1.0
aihub_raw/surface/Surface_1/Surface_078/MP_SEL_SUR_007626.jpg,none_far,0.3836,0.0,0.404,0.6077
aihub_raw/surface/Surface_1/Surface_078/MP_SEL_SUR_007627.jpg,none,0.0,,,0.9873
aihub_raw/surface/Surface_1/Surface_078/MP_SEL_SUR_007628.jpg,none,0.0,,,0.8003
aihub_raw/surface/Surface_1/Surface_078/MP_SEL_SUR_007629.jpg,none,0.0,,,0.9327
aihub_raw/surface/Surface_1/Surface_078/MP_SEL_SUR_007630.jpg,approach,0.7,0.0,0.7,0.2315
aihub_raw/surface/Surface_1/Surface_078/MP_SEL_SUR_007631.jpg,none,0.0,,,0.0
aihub_raw/surface/Surface_1/Surface_078/MP_SEL_SUR_007632.jpg,none_far,0.2584,0.0,0.293,0.7132
aihub_raw/surface/Surface_1/Surface_078/MP_SEL_SUR_007633.jpg,none,0.0,,,0.9169
aihub_raw/surface/Surface_1/Surface_078/MP_SEL_SUR_007634.jpg,none,0.0,,,0.0
aihub_raw/surface/Surface_1/Surface_078/MP_SEL_SUR_007635.jpg,none,0.0,,,0.3213
aihub_raw/surface/Surface_1/Surface_078/MP_SEL_SUR_007636.jpg,none,0.0,,,0.0
aihub_raw/surface/Surface_1/Surface_078/MP_SEL_SUR_007637.jpg,none,0.0,,,0.0
aihub_raw/surface/Surface_1/Surface_078/MP_SEL_SUR_007638.jpg,none,0.0,,,0.0
aihub_raw/surface/Surface_1/Surface_078/MP_SEL_SUR_007639.jpg,none,0.0,,,0.0
aihub_raw/surface/Surface_1/Surface_078/MP_SEL_SUR_007640.jpg,none,0.0,,,0.9743
aihub_raw/surface/Surface_1/Surface_078/MP_SEL_SUR_007641.jpg,none,0.0,,,0.999
aihub_raw/surface/Surface_1/Surface_078/MP_SEL_SUR_007642.jpg,none_far,0.0838,0.081,0.374,0.7367
aihub_raw/surface/Surface_1/Surface_078/MP_SEL_SUR_007643.jpg,none,0.0,,,0.9226
aihub_raw/surface/Surface_1/Surface_078/MP_SEL_SUR_007644.jpg,none,0.0,,,0.0
aihub_raw/surface/Surface_1/Surface_078/MP_SEL_SUR_007645.jpg,none,0.0,,,1.0
aihub_raw/surface/Surface_1/Surface_078/MP_SEL_SUR_007646.jpg,none,0.0,,,0.0
aihub_raw/surface/Surface_1/Surface_078/MP_SEL_SUR_007647.jpg,none,0.0,,,0.0
aihub_raw/surface/Surface_1/Surface_078/MP_SEL_SUR_007648.jpg,none,0.0,,,0.0
aihub_raw/surface/Surface_1/Surface_078/MP_SEL_SUR_007649.jpg,none,0.0,,,0.0
aihub_raw/surface/Surface_1/Surface_078/MP_SEL_SUR_007650.jpg,none,0.0,,,0.0
aihub_raw/surface/Surface_1/Surface_078/MP_SEL_SUR_007651.jpg,none,0.0,,,0.5211
aihub_raw/surface/Surface_1/Surface_078/MP_SEL_SUR_007652.jpg,none,0.0,,,0.664
aihub_raw/surface/Surface_1/Surface_078/MP_SEL_SUR_007653.jpg,none,0.0,,,0.9447
aihub_raw/surface/Surface_1/Surface_078/MP_SEL_SUR_007654.jpg,none_far,0.0315,0.0,0.085,0.8098
aihub_raw/surface/Surface_1/Surface_078/MP_SEL_SUR_007655.jpg,none,0.0,,,0.6165
aihub_raw/surface/Surface_1/Surface_078/MP_SEL_SUR_007656.jpg,none,0.0,,,0.8657
aihub_raw/surface/Surface_1/Surface_078/MP_SEL_SUR_007657.jpg,none,0.0,,,0.7503
aihub_raw/surface/Surface_1/Surface_078/MP_SEL_SUR_007658.jpg,none,0.0,,,0.8834
aihub_raw/surface/Surface_1/Surface_078/MP_SEL_SUR_007659.jpg,none,0.0,,,0.9127
aihub_raw/surface/Surface_1/Surface_078/MP_SEL_SUR_007660.jpg,none,0.0,,,0.0
aihub_raw/surface/Surface_1/Surface_079/MP_SEL_SUR_007661.jpg,none,0.0,,,0.6308
aihub_raw/surface/Surface_1/Surface_079/MP_SEL_SUR_007662.jpg,none,0.0,,,0.994
aihub_raw/surface/Surface_1/Surface_079/MP_SEL_SUR_007663.jpg,none,0.0,,,0.9674
aihub_raw/surface/Surface_1/Surface_079/MP_SEL_SUR_007664.jpg,none,0.0,,,0.9922
aihub_raw/surface/Surface_1/Surface_079/MP_SEL_SUR_007665.jpg,none,0.0,,,1.0
aihub_raw/surface/Surface_1/Surface_079/MP_SEL_SUR_007666.jpg,none,0.0,,,0.9988
aihub_raw/surface/Surface_1/Surface_079/MP_SEL_SUR_007667.jpg,on,0.8141,0.144,1.0,0.1322
aihub_raw/surface/Surface_1/Surface_079/MP_SEL_SUR_007668.jpg,approach,0.5081,0.0,0.667,0.4903
aihub_raw/surface/Surface_1/Surface_079/MP_SEL_SUR_007669.jpg,none,0.0,,,0.9527
aihub_raw/surface/Surface_1/Surface_079/MP_SEL_SUR_007670.jpg,none,0.0,,,0.9507
aihub_raw/surface/Surface_1/Surface_079/MP_SEL_SUR_007671.jpg,none,0.0,,,0.5247
aihub_raw/surface/Surface_1/Surface_079/MP_SEL_SUR_007672.jpg,none,0.0,,,0.9335
aihub_raw/surface/Surface_1/Surface_079/MP_SEL_SUR_007673.jpg,none,0.0,,,0.0
aihub_raw/surface/Surface_1/Surface_079/MP_SEL_SUR_007674.jpg,none,0.0,,,0.9644
aihub_raw/surface/Surface_1/Surface_079/MP_SEL_SUR_007675.jpg,none,0.0,,,0.9915
aihub_raw/surface/Surface_1/Surface_079/MP_SEL_SUR_007676.jpg,none,0.0,,,0.378
aihub_raw/surface/Surface_1/Surface_079/MP_SEL_SUR_007677.jpg,none_far,0.051,0.0,0.067,0.0
aihub_raw/surface/Surface_1/Surface_079/MP_SEL_SUR_007678.jpg,none,0.0,,,0.0
aihub_raw/surface/Surface_1/Surface_079/MP_SEL_SUR_007679.jpg,none,0.0,,,0.4909
aihub_raw/surface/Surface_1/Surface_079/MP_SEL_SUR_007680.jpg,none,0.0,,,0.9027
aihub_raw/surface/Surface_1/Surface_079/MP_SEL_SUR_007681.jpg,none,0.0,,,0.0
aihub_raw/surface/Surface_1/Surface_079/MP_SEL_SUR_007682.jpg,none,0.0,,,0.9679
aihub_raw/surface/Surface_1/Surface_079/MP_SEL_SUR_007683.jpg,none,0.0,,,0.9245
aihub_raw/surface/Surface_1/Surface_079/MP_SEL_SUR_007685.jpg,none_far,0.0019,0.0,0.015,0.6544
aihub_raw/surface/Surface_1/Surface_079/MP_SEL_SUR_007686.jpg,none,0.0,,,0.1452
aihub_raw/surface/Surface_1/Surface_079/MP_SEL_SUR_007687.jpg,none,0.0,,,0.0
aihub_raw/surface/Surface_1/Surface_079/MP_SEL_SUR_007689.jpg,none,0.0,,,0.0594
aihub_raw/surface/Surface_1/Surface_079/MP_SEL_SUR_007690.jpg,none,0.0,,,0.9816
aihub_raw/surface/Surface_1/Surface_079/MP_SEL_SUR_007691.jpg,none_far,0.1089,0.0,0.222,0.7618
aihub_raw/surface/Surface_1/Surface_079/MP_SEL_SUR_007692.jpg,none,0.0,,,0.1983
aihub_raw/surface/Surface_1/Surface_079/MP_SEL_SUR_007693.jpg,none_far,0.5389,0.0,0.548,0.4415
aihub_raw/surface/Surface_1/Surface_079/MP_SEL_SUR_007694.jpg,none,0.0,,,0.8829
aihub_raw/surface/Surface_1/Surface_079/MP_SEL_SUR_007695.jpg,none,0.0,,,0.9292
aihub_raw/surface/Surface_1/Surface_079/MP_SEL_SUR_007696.jpg,on,0.9559,0.0,1.0,0.0428
aihub_raw/surface/Surface_1/Surface_079/MP_SEL_SUR_007697.jpg,none,0.0,,,0.783
aihub_raw/surface/Surface_1/Surface_079/MP_SEL_SUR_007698.jpg,none,0.0,,,0.9578
aihub_raw/surface/Surface_1/Surface_079/MP_SEL_SUR_007699.jpg,none,0.0,,,0.6436
aihub_raw/surface/Surface_1/Surface_079/MP_SEL_SUR_007700.jpg,none,0.0,,,0.0
aihub_raw/surface/Surface_1/Surface_079/MP_SEL_SUR_007701.jpg,none,0.0,,,0.0004
aihub_raw/surface/Surface_1/Surface_079/MP_SEL_SUR_007702.jpg,none,0.0,,,0.0
aihub_raw/surface/Surface_1/Surface_079/MP_SEL_SUR_007703.jpg,none,0.0,,,0.8963
aihub_raw/surface/Surface_1/Surface_079/MP_SEL_SUR_007704.jpg,none,0.0,,,0.1414
aihub_raw/surface/Surface_1/Surface_079/MP_SEL_SUR_007705.jpg,none,0.0,,,0.7207
aihub_raw/surface/Surface_1/Surface_079/MP_SEL_SUR_007707.jpg,none,0.0,,,0.9758
aihub_raw/surface/Surface_1/Surface_079/MP_SEL_SUR_007708.jpg,none,0.0,,,0.1459
aihub_raw/surface/Surface_1/Surface_079/MP_SEL_SUR_007709.jpg,none,0.0,,,1.0
aihub_raw/surface/Surface_1/Surface_079/MP_SEL_SUR_007710.jpg,none,0.0,,,0.2765
aihub_raw/surface/Surface_1/Surface_079/MP_SEL_SUR_007711.jpg,none,0.0,,,0.8754
aihub_raw/surface/Surface_1/Surface_079/MP_SEL_SUR_007712.jpg,none,0.0,,,0.9717
aihub_raw/surface/Surface_1/Surface_079/MP_SEL_SUR_007713.jpg,none_far,0.0451,0.0,0.13,0.8594
aihub_raw/surface/Surface_1/Surface_079/MP_SEL_SUR_007714.jpg,none,0.0,,,0.0026
aihub_raw/surface/Surface_1/Surface_079/MP_SEL_SUR_007715.jpg,none,0.0,,,0.0
aihub_raw/surface/Surface_1/Surface_079/MP_SEL_SUR_007716.jpg,none,0.0,,,0.0
aihub_raw/surface/Surface_1/Surface_079/MP_SEL_SUR_007717.jpg,none_far,0.0166,0.104,0.189,0.4799
aihub_raw/surface/Surface_1/Surface_079/MP_SEL_SUR_007718.jpg,none,0.0,,,0.27
aihub_raw/surface/Surface_1/Surface_079/MP_SEL_SUR_007719.jpg,none,0.0,,,0.0034
aihub_raw/surface/Surface_1/Surface_079/MP_SEL_SUR_007720.jpg,none,0.0,,,0.0
aihub_raw/surface/Surface_1/Surface_079/MP_SEL_SUR_007722.jpg,none,0.0,,,0.1189
aihub_raw/surface/Surface_1/Surface_079/MP_SEL_SUR_007723.jpg,none,0.0,,,0.5594
aihub_raw/surface/Surface_1/Surface_079/MP_SEL_SUR_007724.jpg,none,0.0,,,0.2999
aihub_raw/surface/Surface_1/Surface_079/MP_SEL_SUR_007726.jpg,none,0.0,,,0.0
aihub_raw/surface/Surface_1/Surface_079/MP_SEL_SUR_007727.jpg,none,0.0,,,0.9975
aihub_raw/surface/Surface_1/Surface_079/MP_SEL_SUR_007729.jpg,none,0.0,,,0.9248
aihub_raw/surface/Surface_1/Surface_079/MP_SEL_SUR_007730.jpg,none,0.0,,,0.0
aihub_raw/surface/Surface_1/Surface_079/MP_SEL_SUR_007731.jpg,none,0.0,,,0.0
aihub_raw/surface/Surface_1/Surface_079/MP_SEL_SUR_007732.jpg,none,0.0,,,0.937
aihub_raw/surface/Surface_1/Surface_079/MP_SEL_SUR_007733.jpg,none,0.0,,,0.9061
aihub_raw/surface/Surface_1/Surface_079/MP_SEL_SUR_007735.jpg,none_far,0.0001,0.441,0.456,0.6131
aihub_raw/surface/Surface_1/Surface_079/MP_SEL_SUR_007736.jpg,none,0.0,,,0.0
aihub_raw/surface/Surface_1/Surface_079/MP_SEL_SUR_007737.jpg,none,0.0,,,0.0
aihub_raw/surface/Surface_1/Surface_079/MP_SEL_SUR_007738.jpg,none,0.0,,,0.829
aihub_raw/surface/Surface_1/Surface_079/MP_SEL_SUR_007739.jpg,none,0.0,,,0.9088
aihub_raw/surface/Surface_1/Surface_079/MP_SEL_SUR_007740.jpg,none,0.0,,,0.6969
aihub_raw/surface/Surface_1/Surface_079/MP_SEL_SUR_007741.jpg,none,0.0,,,0.9337
aihub_raw/surface/Surface_1/Surface_080/MP_SEL_SUR_007742.jpg,none,0.0,,,0.7908
aihub_raw/surface/Surface_1/Surface_080/MP_SEL_SUR_007743.jpg,none,0.0,,,0.7654
aihub_raw/surface/Surface_1/Surface_080/MP_SEL_SUR_007744.jpg,none,0.0,,,1.0
aihub_raw/surface/Surface_1/Surface_080/MP_SEL_SUR_007745.jpg,none,0.0,,,0.9367
aihub_raw/surface/Surface_1/Surface_080/MP_SEL_SUR_007746.jpg,none,0.0,,,0.7694
aihub_raw/surface/Surface_1/Surface_080/MP_SEL_SUR_007748.jpg,none,0.0,,,0.3994
aihub_raw/surface/Surface_1/Surface_080/MP_SEL_SUR_007749.jpg,none,0.0,,,0.0773
aihub_raw/surface/Surface_1/Surface_080/MP_SEL_SUR_007750.jpg,none,0.0,,,0.8674
aihub_raw/surface/Surface_1/Surface_080/MP_SEL_SUR_007752.jpg,none,0.0,,,0.0
aihub_raw/surface/Surface_1/Surface_080/MP_SEL_SUR_007753.jpg,none,0.0,,,0.0
aihub_raw/surface/Surface_1/Surface_080/MP_SEL_SUR_007755.jpg,none,0.0,,,0.9712
aihub_raw/surface/Surface_1/Surface_080/MP_SEL_SUR_007756.jpg,none,0.0,,,1.0
aihub_raw/surface/Surface_1/Surface_080/MP_SEL_SUR_007757.jpg,none,0.0,,,0.0013
aihub_raw/surface/Surface_1/Surface_080/MP_SEL_SUR_007758.jpg,none,0.0,,,0.0
aihub_raw/surface/Surface_1/Surface_080/MP_SEL_SUR_007759.jpg,none,0.0,,,0.8773
aihub_raw/surface/Surface_1/Surface_080/MP_SEL_SUR_007761.jpg,none,0.0,,,0.1777
aihub_raw/surface/Surface_1/Surface_080/MP_SEL_SUR_007762.jpg,none,0.0,,,0.9947
aihub_raw/surface/Surface_1/Surface_080/MP_SEL_SUR_007763.jpg,none,0.0,,,0.0
aihub_raw/surface/Surface_1/Surface_080/MP_SEL_SUR_007764.jpg,none,0.0,,,0.9715
aihub_raw/surface/Surface_1/Surface_080/MP_SEL_SUR_007765.jpg,none,0.0,,,0.9957
aihub_raw/surface/Surface_1/Surface_080/MP_SEL_SUR_007766.jpg,none_far,0.4945,0.0,0.559,0.4184
aihub_raw/surface/Surface_1/Surface_080/MP_SEL_SUR_007767.jpg,none,0.0,,,0.9601
aihub_raw/surface/Surface_1/Surface_080/MP_SEL_SUR_007768.jpg,none,0.0,,,0.798
aihub_raw/surface/Surface_1/Surface_080/MP_SEL_SUR_007769.jpg,none,0.0,,,0.0
aihub_raw/surface/Surface_1/Surface_080/MP_SEL_SUR_007770.jpg,none,0.0,,,0.8696
aihub_raw/surface/Surface_1/Surface_080/MP_SEL_SUR_007771.jpg,none,0.0,,,0.5559
aihub_raw/surface/Surface_1/Surface_080/MP_SEL_SUR_007772.jpg,none,0.0,,,0.9751
aihub_raw/surface/Surface_1/Surface_080/MP_SEL_SUR_007773.jpg,none,0.0,,,0.9678
aihub_raw/surface/Surface_1/Surface_080/MP_SEL_SUR_007774.jpg,none,0.0,,,0.9821
aihub_raw/surface/Surface_1/Surface_080/MP_SEL_SUR_007775.jpg,none,0.0,,,0.7574
aihub_raw/surface/Surface_1/Surface_080/MP_SEL_SUR_007776.jpg,none_far,0.3135,0.0,0.367,0.6545
aihub_raw/surface/Surface_1/Surface_080/MP_SEL_SUR_007777.jpg,none,0.0,,,0.9461
aihub_raw/surface/Surface_1/Surface_080/MP_SEL_SUR_007778.jpg,none,0.0,,,0.9041
aihub_raw/surface/Surface_1/Surface_080/MP_SEL_SUR_007779.jpg,none,0.0,,,0.9967
aihub_raw/surface/Surface_1/Surface_080/MP_SEL_SUR_007780.jpg,none,0.0,,,0.0
aihub_raw/surface/Surface_1/Surface_080/MP_SEL_SUR_007781.jpg,none,0.0,,,0.0
aihub_raw/surface/Surface_1/Surface_080/MP_SEL_SUR_007782.jpg,none,0.0,,,0.5181
aihub_raw/surface/Surface_1/Surface_080/MP_SEL_SUR_007783.jpg,none,0.0,,,0.9039
aihub_raw/surface/Surface_1/Surface_080/MP_SEL_SUR_007785.jpg,none,0.0,,,0.0
aihub_raw/surface/Surface_1/Surface_080/MP_SEL_SUR_007786.jpg,on,0.7886,0.096,0.926,0.1417
aihub_raw/surface/Surface_1/Surface_080/MP_SEL_SUR_007787.jpg,none,0.0,,,0.0
aihub_raw/surface/Surface_1/Surface_080/MP_SEL_SUR_007788.jpg,none,0.0,,,0.9711
aihub_raw/surface/Surface_1/Surface_080/MP_SEL_SUR_007789.jpg,none,0.0,,,0.0551
aihub_raw/surface/Surface_1/Surface_080/MP_SEL_SUR_007790.jpg,none,0.0,,,0.9248
aihub_raw/surface/Surface_1/Surface_080/MP_SEL_SUR_007791.jpg,none,0.0,,,0.0
aihub_raw/surface/Surface_1/Surface_080/MP_SEL_SUR_007792.jpg,none,0.0,,,0.9384
aihub_raw/surface/Surface_1/Surface_080/MP_SEL_SUR_007793.jpg,none_far,0.0684,0.0,0.17,0.7894
aihub_raw/surface/Surface_1/Surface_080/MP_SEL_SUR_007795.jpg,none,0.0,,,0.6572
aihub_raw/surface/Surface_1/Surface_080/MP_SEL_SUR_007796.jpg,none,0.0,,,0.9985
aihub_raw/surface/Surface_1/Surface_080/MP_SEL_SUR_007797.jpg,none,0.0,,,0.0592
aihub_raw/surface/Surface_1/Surface_080/MP_SEL_SUR_007798.jpg,none,0.0,,,0.8525
aihub_raw/surface/Surface_1/Surface_080/MP_SEL_SUR_007799.jpg,none,0.0,,,0.7898
aihub_raw/surface/Surface_1/Surface_080/MP_SEL_SUR_007801.jpg,none,0.0,,,0.6939
aihub_raw/surface/Surface_1/Surface_080/MP_SEL_SUR_007802.jpg,none,0.0,,,0.799
aihub_raw/surface/Surface_1/Surface_080/MP_SEL_SUR_007803.jpg,none,0.0,,,0.7882
aihub_raw/surface/Surface_1/Surface_080/MP_SEL_SUR_007804.jpg,none,0.0,,,0.0
aihub_raw/surface/Surface_1/Surface_080/MP_SEL_SUR_007805.jpg,on,0.5156,0.389,1.0,0.3821
aihub_raw/surface/Surface_1/Surface_080/MP_SEL_SUR_007806.jpg,none,0.0,,,0.7935
aihub_raw/surface/Surface_1/Surface_080/MP_SEL_SUR_007807.jpg,none,0.0,,,0.0612
aihub_raw/surface/Surface_1/Surface_080/MP_SEL_SUR_007808.jpg,none,0.0,,,0.1094
aihub_raw/surface/Surface_1/Surface_080/MP_SEL_SUR_007809.jpg,none_far,0.0024,0.0,0.085,0.8587
aihub_raw/surface/Surface_1/Surface_080/MP_SEL_SUR_007810.jpg,none,0.0,,,0.8199
aihub_raw/surface/Surface_1/Surface_080/MP_SEL_SUR_007811.jpg,none,0.0,,,0.0
aihub_raw/surface/Surface_1/Surface_080/MP_SEL_SUR_007812.jpg,none,0.0,,,0.779
aihub_raw/surface/Surface_1/Surface_080/MP_SEL_SUR_007813.jpg,none,0.0,,,0.0236
aihub_raw/surface/Surface_1/Surface_080/MP_SEL_SUR_007814.jpg,none,0.0,,,0.0
aihub_raw/surface/Surface_1/Surface_080/MP_SEL_SUR_007815.jpg,none,0.0,,,0.8509
aihub_raw/surface/Surface_1/Surface_080/MP_SEL_SUR_007816.jpg,on,0.1473,0.004,1.0,0.7811
aihub_raw/surface/Surface_1/Surface_080/MP_SEL_SUR_007817.jpg,none,0.0,,,0.7892
aihub_raw/surface/Surface_1/Surface_080/MP_SEL_SUR_007818.jpg,none,0.0,,,0.4869
aihub_raw/surface/Surface_1/Surface_080/MP_SEL_SUR_007819.jpg,none,0.0,,,0.9135
aihub_raw/surface/Surface_1/Surface_080/MP_SEL_SUR_007820.jpg,none,0.0,,,0.9839
aihub_raw/surface/Surface_1/Surface_080/MP_SEL_SUR_007821.jpg,none_far,0.0016,0.037,0.074,0.639
aihub_raw/surface/Surface_1/Surface_081/MP_SEL_SUR_006253.jpg,none,0.0,,,0.9462
aihub_raw/surface/Surface_1/Surface_081/MP_SEL_SUR_006254.jpg,none,0.0,,,0.0
aihub_raw/surface/Surface_1/Surface_081/MP_SEL_SUR_006255.jpg,none,0.0,,,0.0
aihub_raw/surface/Surface_1/Surface_081/MP_SEL_SUR_006256.jpg,none,0.0,,,0.0
aihub_raw/surface/Surface_1/Surface_081/MP_SEL_SUR_006257.jpg,none,0.0,,,0.3112
aihub_raw/surface/Surface_1/Surface_081/MP_SEL_SUR_006258.jpg,none,0.0,,,0.9151
aihub_raw/surface/Surface_1/Surface_081/MP_SEL_SUR_006259.jpg,none,0.0,,,0.9957
aihub_raw/surface/Surface_1/Surface_081/MP_SEL_SUR_006260.jpg,none,0.0,,,0.759
aihub_raw/surface/Surface_1/Surface_081/MP_SEL_SUR_006261.jpg,none,0.0,,,0.89
aihub_raw/surface/Surface_1/Surface_081/MP_SEL_SUR_006262.jpg,none,0.0,,,0.9408
aihub_raw/surface/Surface_1/Surface_081/MP_SEL_SUR_006263.jpg,none,0.0,,,0.9849
aihub_raw/surface/Surface_1/Surface_081/MP_SEL_SUR_006264.jpg,none,0.0,,,0.8058
aihub_raw/surface/Surface_1/Surface_081/MP_SEL_SUR_006265.jpg,none,0.0,,,0.9073
aihub_raw/surface/Surface_1/Surface_081/MP_SEL_SUR_006266.jpg,none,0.0,,,1.0
aihub_raw/surface/Surface_1/Surface_081/MP_SEL_SUR_006267.jpg,none,0.0,,,0.7994
aihub_raw/surface/Surface_1/Surface_081/MP_SEL_SUR_006268.jpg,none,0.0,,,0.4683
aihub_raw/surface/Surface_1/Surface_081/MP_SEL_SUR_006269.jpg,none,0.0,,,0.0
aihub_raw/surface/Surface_1/Surface_081/MP_SEL_SUR_006270.jpg,none,0.0,,,0.0
aihub_raw/surface/Surface_1/Surface_081/MP_SEL_SUR_006271.jpg,none,0.0,,,0.0048
aihub_raw/surface/Surface_1/Surface_081/MP_SEL_SUR_006272.jpg,none,0.0,,,0.0
aihub_raw/surface/Surface_1/Surface_081/MP_SEL_SUR_006273.jpg,none,0.0,,,0.8582
aihub_raw/surface/Surface_1/Surface_081/MP_SEL_SUR_006274.jpg,none,0.0,,,0.8635
aihub_raw/surface/Surface_1/Surface_081/MP_SEL_SUR_006275.jpg,none,0.0,,,0.9457
aihub_raw/surface/Surface_1/Surface_081/MP_SEL_SUR_006276.jpg,none_far,0.0272,0.0,0.03,0.0
aihub_raw/surface/Surface_1/Surface_081/MP_SEL_SUR_006277.jpg,none,0.0,,,0.0
aihub_raw/surface/Surface_1/Surface_081/MP_SEL_SUR_006278.jpg,none,0.0,,,0.9297
aihub_raw/surface/Surface_1/Surface_081/MP_SEL_SUR_006279.jpg,none,0.0,,,0.8682
aihub_raw/surface/Surface_1/Surface_081/MP_SEL_SUR_006280.jpg,none,0.0,,,0.9063
aihub_raw/surface/Surface_1/Surface_081/MP_SEL_SUR_006281.jpg,none,0.0,,,0.0
aihub_raw/surface/Surface_1/Surface_081/MP_SEL_SUR_006282.jpg,none,0.0,,,0.0
aihub_raw/surface/Surface_1/Surface_081/MP_SEL_SUR_006283.jpg,none,0.0,,,0.0513
aihub_raw/surface/Surface_1/Surface_081/MP_SEL_SUR_006284.jpg,none,0.0,,,0.0574
aihub_raw/surface/Surface_1/Surface_081/MP_SEL_SUR_006285.jpg,none,0.0,,,0.9419
aihub_raw/surface/Surface_1/Surface_081/MP_SEL_SUR_006286.jpg,none,0.0,,,0.0
aihub_raw/surface/Surface_1/Surface_081/MP_SEL_SUR_006287.jpg,none,0.0,,,0.0
aihub_raw/surface/Surface_1/Surface_081/MP_SEL_SUR_006288.jpg,none,0.0,,,0.9524
aihub_raw/surface/Surface_1/Surface_081/MP_SEL_SUR_006289.jpg,approach,0.7451,0.004,0.752,0.2444
aihub_raw/surface/Surface_1/Surface_081/MP_SEL_SUR_006290.jpg,none,0.0,,,0.9249
aihub_raw/surface/Surface_1/Surface_081/MP_SEL_SUR_006291.jpg,none,0.0,,,0.2776
aihub_raw/surface/Surface_1/Surface_081/MP_SEL_SUR_006292.jpg,none,0.0,,,1.0
aihub_raw/surface/Surface_1/Surface_081/MP_SEL_SUR_006293.jpg,none,0.0,,,1.0
aihub_raw/surface/Surface_1/Surface_081/MP_SEL_SUR_006294.jpg,none,0.0,,,0.0
aihub_raw/surface/Surface_1/Surface_081/MP_SEL_SUR_006295.jpg,none,0.0,,,0.0
aihub_raw/surface/Surface_1/Surface_081/MP_SEL_SUR_006296.jpg,none,0.0,,,1.0
aihub_raw/surface/Surface_1/Surface_081/MP_SEL_SUR_006297.jpg,none,0.0,,,0.0
aihub_raw/surface/Surface_1/Surface_081/MP_SEL_SUR_006298.jpg,none,0.0,,,0.0494
aihub_raw/surface/Surface_1/Surface_081/MP_SEL_SUR_006299.jpg,none,0.0,,,0.0
aihub_raw/surface/Surface_1/Surface_081/MP_SEL_SUR_006300.jpg,none,0.0,,,0.004
aihub_raw/surface/Surface_1/Surface_081/MP_SEL_SUR_006301.jpg,none,0.0,,,0.0
aihub_raw/surface/Surface_1/Surface_081/MP_SEL_SUR_006302.jpg,none,0.0,,,0.0
aihub_raw/surface/Surface_1/Surface_082/MP_SEL_SUR_006303.jpg,none,0.0,,,0.7243
aihub_raw/surface/Surface_1/Surface_082/MP_SEL_SUR_006304.jpg,none,0.0,,,0.6676
aihub_raw/surface/Surface_1/Surface_082/MP_SEL_SUR_006305.jpg,none,0.0,,,0.9252
aihub_raw/surface/Surface_1/Surface_082/MP_SEL_SUR_006306.jpg,none,0.0,,,0.9989
aihub_raw/surface/Surface_1/Surface_082/MP_SEL_SUR_006307.jpg,none,0.0,,,0.0
aihub_raw/surface/Surface_1/Surface_082/MP_SEL_SUR_006308.jpg,none,0.0,,,0.8164
aihub_raw/surface/Surface_1/Surface_082/MP_SEL_SUR_006309.jpg,none,0.0,,,0.9355
aihub_raw/surface/Surface_1/Surface_082/MP_SEL_SUR_006310.jpg,none,0.0,,,0.0
aihub_raw/surface/Surface_1/Surface_082/MP_SEL_SUR_006311.jpg,none,0.0,,,1.0
aihub_raw/surface/Surface_1/Surface_082/MP_SEL_SUR_006312.jpg,none,0.0,,,0.971
aihub_raw/surface/Surface_1/Surface_082/MP_SEL_SUR_006313.jpg,none,0.0,,,0.0
aihub_raw/surface/Surface_1/Surface_082/MP_SEL_SUR_006314.jpg,none,0.0,,,0.9471
aihub_raw/surface/Surface_1/Surface_082/MP_SEL_SUR_006315.jpg,none,0.0,,,0.9164
aihub_raw/surface/Surface_1/Surface_082/MP_SEL_SUR_006316.jpg,none,0.0,,,0.9875
aihub_raw/surface/Surface_1/Surface_082/MP_SEL_SUR_006317.jpg,none,0.0,,,0.9058
aihub_raw/surface/Surface_1/Surface_082/MP_SEL_SUR_006318.jpg,none,0.0,,,0.0
aihub_raw/surface/Surface_1/Surface_082/MP_SEL_SUR_006319.jpg,none,0.0,,,0.0132
aihub_raw/surface/Surface_1/Surface_082/MP_SEL_SUR_006320.jpg,none,0.0,,,0.0
aihub_raw/surface/Surface_1/Surface_082/MP_SEL_SUR_006321.jpg,none_far,0.0003,0.0,0.019,0.9161
aihub_raw/surface/Surface_1/Surface_082/MP_SEL_SUR_006322.jpg,none,0.0,,,0.0
aihub_raw/surface/Surface_1/Surface_082/MP_SEL_SUR_006323.jpg,none,0.0,,,0.0
aihub_raw/surface/Surface_1/Surface_082/MP_SEL_SUR_006324.jpg,approach,0.2061,0.0,0.744,0.0
aihub_raw/surface/Surface_1/Surface_082/MP_SEL_SUR_006325.jpg,none,0.0,,,0.8379
aihub_raw/surface/Surface_1/Surface_082/MP_SEL_SUR_006326.jpg,none,0.0,,,0.2773
aihub_raw/surface/Surface_1/Surface_082/MP_SEL_SUR_006327.jpg,none,0.0,,,1.0
aihub_raw/surface/Surface_1/Surface_082/MP_SEL_SUR_006328.jpg,none,0.0,,,0.0
aihub_raw/surface/Surface_1/Surface_082/MP_SEL_SUR_006329.jpg,none,0.0,,,0.0
aihub_raw/surface/Surface_1/Surface_082/MP_SEL_SUR_006330.jpg,none,0.0,,,0.0113
aihub_raw/surface/Surface_1/Surface_082/MP_SEL_SUR_006331.jpg,none,0.0,,,0.9207
aihub_raw/surface/Surface_1/Surface_082/MP_SEL_SUR_006332.jpg,none,0.0,,,0.9363
aihub_raw/surface/Surface_1/Surface_082/MP_SEL_SUR_006333.jpg,none,0.0,,,0.759
aihub_raw/surface/Surface_1/Surface_082/MP_SEL_SUR_006334.jpg,none,0.0,,,0.9067
aihub_raw/surface/Surface_1/Surface_082/MP_SEL_SUR_006335.jpg,none,0.0,,,0.001
aihub_raw/surface/Surface_1/Surface_082/MP_SEL_SUR_006336.jpg,none,0.0,,,0.0
aihub_raw/surface/Surface_1/Surface_082/MP_SEL_SUR_006337.jpg,none,0.0,,,0.1407
aihub_raw/surface/Surface_1/Surface_082/MP_SEL_SUR_006338.jpg,on,0.9953,0.0,1.0,0.0
aihub_raw/surface/Surface_1/Surface_082/MP_SEL_SUR_006339.jpg,none,0.0,,,0.7852
aihub_raw/surface/Surface_1/Surface_082/MP_SEL_SUR_006340.jpg,none,0.0,,,0.2292
aihub_raw/surface/Surface_1/Surface_082/MP_SEL_SUR_006341.jpg,none,0.0,,,0.0
aihub_raw/surface/Surface_1/Surface_082/MP_SEL_SUR_006342.jpg,none,0.0,,,0.0
aihub_raw/surface/Surface_1/Surface_082/MP_SEL_SUR_006343.jpg,none,0.0,,,0.707
aihub_raw/surface/Surface_1/Surface_082/MP_SEL_SUR_006344.jpg,none,0.0,,,0.9741
aihub_raw/surface/Surface_1/Surface_082/MP_SEL_SUR_006345.jpg,none,0.0,,,0.9671
aihub_raw/surface/Surface_1/Surface_082/MP_SEL_SUR_006346.jpg,none,0.0,,,0.9306
aihub_raw/surface/Surface_1/Surface_082/MP_SEL_SUR_006347.jpg,none,0.0,,,0.9951
aihub_raw/surface/Surface_1/Surface_082/MP_SEL_SUR_006348.jpg,none,0.0,,,0.2629
aihub_raw/surface/Surface_1/Surface_082/MP_SEL_SUR_006349.jpg,on,0.6391,0.359,1.0,0.3549
aihub_raw/surface/Surface_1/Surface_082/MP_SEL_SUR_006350.jpg,none,0.0,,,1.0
aihub_raw/surface/Surface_1/Surface_082/MP_SEL_SUR_006351.jpg,none,0.0,,,0.8416
aihub_raw/surface/Surface_1/Surface_082/MP_SEL_SUR_006352.jpg,none,0.0,,,0.9407
aihub_raw/surface/Surface_1/Surface_083/MP_SEL_SUR_006353.jpg,none,0.0,,,0.8473
aihub_raw/surface/Surface_1/Surface_083/MP_SEL_SUR_006354.jpg,none,0.0,,,0.9425
aihub_raw/surface/Surface_1/Surface_083/MP_SEL_SUR_006355.jpg,none,0.0,,,0.0125
aihub_raw/surface/Surface_1/Surface_083/MP_SEL_SUR_006356.jpg,none,0.0,,,0.682
aihub_raw/surface/Surface_1/Surface_083/MP_SEL_SUR_006357.jpg,none,0.0,,,0.9382
aihub_raw/surface/Surface_1/Surface_083/MP_SEL_SUR_006358.jpg,none,0.0,,,0.7134
aihub_raw/surface/Surface_1/Surface_083/MP_SEL_SUR_006359.jpg,none,0.0,,,0.9463
aihub_raw/surface/Surface_1/Surface_083/MP_SEL_SUR_006360.jpg,none,0.0,,,0.934
aihub_raw/surface/Surface_1/Surface_083/MP_SEL_SUR_006361.jpg,none,0.0,,,0.9352
aihub_raw/surface/Surface_1/Surface_083/MP_SEL_SUR_006362.jpg,none,0.0,,,0.9219
aihub_raw/surface/Surface_1/Surface_083/MP_SEL_SUR_006363.jpg,none,0.0,,,0.9925
aihub_raw/surface/Surface_1/Surface_083/MP_SEL_SUR_006364.jpg,none,0.0,,,0.9682
aihub_raw/surface/Surface_1/Surface_083/MP_SEL_SUR_006365.jpg,none,0.0,,,0.9613
aihub_raw/surface/Surface_1/Surface_083/MP_SEL_SUR_006366.jpg,none,0.0,,,0.7837
aihub_raw/surface/Surface_1/Surface_083/MP_SEL_SUR_006367.jpg,none,0.0,,,0.8588
aihub_raw/surface/Surface_1/Surface_083/MP_SEL_SUR_006369.jpg,on,0.8027,0.126,1.0,0.0916
aihub_raw/surface/Surface_1/Surface_083/MP_SEL_SUR_006370.jpg,none,0.0,,,0.9631
aihub_raw/surface/Surface_1/Surface_083/MP_SEL_SUR_006371.jpg,none,0.0,,,0.9781
aihub_raw/surface/Surface_1/Surface_083/MP_SEL_SUR_006372.jpg,none,0.0,,,0.8494
aihub_raw/surface/Surface_1/Surface_083/MP_SEL_SUR_006373.jpg,none,0.0,,,0.0
aihub_raw/surface/Surface_1/Surface_083/MP_SEL_SUR_006374.jpg,none,0.0,,,0.7134
aihub_raw/surface/Surface_1/Surface_083/MP_SEL_SUR_006375.jpg,approach,0.6105,0.0,0.641,0.3578
aihub_raw/surface/Surface_1/Surface_083/MP_SEL_SUR_006376.jpg,none,0.0,,,0.9142
aihub_raw/surface/Surface_1/Surface_083/MP_SEL_SUR_006377.jpg,none_far,0.1701,0.0,0.237,0.7137
aihub_raw/surface/Surface_1/Surface_083/MP_SEL_SUR_006378.jpg,none,0.0,,,0.8396
aihub_raw/surface/Surface_1/Surface_083/MP_SEL_SUR_006379.jpg,none,0.0,,,0.0
aihub_raw/surface/Surface_1/Surface_083/MP_SEL_SUR_006380.jpg,none,0.0,,,0.9369
aihub_raw/surface/Surface_1/Surface_083/MP_SEL_SUR_006381.jpg,none,0.0,,,0.8903
aihub_raw/surface/Surface_1/Surface_083/MP_SEL_SUR_006382.jpg,none,0.0,,,0.0
aihub_raw/surface/Surface_1/Surface_083/MP_SEL_SUR_006383.jpg,none,0.0,,,0.7453
aihub_raw/surface/Surface_1/Surface_083/MP_SEL_SUR_006384.jpg,none,0.0,,,0.8802
aihub_raw/surface/Surface_1/Surface_083/MP_SEL_SUR_006385.jpg,none,0.0,,,1.0
aihub_raw/surface/Surface_1/Surface_083/MP_SEL_SUR_006386.jpg,none,0.0,,,0.9993
aihub_raw/surface/Surface_1/Surface_083/MP_SEL_SUR_006387.jpg,none,0.0,,,0.8823
aihub_raw/surface/Surface_1/Surface_083/MP_SEL_SUR_006388.jpg,none,0.0,,,0.0
aihub_raw/surface/Surface_1/Surface_083/MP_SEL_SUR_006389.jpg,none,0.0,,,0.0
aihub_raw/surface/Surface_1/Surface_083/MP_SEL_SUR_006390.jpg,none,0.0,,,0.6733
aihub_raw/surface/Surface_1/Surface_083/MP_SEL_SUR_006391.jpg,none,0.0,,,0.9023
aihub_raw/surface/Surface_1/Surface_083/MP_SEL_SUR_006392.jpg,none,0.0,,,0.9863
aihub_raw/surface/Surface_1/Surface_083/MP_SEL_SUR_006393.jpg,none,0.0,,,0.0
aihub_raw/surface/Surface_1/Surface_083/MP_SEL_SUR_006394.jpg,none,0.0,,,0.0
aihub_raw/surface/Surface_1/Surface_083/MP_SEL_SUR_006395.jpg,none,0.0,,,1.0
aihub_raw/surface/Surface_1/Surface_083/MP_SEL_SUR_006396.jpg,none,0.0,,,0.8953
aihub_raw/surface/Surface_1/Surface_083/MP_SEL_SUR_006397.jpg,none,0.0,,,0.8087
aihub_raw/surface/Surface_1/Surface_083/MP_SEL_SUR_006398.jpg,none,0.0,,,0.7412
aihub_raw/surface/Surface_1/Surface_083/MP_SEL_SUR_006399.jpg,none,0.0,,,0.9966
aihub_raw/surface/Surface_1/Surface_083/MP_SEL_SUR_006400.jpg,none,0.0,,,0.9097
aihub_raw/surface/Surface_1/Surface_083/MP_SEL_SUR_006401.jpg,none,0.0,,,0.9308
aihub_raw/surface/Surface_1/Surface_084/MP_SEL_SUR_006403.jpg,none,0.0,,,0.0
aihub_raw/surface/Surface_1/Surface_084/MP_SEL_SUR_006404.jpg,none,0.0,,,0.8452
aihub_raw/surface/Surface_1/Surface_084/MP_SEL_SUR_006405.jpg,none,0.0,,,0.9876
aihub_raw/surface/Surface_1/Surface_084/MP_SEL_SUR_006406.jpg,none,0.0,,,0.0405
aihub_raw/surface/Surface_1/Surface_084/MP_SEL_SUR_006407.jpg,none,0.0,,,0.0114
aihub_raw/surface/Surface_1/Surface_084/MP_SEL_SUR_006408.jpg,none,0.0,,,0.8686
aihub_raw/surface/Surface_1/Surface_084/MP_SEL_SUR_006409.jpg,none,0.0,,,0.9654
aihub_raw/surface/Surface_1/Surface_084/MP_SEL_SUR_006410.jpg,none,0.0,,,0.8833
aihub_raw/surface/Surface_1/Surface_084/MP_SEL_SUR_006411.jpg,none,0.0,,,0.9202
aihub_raw/surface/Surface_1/Surface_084/MP_SEL_SUR_006412.jpg,none,0.0,,,0.0
aihub_raw/surface/Surface_1/Surface_084/MP_SEL_SUR_006413.jpg,none,0.0,,,0.9195
aihub_raw/surface/Surface_1/Surface_084/MP_SEL_SUR_006414.jpg,none,0.0,,,0.9771
aihub_raw/surface/Surface_1/Surface_084/MP_SEL_SUR_006415.jpg,none,0.0,,,0.8469
aihub_raw/surface/Surface_1/Surface_084/MP_SEL_SUR_006416.jpg,none,0.0,,,0.0
aihub_raw/surface/Surface_1/Surface_084/MP_SEL_SUR_006417.jpg,none,0.0,,,0.0
aihub_raw/surface/Surface_1/Surface_084/MP_SEL_SUR_006418.jpg,none,0.0,,,0.9261
aihub_raw/surface/Surface_1/Surface_084/MP_SEL_SUR_006419.jpg,none_far,0.0387,0.0,0.141,0.7329
aihub_raw/surface/Surface_1/Surface_084/MP_SEL_SUR_006420.jpg,none,0.0,,,0.02
aihub_raw/surface/Surface_1/Surface_084/MP_SEL_SUR_006421.jpg,approach,0.5811,0.089,0.919,0.1867
aihub_raw/surface/Surface_1/Surface_084/MP_SEL_SUR_006422.jpg,none,0.0,,,0.8657
aihub_raw/surface/Surface_1/Surface_084/MP_SEL_SUR_006423.jpg,none,0.0,,,0.664
aihub_raw/surface/Surface_1/Surface_084/MP_SEL_SUR_006424.jpg,none,0.0,,,0.8271
aihub_raw/surface/Surface_1/Surface_084/MP_SEL_SUR_006425.jpg,none,0.0,,,1.0
aihub_raw/surface/Surface_1/Surface_084/MP_SEL_SUR_006426.jpg,none,0.0,,,0.3571
aihub_raw/surface/Surface_1/Surface_084/MP_SEL_SUR_006427.jpg,none,0.0,,,0.8886
aihub_raw/surface/Surface_1/Surface_084/MP_SEL_SUR_006428.jpg,none,0.0,,,1.0
aihub_raw/surface/Surface_1/Surface_084/MP_SEL_SUR_006429.jpg,none,0.0,,,0.9885
aihub_raw/surface/Surface_1/Surface_084/MP_SEL_SUR_006430.jpg,none,0.0,,,0.0
aihub_raw/surface/Surface_1/Surface_084/MP_SEL_SUR_006431.jpg,none,0.0,,,0.9954
aihub_raw/surface/Surface_1/Surface_084/MP_SEL_SUR_006432.jpg,none,0.0,,,0.0
aihub_raw/surface/Surface_1/Surface_084/MP_SEL_SUR_006433.jpg,none,0.0,,,0.0
aihub_raw/surface/Surface_1/Surface_084/MP_SEL_SUR_006434.jpg,none,0.0,,,0.0
aihub_raw/surface/Surface_1/Surface_084/MP_SEL_SUR_006435.jpg,none,0.0,,,0.0
aihub_raw/surface/Surface_1/Surface_084/MP_SEL_SUR_006436.jpg,none,0.0,,,0.0
aihub_raw/surface/Surface_1/Surface_084/MP_SEL_SUR_006437.jpg,none,0.0,,,0.858
aihub_raw/surface/Surface_1/Surface_084/MP_SEL_SUR_006438.jpg,none,0.0,,,1.0
aihub_raw/surface/Surface_1/Surface_084/MP_SEL_SUR_006439.jpg,none,0.0,,,0.889
aihub_raw/surface/Surface_1/Surface_084/MP_SEL_SUR_006440.jpg,none,0.0,,,0.9875
aihub_raw/surface/Surface_1/Surface_084/MP_SEL_SUR_006441.jpg,none,0.0,,,0.9547
aihub_raw/surface/Surface_1/Surface_084/MP_SEL_SUR_006442.jpg,none,0.0,,,0.0
aihub_raw/surface/Surface_1/Surface_084/MP_SEL_SUR_006443.jpg,none,0.0,,,0.9987
aihub_raw/surface/Surface_1/Surface_084/MP_SEL_SUR_006444.jpg,none,0.0,,,0.7895
aihub_raw/surface/Surface_1/Surface_084/MP_SEL_SUR_006445.jpg,none,0.0,,,0.0
aihub_raw/surface/Surface_1/Surface_084/MP_SEL_SUR_006446.jpg,none,0.0,,,0.0
aihub_raw/surface/Surface_1/Surface_084/MP_SEL_SUR_006447.jpg,none,0.0,,,0.0037
aihub_raw/surface/Surface_1/Surface_084/MP_SEL_SUR_006448.jpg,none,0.0,,,0.9831
aihub_raw/surface/Surface_1/Surface_084/MP_SEL_SUR_006449.jpg,none,0.0,,,0.9984
aihub_raw/surface/Surface_1/Surface_084/MP_SEL_SUR_006450.jpg,none,0.0,,,0.9872
aihub_raw/surface/Surface_1/Surface_084/MP_SEL_SUR_006451.jpg,none,0.0,,,0.967
aihub_raw/surface/Surface_1/Surface_084/MP_SEL_SUR_006452.jpg,none,0.0,,,0.7278
aihub_raw/surface/Surface_1/Surface_085/MP_SEL_SUR_006453.jpg,none,0.0,,,0.6491
aihub_raw/surface/Surface_1/Surface_085/MP_SEL_SUR_006454.jpg,none,0.0,,,0.6782
aihub_raw/surface/Surface_1/Surface_085/MP_SEL_SUR_006455.jpg,none,0.0,,,0.9774
aihub_raw/surface/Surface_1/Surface_085/MP_SEL_SUR_006456.jpg,none,0.0,,,0.931
aihub_raw/surface/Surface_1/Surface_085/MP_SEL_SUR_006457.jpg,none,0.0,,,0.9528
aihub_raw/surface/Surface_1/Surface_085/MP_SEL_SUR_006458.jpg,none,0.0,,,0.0
aihub_raw/surface/Surface_1/Surface_085/MP_SEL_SUR_006459.jpg,none,0.0,,,0.9349
aihub_raw/surface/Surface_1/Surface_085/MP_SEL_SUR_006460.jpg,none,0.0,,,0.0
aihub_raw/surface/Surface_1/Surface_085/MP_SEL_SUR_006461.jpg,none,0.0,,,0.8937
aihub_raw/surface/Surface_1/Surface_085/MP_SEL_SUR_006462.jpg,none,0.0,,,0.911
aihub_raw/surface/Surface_1/Surface_085/MP_SEL_SUR_006463.jpg,none_far,0.0861,0.0,0.304,0.7158
aihub_raw/surface/Surface_1/Surface_085/MP_SEL_SUR_006464.jpg,none,0.0,,,0.3488
aihub_raw/surface/Surface_1/Surface_085/MP_SEL_SUR_006465.jpg,none,0.0,,,0.0
aihub_raw/surface/Surface_1/Surface_085/MP_SEL_SUR_006466.jpg,none,0.0,,,0.7878
aihub_raw/surface/Surface_1/Surface_085/MP_SEL_SUR_006467.jpg,none,0.0,,,0.0
aihub_raw/surface/Surface_1/Surface_085/MP_SEL_SUR_006468.jpg,none,0.0,,,0.1944
aihub_raw/surface/Surface_1/Surface_085/MP_SEL_SUR_006469.jpg,none,0.0,,,0.5492
aihub_raw/surface/Surface_1/Surface_085/MP_SEL_SUR_006470.jpg,none_far,0.0457,0.07,0.259,0.7907
aihub_raw/surface/Surface_1/Surface_085/MP_SEL_SUR_006471.jpg,none,0.0,,,0.0
aihub_raw/surface/Surface_1/Surface_085/MP_SEL_SUR_006472.jpg,none,0.0,,,0.9156
aihub_raw/surface/Surface_1/Surface_085/MP_SEL_SUR_006473.jpg,none,0.0,,,0.7797
aihub_raw/surface/Surface_1/Surface_085/MP_SEL_SUR_006474.jpg,none,0.0,,,0.9118
aihub_raw/surface/Surface_1/Surface_085/MP_SEL_SUR_006475.jpg,none,0.0,,,0.6935
aihub_raw/surface/Surface_1/Surface_085/MP_SEL_SUR_006476.jpg,none,0.0,,,0.773
aihub_raw/surface/Surface_1/Surface_085/MP_SEL_SUR_006477.jpg,none,0.0,,,0.8989
aihub_raw/surface/Surface_1/Surface_085/MP_SEL_SUR_006478.jpg,crossed,0.5871,0.407,1.0,0.3985
aihub_raw/surface/Surface_1/Surface_085/MP_SEL_SUR_006479.jpg,none,0.0,,,0.0
aihub_raw/surface/Surface_1/Surface_085/MP_SEL_SUR_006480.jpg,none_far,0.0028,0.0,0.056,0.3235
aihub_raw/surface/Surface_1/Surface_085/MP_SEL_SUR_006481.jpg,none,0.0,,,0.0
aihub_raw/surface/Surface_1/Surface_085/MP_SEL_SUR_006482.jpg,none_far,0.0915,0.0,0.185,0.1255
aihub_raw/surface/Surface_1/Surface_085/MP_SEL_SUR_006483.jpg,none,0.0,,,0.0
aihub_raw/surface/Surface_1/Surface_085/MP_SEL_SUR_006484.jpg,none,0.0,,,0.8794
aihub_raw/surface/Surface_1/Surface_085/MP_SEL_SUR_006485.jpg,none,0.0,,,0.8904
aihub_raw/surface/Surface_1/Surface_085/MP_SEL_SUR_006486.jpg,none,0.0,,,0.0282
aihub_raw/surface/Surface_1/Surface_085/MP_SEL_SUR_006487.jpg,none,0.0,,,0.8094
aihub_raw/surface/Surface_1/Surface_085/MP_SEL_SUR_006488.jpg,none,0.0,,,0.9743
aihub_raw/surface/Surface_1/Surface_085/MP_SEL_SUR_006489.jpg,none,0.0,,,0.0236
aihub_raw/surface/Surface_1/Surface_085/MP_SEL_SUR_006490.jpg,none_far,0.4598,0.0,0.478,0.1389
aihub_raw/surface/Surface_1/Surface_085/MP_SEL_SUR_006491.jpg,none,0.0,,,0.0489
aihub_raw/surface/Surface_1/Surface_085/MP_SEL_SUR_006492.jpg,none,0.0,,,0.0
aihub_raw/surface/Surface_1/Surface_085/MP_SEL_SUR_006493.jpg,none,0.0,,,0.2783
aihub_raw/surface/Surface_1/Surface_085/MP_SEL_SUR_006494.jpg,none,0.0,,,0.0219
aihub_raw/surface/Surface_1/Surface_085/MP_SEL_SUR_006495.jpg,none,0.0,,,0.4979
aihub_raw/surface/Surface_1/Surface_085/MP_SEL_SUR_006496.jpg,none,0.0,,,0.0
aihub_raw/surface/Surface_1/Surface_085/MP_SEL_SUR_006497.jpg,none,0.0,,,0.1557
aihub_raw/surface/Surface_1/Surface_085/MP_SEL_SUR_006498.jpg,none_far,0.3148,0.0,0.315,0.115
aihub_raw/surface/Surface_1/Surface_085/MP_SEL_SUR_006499.jpg,none,0.0,,,0.7829
aihub_raw/surface/Surface_1/Surface_085/MP_SEL_SUR_006500.jpg,none,0.0,,,0.8758
aihub_raw/surface/Surface_1/Surface_085/MP_SEL_SUR_006501.jpg,none,0.0,,,0.1289
aihub_raw/surface/Surface_1/Surface_085/MP_SEL_SUR_006502.jpg,none,0.0,,,0.0
aihub_raw/surface/Surface_1/Surface_086/MP_SEL_SUR_006503.jpg,none,0.0,,,0.7902
aihub_raw/surface/Surface_1/Surface_086/MP_SEL_SUR_006504.jpg,none,0.0,,,0.0004
aihub_raw/surface/Surface_1/Surface_086/MP_SEL_SUR_006505.jpg,none,0.0,,,0.8074
aihub_raw/surface/Surface_1/Surface_086/MP_SEL_SUR_006506.jpg,none,0.0,,,0.9827
aihub_raw/surface/Surface_1/Surface_086/MP_SEL_SUR_006507.jpg,none,0.0,,,0.8377
aihub_raw/surface/Surface_1/Surface_086/MP_SEL_SUR_006508.jpg,none,0.0,,,0.0239
aihub_raw/surface/Surface_1/Surface_086/MP_SEL_SUR_006509.jpg,none,0.0,,,0.1914
aihub_raw/surface/Surface_1/Surface_086/MP_SEL_SUR_006510.jpg,none,0.0,,,0.9024
aihub_raw/surface/Surface_1/Surface_086/MP_SEL_SUR_006511.jpg,none,0.0,,,1.0
aihub_raw/surface/Surface_1/Surface_086/MP_SEL_SUR_006512.jpg,none,0.0,,,0.9064
aihub_raw/surface/Surface_1/Surface_086/MP_SEL_SUR_006513.jpg,none,0.0,,,0.9986
aihub_raw/surface/Surface_1/Surface_086/MP_SEL_SUR_006514.jpg,none,0.0,,,0.9509
aihub_raw/surface/Surface_1/Surface_086/MP_SEL_SUR_006515.jpg,none,0.0,,,0.9844
aihub_raw/surface/Surface_1/Surface_086/MP_SEL_SUR_006516.jpg,none,0.0,,,0.9665
aihub_raw/surface/Surface_1/Surface_086/MP_SEL_SUR_006517.jpg,none,0.0,,,0.7031
aihub_raw/surface/Surface_1/Surface_086/MP_SEL_SUR_006518.jpg,none,0.0,,,0.7781
aihub_raw/surface/Surface_1/Surface_086/MP_SEL_SUR_006519.jpg,none,0.0,,,0.7665
aihub_raw/surface/Surface_1/Surface_086/MP_SEL_SUR_006520.jpg,none,0.0,,,0.0
aihub_raw/surface/Surface_1/Surface_086/MP_SEL_SUR_006521.jpg,none,0.0,,,0.8097
aihub_raw/surface/Surface_1/Surface_086/MP_SEL_SUR_006522.jpg,none,0.0,,,0.9677
aihub_raw/surface/Surface_1/Surface_086/MP_SEL_SUR_006523.jpg,none,0.0,,,0.8158
aihub_raw/surface/Surface_1/Surface_086/MP_SEL_SUR_006524.jpg,none,0.0,,,0.0069
aihub_raw/surface/Surface_1/Surface_086/MP_SEL_SUR_006525.jpg,none_far,0.0294,0.0,0.126,0.8052
aihub_raw/surface/Surface_1/Surface_086/MP_SEL_SUR_006526.jpg,none,0.0,,,0.4531
aihub_raw/surface/Surface_1/Surface_086/MP_SEL_SUR_006527.jpg,none_far,0.0341,0.0,0.107,0.8294
aihub_raw/surface/Surface_1/Surface_086/MP_SEL_SUR_006528.jpg,none,0.0,,,0.92
aihub_raw/surface/Surface_1/Surface_086/MP_SEL_SUR_006529.jpg,none,0.0,,,0.9669
aihub_raw/surface/Surface_1/Surface_086/MP_SEL_SUR_006530.jpg,none,0.0,,,0.9999
aihub_raw/surface/Surface_1/Surface_086/MP_SEL_SUR_006531.jpg,none,0.0,,,0.0
aihub_raw/surface/Surface_1/Surface_086/MP_SEL_SUR_006532.jpg,none,0.0,,,0.0
aihub_raw/surface/Surface_1/Surface_086/MP_SEL_SUR_006533.jpg,none,0.0,,,0.8694
aihub_raw/surface/Surface_1/Surface_086/MP_SEL_SUR_006534.jpg,none,0.0,,,0.0
aihub_raw/surface/Surface_1/Surface_086/MP_SEL_SUR_006535.jpg,none,0.0,,,0.509
aihub_raw/surface/Surface_1/Surface_086/MP_SEL_SUR_006536.jpg,none,0.0,,,0.0001
aihub_raw/surface/Surface_1/Surface_086/MP_SEL_SUR_006537.jpg,none,0.0,,,0.0078
aihub_raw/surface/Surface_1/Surface_086/MP_SEL_SUR_006538.jpg,none,0.0,,,0.9913
aihub_raw/surface/Surface_1/Surface_086/MP_SEL_SUR_006539.jpg,none,0.0,,,0.0
aihub_raw/surface/Surface_1/Surface_086/MP_SEL_SUR_006540.jpg,none_far,0.09,0.089,0.322,0.5063
aihub_raw/surface/Surface_1/Surface_086/MP_SEL_SUR_006542.jpg,none,0.0,,,1.0
aihub_raw/surface/Surface_1/Surface_086/MP_SEL_SUR_006543.jpg,none,0.0,,,0.8951
aihub_raw/surface/Surface_1/Surface_086/MP_SEL_SUR_006544.jpg,none,0.0,,,0.8063
aihub_raw/surface/Surface_1/Surface_086/MP_SEL_SUR_006545.jpg,none,0.0,,,0.967
aihub_raw/surface/Surface_1/Surface_086/MP_SEL_SUR_006546.jpg,none,0.0,,,0.9801
aihub_raw/surface/Surface_1/Surface_086/MP_SEL_SUR_006547.jpg,none,0.0,,,0.9062
aihub_raw/surface/Surface_1/Surface_086/MP_SEL_SUR_006548.jpg,none,0.0,,,0.666
aihub_raw/surface/Surface_1/Surface_086/MP_SEL_SUR_006549.jpg,none,0.0,,,0.6585
aihub_raw/surface/Surface_1/Surface_086/MP_SEL_SUR_006550.jpg,none,0.0,,,0.4568
aihub_raw/surface/Surface_1/Surface_086/MP_SEL_SUR_006551.jpg,none,0.0,,,0.9758
aihub_raw/surface/Surface_1/Surface_086/MP_SEL_SUR_006552.jpg,none,0.0,,,0.8166
aihub_raw/surface/Surface_1/Surface_087/MP_SEL_SUR_006553.jpg,none,0.0,,,0.9743
aihub_raw/surface/Surface_1/Surface_087/MP_SEL_SUR_006554.jpg,none,0.0,,,0.0
aihub_raw/surface/Surface_1/Surface_087/MP_SEL_SUR_006555.jpg,none,0.0,,,0.0001
aihub_raw/surface/Surface_1/Surface_087/MP_SEL_SUR_006556.jpg,none,0.0,,,0.8265
aihub_raw/surface/Surface_1/Surface_087/MP_SEL_SUR_006557.jpg,none,0.0,,,0.9642
aihub_raw/surface/Surface_1/Surface_087/MP_SEL_SUR_006558.jpg,none,0.0,,,1.0
aihub_raw/surface/Surface_1/Surface_087/MP_SEL_SUR_006559.jpg,none,0.0,,,0.0
aihub_raw/surface/Surface_1/Surface_087/MP_SEL_SUR_006560.jpg,none,0.0,,,0.0
aihub_raw/surface/Surface_1/Surface_087/MP_SEL_SUR_006561.jpg,none,0.0,,,0.998
aihub_raw/surface/Surface_1/Surface_087/MP_SEL_SUR_006562.jpg,none,0.0,,,0.9569
aihub_raw/surface/Surface_1/Surface_087/MP_SEL_SUR_006563.jpg,none,0.0,,,0.8736
aihub_raw/surface/Surface_1/Surface_087/MP_SEL_SUR_006564.jpg,none,0.0,,,0.9277
aihub_raw/surface/Surface_1/Surface_087/MP_SEL_SUR_006565.jpg,none,0.0,,,0.9672
aihub_raw/surface/Surface_1/Surface_087/MP_SEL_SUR_006566.jpg,none,0.0,,,1.0
aihub_raw/surface/Surface_1/Surface_087/MP_SEL_SUR_006567.jpg,none,0.0,,,0.0
aihub_raw/surface/Surface_1/Surface_087/MP_SEL_SUR_006568.jpg,none,0.0,,,0.0
aihub_raw/surface/Surface_1/Surface_087/MP_SEL_SUR_006569.jpg,none,0.0,,,0.8763
aihub_raw/surface/Surface_1/Surface_087/MP_SEL_SUR_006570.jpg,none,0.0,,,1.0
aihub_raw/surface/Surface_1/Surface_087/MP_SEL_SUR_006571.jpg,none,0.0,,,0.8984
aihub_raw/surface/Surface_1/Surface_087/MP_SEL_SUR_006572.jpg,none,0.0,,,0.004
aihub_raw/surface/Surface_1/Surface_087/MP_SEL_SUR_006573.jpg,none,0.0,,,0.84
aihub_raw/surface/Surface_1/Surface_087/MP_SEL_SUR_006574.jpg,none,0.0,,,0.9325
aihub_raw/surface/Surface_1/Surface_087/MP_SEL_SUR_006575.jpg,none,0.0,,,1.0
aihub_raw/surface/Surface_1/Surface_087/MP_SEL_SUR_006576.jpg,none,0.0,,,0.9946
aihub_raw/surface/Surface_1/Surface_087/MP_SEL_SUR_006577.jpg,none,0.0,,,0.6677
aihub_raw/surface/Surface_1/Surface_087/MP_SEL_SUR_006578.jpg,on,0.9388,0.0,1.0,0.0
aihub_raw/surface/Surface_1/Surface_087/MP_SEL_SUR_006579.jpg,none,0.0,,,0.2547
aihub_raw/surface/Surface_1/Surface_087/MP_SEL_SUR_006580.jpg,none,0.0,,,0.0
aihub_raw/surface/Surface_1/Surface_087/MP_SEL_SUR_006581.jpg,none,0.0,,,0.0
aihub_raw/surface/Surface_1/Surface_087/MP_SEL_SUR_006582.jpg,none,0.0,,,0.878
aihub_raw/surface/Surface_1/Surface_087/MP_SEL_SUR_006583.jpg,none,0.0,,,0.8177
aihub_raw/surface/Surface_1/Surface_087/MP_SEL_SUR_006584.jpg,none,0.0,,,0.7648
aihub_raw/surface/Surface_1/Surface_087/MP_SEL_SUR_006585.jpg,none,0.0,,,0.9689
aihub_raw/surface/Surface_1/Surface_087/MP_SEL_SUR_006586.jpg,none,0.0,,,0.9866
aihub_raw/surface/Surface_1/Surface_087/MP_SEL_SUR_006587.jpg,none,0.0,,,0.7989
aihub_raw/surface/Surface_1/Surface_087/MP_SEL_SUR_006588.jpg,none,0.0,,,0.0
aihub_raw/surface/Surface_1/Surface_087/MP_SEL_SUR_006589.jpg,none_far,0.0151,0.07,0.167,0.8715
aihub_raw/surface/Surface_1/Surface_087/MP_SEL_SUR_006590.jpg,none,0.0,,,0.8559
aihub_raw/surface/Surface_1/Surface_087/MP_SEL_SUR_006591.jpg,none,0.0,,,0.0
aihub_raw/surface/Surface_1/Surface_087/MP_SEL_SUR_006592.jpg,none,0.0,,,0.9516
aihub_raw/surface/Surface_1/Surface_087/MP_SEL_SUR_006593.jpg,none,0.0,,,1.0
aihub_raw/surface/Surface_1/Surface_087/MP_SEL_SUR_006594.jpg,none,0.0,,,0.0
aihub_raw/surface/Surface_1/Surface_087/MP_SEL_SUR_006595.jpg,none,0.0,,,0.7989
aihub_raw/surface/Surface_1/Surface_087/MP_SEL_SUR_006596.jpg,none,0.0,,,0.9945
aihub_raw/surface/Surface_1/Surface_087/MP_SEL_SUR_006597.jpg,none,0.0,,,0.0
aihub_raw/surface/Surface_1/Surface_087/MP_SEL_SUR_006598.jpg,none,0.0,,,0.0
aihub_raw/surface/Surface_1/Surface_087/MP_SEL_SUR_006600.jpg,none,0.0,,,0.0
aihub_raw/surface/Surface_1/Surface_087/MP_SEL_SUR_006601.jpg,none,0.0,,,0.8158
aihub_raw/surface/Surface_1/Surface_087/MP_SEL_SUR_006602.jpg,none,0.0,,,0.9629
aihub_raw/surface/Surface_1/Surface_088/MP_SEL_SUR_006603.jpg,none,0.0,,,0.9111
aihub_raw/surface/Surface_1/Surface_088/MP_SEL_SUR_006604.jpg,none,0.0,,,0.0
aihub_raw/surface/Surface_1/Surface_088/MP_SEL_SUR_006605.jpg,none,0.0,,,0.0015
aihub_raw/surface/Surface_1/Surface_088/MP_SEL_SUR_006606.jpg,none,0.0,,,0.9115
aihub_raw/surface/Surface_1/Surface_088/MP_SEL_SUR_006607.jpg,none,0.0,,,0.0
aihub_raw/surface/Surface_1/Surface_088/MP_SEL_SUR_006608.jpg,none,0.0,,,0.0
aihub_raw/surface/Surface_1/Surface_088/MP_SEL_SUR_006609.jpg,none,0.0,,,0.0
aihub_raw/surface/Surface_1/Surface_088/MP_SEL_SUR_006610.jpg,none,0.0,,,0.0
aihub_raw/surface/Surface_1/Surface_088/MP_SEL_SUR_006611.jpg,none,0.0,,,0.0059
aihub_raw/surface/Surface_1/Surface_088/MP_SEL_SUR_006612.jpg,none,0.0,,,0.9479
aihub_raw/surface/Surface_1/Surface_088/MP_SEL_SUR_006613.jpg,none,0.0,,,0.8847
aihub_raw/surface/Surface_1/Surface_088/MP_SEL_SUR_006614.jpg,none,0.0,,,0.0015
aihub_raw/surface/Surface_1/Surface_088/MP_SEL_SUR_006615.jpg,none,0.0,,,0.8508
aihub_raw/surface/Surface_1/Surface_088/MP_SEL_SUR_006616.jpg,none,0.0,,,0.0
aihub_raw/surface/Surface_1/Surface_088/MP_SEL_SUR_006617.jpg,none,0.0,,,0.981
aihub_raw/surface/Surface_1/Surface_088/MP_SEL_SUR_006618.jpg,none,0.0,,,0.9908
aihub_raw/surface/Surface_1/Surface_088/MP_SEL_SUR_006619.jpg,none,0.0,,,1.0
aihub_raw/surface/Surface_1/Surface_088/MP_SEL_SUR_006620.jpg,none,0.0,,,0.0
aihub_raw/surface/Surface_1/Surface_088/MP_SEL_SUR_006621.jpg,none,0.0,,,0.9932
aihub_raw/surface/Surface_1/Surface_088/MP_SEL_SUR_006622.jpg,none,0.0,,,0.0146
aihub_raw/surface/Surface_1/Surface_088/MP_SEL_SUR_006623.jpg,on,0.79,0.167,1.0,0.0795
aihub_raw/surface/Surface_1/Surface_088/MP_SEL_SUR_006624.jpg,none,0.0,,,0.3198
aihub_raw/surface/Surface_1/Surface_088/MP_SEL_SUR_006625.jpg,none,0.0,,,0.0
aihub_raw/surface/Surface_1/Surface_088/MP_SEL_SUR_006626.jpg,none,0.0,,,0.9564
aihub_raw/surface/Surface_1/Surface_088/MP_SEL_SUR_006627.jpg,on,0.9973,0.0,1.0,0.0
aihub_raw/surface/Surface_1/Surface_088/MP_SEL_SUR_006628.jpg,none,0.0,,,0.8469
aihub_raw/surface/Surface_1/Surface_088/MP_SEL_SUR_006629.jpg,none,0.0,,,0.0
aihub_raw/surface/Surface_1/Surface_088/MP_SEL_SUR_006630.jpg,none,0.0,,,0.0
aihub_raw/surface/Surface_1/Surface_088/MP_SEL_SUR_006631.jpg,none,0.0,,,0.9395
aihub_raw/surface/Surface_1/Surface_088/MP_SEL_SUR_006632.jpg,none,0.0,,,0.0
aihub_raw/surface/Surface_1/Surface_088/MP_SEL_SUR_006633.jpg,none,0.0,,,0.9749
aihub_raw/surface/Surface_1/Surface_088/MP_SEL_SUR_006634.jpg,none,0.0,,,0.9107
aihub_raw/surface/Surface_1/Surface_088/MP_SEL_SUR_006635.jpg,none,0.0,,,0.0
aihub_raw/surface/Surface_1/Surface_088/MP_SEL_SUR_006636.jpg,none,0.0,,,0.9935
aihub_raw/surface/Surface_1/Surface_088/MP_SEL_SUR_006637.jpg,none,0.0,,,0.0
aihub_raw/surface/Surface_1/Surface_088/MP_SEL_SUR_006638.jpg,none,0.0,,,0.8524
aihub_raw/surface/Surface_1/Surface_088/MP_SEL_SUR_006639.jpg,none,0.0,,,0.8462
aihub_raw/surface/Surface_1/Surface_088/MP_SEL_SUR_006640.jpg,none,0.0,,,0.9434
aihub_raw/surface/Surface_1/Surface_088/MP_SEL_SUR_006641.jpg,none,0.0,,,0.0
aihub_raw/surface/Surface_1/Surface_088/MP_SEL_SUR_006642.jpg,none,0.0,,,0.0
aihub_raw/surface/Surface_1/Surface_088/MP_SEL_SUR_006643.jpg,none,0.0,,,0.0
aihub_raw/surface/Surface_1/Surface_088/MP_SEL_SUR_006645.jpg,none,0.0,,,0.9928
aihub_raw/surface/Surface_1/Surface_088/MP_SEL_SUR_006646.jpg,none,0.0,,,0.9698
aihub_raw/surface/Surface_1/Surface_088/MP_SEL_SUR_006647.jpg,none,0.0,,,0.9498
aihub_raw/surface/Surface_1/Surface_088/MP_SEL_SUR_006648.jpg,none,0.0,,,0.0
aihub_raw/surface/Surface_1/Surface_088/MP_SEL_SUR_006649.jpg,none,0.0,,,0.0184
aihub_raw/surface/Surface_1/Surface_088/MP_SEL_SUR_006650.jpg,none,0.0,,,0.9148
aihub_raw/surface/Surface_1/Surface_088/MP_SEL_SUR_006651.jpg,none,0.0,,,0.0
aihub_raw/surface/Surface_1/Surface_088/MP_SEL_SUR_006652.jpg,none,0.0,,,0.8602
aihub_raw/surface/Surface_1/Surface_089/MP_SEL_SUR_006653.jpg,none,0.0,,,0.8192
aihub_raw/surface/Surface_1/Surface_089/MP_SEL_SUR_006654.jpg,none,0.0,,,0.9632
aihub_raw/surface/Surface_1/Surface_089/MP_SEL_SUR_006655.jpg,none_far,0.0032,0.0,0.037,0.9399
aihub_raw/surface/Surface_1/Surface_089/MP_SEL_SUR_006656.jpg,none,0.0,,,0.899
aihub_raw/surface/Surface_1/Surface_089/MP_SEL_SUR_006657.jpg,none,0.0,,,0.7865
aihub_raw/surface/Surface_1/Surface_089/MP_SEL_SUR_006658.jpg,none,0.0,,,0.9222
aihub_raw/surface/Surface_1/Surface_089/MP_SEL_SUR_006659.jpg,none_far,0.0035,0.0,0.067,0.5433
aihub_raw/surface/Surface_1/Surface_089/MP_SEL_SUR_006660.jpg,none,0.0,,,0.9761
aihub_raw/surface/Surface_1/Surface_089/MP_SEL_SUR_006661.jpg,none,0.0,,,0.8901
aihub_raw/surface/Surface_1/Surface_089/MP_SEL_SUR_006662.jpg,none,0.0,,,0.0
aihub_raw/surface/Surface_1/Surface_089/MP_SEL_SUR_006664.jpg,none,0.0,,,0.9245
aihub_raw/surface/Surface_1/Surface_089/MP_SEL_SUR_006665.jpg,none,0.0,,,0.3148
aihub_raw/surface/Surface_1/Surface_089/MP_SEL_SUR_006666.jpg,none,0.0,,,0.0002
aihub_raw/surface/Surface_1/Surface_089/MP_SEL_SUR_006667.jpg,none,0.0,,,0.0
aihub_raw/surface/Surface_1/Surface_089/MP_SEL_SUR_006668.jpg,none,0.0,,,0.8653
aihub_raw/surface/Surface_1/Surface_089/MP_SEL_SUR_006669.jpg,none,0.0,,,0.0
aihub_raw/surface/Surface_1/Surface_089/MP_SEL_SUR_006670.jpg,none,0.0,,,0.9994
aihub_raw/surface/Surface_1/Surface_089/MP_SEL_SUR_006671.jpg,none_far,0.0073,0.2,0.326,0.9321
aihub_raw/surface/Surface_1/Surface_089/MP_SEL_SUR_006672.jpg,none,0.0,,,0.6708
aihub_raw/surface/Surface_1/Surface_089/MP_SEL_SUR_006673.jpg,none,0.0,,,0.901
aihub_raw/surface/Surface_1/Surface_089/MP_SEL_SUR_006674.jpg,none,0.0,,,0.0014
aihub_raw/surface/Surface_1/Surface_089/MP_SEL_SUR_006675.jpg,none,0.0,,,0.918
aihub_raw/surface/Surface_1/Surface_089/MP_SEL_SUR_006676.jpg,none,0.0,,,0.0076
aihub_raw/surface/Surface_1/Surface_089/MP_SEL_SUR_006677.jpg,none,0.0,,,0.109
aihub_raw/surface/Surface_1/Surface_089/MP_SEL_SUR_006678.jpg,none,0.0,,,0.9694
aihub_raw/surface/Surface_1/Surface_089/MP_SEL_SUR_006679.jpg,none,0.0,,,0.0
aihub_raw/surface/Surface_1/Surface_089/MP_SEL_SUR_006680.jpg,none,0.0,,,0.9918
aihub_raw/surface/Surface_1/Surface_089/MP_SEL_SUR_006681.jpg,none,0.0,,,0.9671
aihub_raw/surface/Surface_1/Surface_089/MP_SEL_SUR_006682.jpg,none,0.0,,,0.7927
aihub_raw/surface/Surface_1/Surface_089/MP_SEL_SUR_006683.jpg,none_far,0.0631,0.011,0.204,0.8485
aihub_raw/surface/Surface_1/Surface_089/MP_SEL_SUR_006684.jpg,none,0.0,,,0.6166
aihub_raw/surface/Surface_1/Surface_089/MP_SEL_SUR_006685.jpg,none,0.0,,,0.9348
aihub_raw/surface/Surface_1/Surface_089/MP_SEL_SUR_006686.jpg,none,0.0,,,0.6925
aihub_raw/surface/Surface_1/Surface_089/MP_SEL_SUR_006687.jpg,none,0.0,,,0.9946
aihub_raw/surface/Surface_1/Surface_089/MP_SEL_SUR_006688.jpg,none,0.0,,,0.9081
aihub_raw/surface/Surface_1/Surface_089/MP_SEL_SUR_006689.jpg,none,0.0,,,0.3705
aihub_raw/surface/Surface_1/Surface_089/MP_SEL_SUR_006690.jpg,none,0.0,,,0.7948
aihub_raw/surface/Surface_1/Surface_089/MP_SEL_SUR_006691.jpg,none,0.0,,,0.0
aihub_raw/surface/Surface_1/Surface_089/MP_SEL_SUR_006692.jpg,none,0.0,,,0.0
aihub_raw/surface/Surface_1/Surface_089/MP_SEL_SUR_006693.jpg,none,0.0,,,0.906
aihub_raw/surface/Surface_1/Surface_089/MP_SEL_SUR_006694.jpg,none,0.0,,,0.0
aihub_raw/surface/Surface_1/Surface_089/MP_SEL_SUR_006695.jpg,none,0.0,,,0.9991
aihub_raw/surface/Surface_1/Surface_089/MP_SEL_SUR_006696.jpg,none,0.0,,,0.0
aihub_raw/surface/Surface_1/Surface_089/MP_SEL_SUR_006697.jpg,none,0.0,,,0.7869
aihub_raw/surface/Surface_1/Surface_089/MP_SEL_SUR_006698.jpg,none,0.0,,,0.2372
aihub_raw/surface/Surface_1/Surface_089/MP_SEL_SUR_006699.jpg,none,0.0,,,0.0096
aihub_raw/surface/Surface_1/Surface_089/MP_SEL_SUR_006700.jpg,none,0.0,,,1.0
aihub_raw/surface/Surface_1/Surface_089/MP_SEL_SUR_006701.jpg,none,0.0,,,0.0
aihub_raw/surface/Surface_1/Surface_089/MP_SEL_SUR_006702.jpg,none,0.0,,,0.9947
aihub_raw/surface/Surface_1/Surface_090/MP_SEL_SUR_006703.jpg,none,0.0,,,0.9726
aihub_raw/surface/Surface_1/Surface_090/MP_SEL_SUR_006704.jpg,none,0.0,,,0.9942
aihub_raw/surface/Surface_1/Surface_090/MP_SEL_SUR_006705.jpg,none,0.0,,,0.653
aihub_raw/surface/Surface_1/Surface_090/MP_SEL_SUR_006706.jpg,none,0.0,,,0.0
aihub_raw/surface/Surface_1/Surface_090/MP_SEL_SUR_006707.jpg,none,0.0,,,0.0
aihub_raw/surface/Surface_1/Surface_090/MP_SEL_SUR_006708.jpg,none,0.0,,,0.9675
aihub_raw/surface/Surface_1/Surface_090/MP_SEL_SUR_006709.jpg,none,0.0,,,0.8333
aihub_raw/surface/Surface_1/Surface_090/MP_SEL_SUR_006710.jpg,none,0.0,,,0.0
aihub_raw/surface/Surface_1/Surface_090/MP_SEL_SUR_006711.jpg,none,0.0,,,0.9766
aihub_raw/surface/Surface_1/Surface_090/MP_SEL_SUR_006712.jpg,none,0.0,,,0.8479
aihub_raw/surface/Surface_1/Surface_090/MP_SEL_SUR_006713.jpg,none,0.0,,,0.9524
aihub_raw/surface/Surface_1/Surface_090/MP_SEL_SUR_006714.jpg,none,0.0,,,0.9716
aihub_raw/surface/Surface_1/Surface_090/MP_SEL_SUR_006715.jpg,none,0.0,,,0.0
aihub_raw/surface/Surface_1/Surface_090/MP_SEL_SUR_006716.jpg,none,0.0,,,0.0
aihub_raw/surface/Surface_1/Surface_090/MP_SEL_SUR_006717.jpg,none,0.0,,,0.0
aihub_raw/surface/Surface_1/Surface_090/MP_SEL_SUR_006718.jpg,none,0.0,,,0.0
aihub_raw/surface/Surface_1/Surface_090/MP_SEL_SUR_006719.jpg,none,0.0,,,0.9632
aihub_raw/surface/Surface_1/Surface_090/MP_SEL_SUR_006720.jpg,none,0.0,,,0.0
aihub_raw/surface/Surface_1/Surface_090/MP_SEL_SUR_006721.jpg,none,0.0,,,0.9611
aihub_raw/surface/Surface_1/Surface_090/MP_SEL_SUR_006722.jpg,none,0.0,,,1.0
aihub_raw/surface/Surface_1/Surface_090/MP_SEL_SUR_006723.jpg,none,0.0,,,0.6926
aihub_raw/surface/Surface_1/Surface_090/MP_SEL_SUR_006724.jpg,none,0.0,,,0.9031
aihub_raw/surface/Surface_1/Surface_090/MP_SEL_SUR_006725.jpg,none,0.0,,,0.1125
aihub_raw/surface/Surface_1/Surface_090/MP_SEL_SUR_006726.jpg,none,0.0,,,0.8212
aihub_raw/surface/Surface_1/Surface_090/MP_SEL_SUR_006727.jpg,none,0.0,,,0.969
aihub_raw/surface/Surface_1/Surface_090/MP_SEL_SUR_006728.jpg,none,0.0,,,0.9752
aihub_raw/surface/Surface_1/Surface_090/MP_SEL_SUR_006729.jpg,none,0.0,,,0.9724
aihub_raw/surface/Surface_1/Surface_090/MP_SEL_SUR_006730.jpg,none,0.0,,,0.9894
aihub_raw/surface/Surface_1/Surface_090/MP_SEL_SUR_006731.jpg,none,0.0,,,0.6305
aihub_raw/surface/Surface_1/Surface_090/MP_SEL_SUR_006732.jpg,none,0.0,,,0.9963
aihub_raw/surface/Surface_1/Surface_090/MP_SEL_SUR_006733.jpg,none,0.0,,,0.9525
aihub_raw/surface/Surface_1/Surface_090/MP_SEL_SUR_006734.jpg,none,0.0,,,0.7733
aihub_raw/surface/Surface_1/Surface_090/MP_SEL_SUR_006735.jpg,none,0.0,,,0.763
aihub_raw/surface/Surface_1/Surface_090/MP_SEL_SUR_006736.jpg,none,0.0,,,0.0
aihub_raw/surface/Surface_1/Surface_090/MP_SEL_SUR_006737.jpg,none,0.0,,,0.2944
aihub_raw/surface/Surface_1/Surface_090/MP_SEL_SUR_006738.jpg,none,0.0,,,0.9837
aihub_raw/surface/Surface_1/Surface_090/MP_SEL_SUR_006739.jpg,none,0.0,,,0.4194
aihub_raw/surface/Surface_1/Surface_090/MP_SEL_SUR_006740.jpg,none_far,0.0347,0.0,0.259,0.934
aihub_raw/surface/Surface_1/Surface_090/MP_SEL_SUR_006741.jpg,none,0.0,,,0.0
aihub_raw/surface/Surface_1/Surface_090/MP_SEL_SUR_006742.jpg,none,0.0,,,0.8121
aihub_raw/surface/Surface_1/Surface_090/MP_SEL_SUR_006743.jpg,none,0.0,,,0.0502
aihub_raw/surface/Surface_1/Surface_090/MP_SEL_SUR_006744.jpg,none_far,0.0382,0.133,0.304,0.8298
aihub_raw/surface/Surface_1/Surface_090/MP_SEL_SUR_006745.jpg,none,0.0,,,0.9217
aihub_raw/surface/Surface_1/Surface_090/MP_SEL_SUR_006746.jpg,none,0.0,,,0.0
aihub_raw/surface/Surface_1/Surface_090/MP_SEL_SUR_006747.jpg,none,0.0,,,0.9553
aihub_raw/surface/Surface_1/Surface_090/MP_SEL_SUR_006748.jpg,none,0.0,,,0.0064
aihub_raw/surface/Surface_1/Surface_090/MP_SEL_SUR_006749.jpg,none,0.0,,,0.9728
aihub_raw/surface/Surface_1/Surface_090/MP_SEL_SUR_006750.jpg,none,0.0,,,0.0
aihub_raw/surface/Surface_1/Surface_090/MP_SEL_SUR_006751.jpg,none,0.0,,,0.722
aihub_raw/surface/Surface_1/Surface_090/MP_SEL_SUR_006752.jpg,none,0.0,,,0.969
aihub_raw/surface/Surface_1/Surface_091/MP_SEL_SUR_006753.jpg,none,0.0,,,0.8063
aihub_raw/surface/Surface_1/Surface_091/MP_SEL_SUR_006754.jpg,none,0.0,,,0.0
aihub_raw/surface/Surface_1/Surface_091/MP_SEL_SUR_006755.jpg,none,0.0,,,0.0
aihub_raw/surface/Surface_1/Surface_091/MP_SEL_SUR_006756.jpg,none,0.0,,,0.8808
aihub_raw/surface/Surface_1/Surface_091/MP_SEL_SUR_006757.jpg,none,0.0,,,0.7322
aihub_raw/surface/Surface_1/Surface_091/MP_SEL_SUR_006758.jpg,none,0.0,,,0.8232
aihub_raw/surface/Surface_1/Surface_091/MP_SEL_SUR_006759.jpg,none_far,0.062,0.0,0.115,0.8222
aihub_raw/surface/Surface_1/Surface_091/MP_SEL_SUR_006760.jpg,none,0.0,,,0.8698
aihub_raw/surface/Surface_1/Surface_091/MP_SEL_SUR_006761.jpg,none,0.0,,,0.8511
aihub_raw/surface/Surface_1/Surface_091/MP_SEL_SUR_006762.jpg,none,0.0,,,0.8279
aihub_raw/surface/Surface_1/Surface_091/MP_SEL_SUR_006763.jpg,none,0.0,,,0.6778
aihub_raw/surface/Surface_1/Surface_091/MP_SEL_SUR_006764.jpg,none,0.0,,,0.3193
aihub_raw/surface/Surface_1/Surface_091/MP_SEL_SUR_006765.jpg,none,0.0,,,0.8084
aihub_raw/surface/Surface_1/Surface_091/MP_SEL_SUR_006766.jpg,none,0.0,,,0.7035
aihub_raw/surface/Surface_1/Surface_091/MP_SEL_SUR_006767.jpg,none,0.0,,,0.0316
aihub_raw/surface/Surface_1/Surface_091/MP_SEL_SUR_006768.jpg,none,0.0,,,0.6919
aihub_raw/surface/Surface_1/Surface_091/MP_SEL_SUR_006769.jpg,none,0.0,,,0.0
aihub_raw/surface/Surface_1/Surface_091/MP_SEL_SUR_006770.jpg,none,0.0,,,0.2374
aihub_raw/surface/Surface_1/Surface_091/MP_SEL_SUR_006771.jpg,none,0.0,,,0.0
aihub_raw/surface/Surface_1/Surface_091/MP_SEL_SUR_006772.jpg,on,0.5437,0.111,1.0,0.1764
aihub_raw/surface/Surface_1/Surface_091/MP_SEL_SUR_006773.jpg,none,0.0,,,0.2395
aihub_raw/surface/Surface_1/Surface_091/MP_SEL_SUR_006774.jpg,none,0.0,,,0.6895
aihub_raw/surface/Surface_1/Surface_091/MP_SEL_SUR_006775.jpg,none,0.0,,,0.9852
aihub_raw/surface/Surface_1/Surface_091/MP_SEL_SUR_006776.jpg,none,0.0,,,0.8843
aihub_raw/surface/Surface_1/Surface_091/MP_SEL_SUR_006777.jpg,none,0.0,,,0.6819
aihub_raw/surface/Surface_1/Surface_091/MP_SEL_SUR_006778.jpg,none,0.0,,,0.0007
aihub_raw/surface/Surface_1/Surface_091/MP_SEL_SUR_006779.jpg,none,0.0,,,0.0
aihub_raw/surface/Surface_1/Surface_091/MP_SEL_SUR_006780.jpg,none,0.0,,,0.878
aihub_raw/surface/Surface_1/Surface_091/MP_SEL_SUR_006781.jpg,none,0.0,,,0.8641
aihub_raw/surface/Surface_1/Surface_091/MP_SEL_SUR_006782.jpg,none,0.0,,,0.4661
aihub_raw/surface/Surface_1/Surface_091/MP_SEL_SUR_006783.jpg,none_far,0.008,0.0,0.033,0.64
aihub_raw/surface/Surface_1/Surface_091/MP_SEL_SUR_006784.jpg,none,0.0,,,0.8879
aihub_raw/surface/Surface_1/Surface_091/MP_SEL_SUR_006785.jpg,none,0.0,,,1.0
aihub_raw/surface/Surface_1/Surface_091/MP_SEL_SUR_006786.jpg,none_far,0.0048,0.126,0.152,0.6735
aihub_raw/surface/Surface_1/Surface_091/MP_SEL_SUR_006787.jpg,none,0.0,,,0.0273
aihub_raw/surface/Surface_1/Surface_091/MP_SEL_SUR_006788.jpg,none,0.0,,,0.8556
aihub_raw/surface/Surface_1/Surface_091/MP_SEL_SUR_006789.jpg,none,0.0,,,0.4521
aihub_raw/surface/Surface_1/Surface_091/MP_SEL_SUR_006790.jpg,none,0.0,,,0.7913
aihub_raw/surface/Surface_1/Surface_091/MP_SEL_SUR_006791.jpg,none,0.0,,,0.6359
aihub_raw/surface/Surface_1/Surface_091/MP_SEL_SUR_006792.jpg,none,0.0,,,0.875
aihub_raw/surface/Surface_1/Surface_091/MP_SEL_SUR_006793.jpg,none_far,0.0171,0.078,0.144,0.8656
aihub_raw/surface/Surface_1/Surface_091/MP_SEL_SUR_006794.jpg,none,0.0,,,0.817
aihub_raw/surface/Surface_1/Surface_091/MP_SEL_SUR_006795.jpg,none,0.0,,,0.0
aihub_raw/surface/Surface_1/Surface_091/MP_SEL_SUR_006796.jpg,none,0.0,,,0.9995
aihub_raw/surface/Surface_1/Surface_091/MP_SEL_SUR_006797.jpg,none,0.0,,,0.0
aihub_raw/surface/Surface_1/Surface_091/MP_SEL_SUR_006798.jpg,none,0.0,,,0.8984
aihub_raw/surface/Surface_1/Surface_091/MP_SEL_SUR_006799.jpg,none,0.0,,,0.9501
aihub_raw/surface/Surface_1/Surface_091/MP_SEL_SUR_006800.jpg,none,0.0,,,0.5501
aihub_raw/surface/Surface_1/Surface_091/MP_SEL_SUR_006801.jpg,none,0.0,,,0.0
aihub_raw/surface/Surface_1/Surface_091/MP_SEL_SUR_006802.jpg,none,0.0,,,0.0
aihub_raw/surface/Surface_1/Surface_092/MP_SEL_SUR_006804.jpg,none,0.0,,,0.0343
aihub_raw/surface/Surface_1/Surface_092/MP_SEL_SUR_006805.jpg,none,0.0,,,0.03
aihub_raw/surface/Surface_1/Surface_092/MP_SEL_SUR_006806.jpg,none,0.0,,,0.9021
aihub_raw/surface/Surface_1/Surface_092/MP_SEL_SUR_006807.jpg,none,0.0,,,0.9147
aihub_raw/surface/Surface_1/Surface_092/MP_SEL_SUR_006808.jpg,none,0.0,,,0.4281
aihub_raw/surface/Surface_1/Surface_092/MP_SEL_SUR_006809.jpg,none,0.0,,,0.9952
aihub_raw/surface/Surface_1/Surface_092/MP_SEL_SUR_006810.jpg,none,0.0,,,0.898
aihub_raw/surface/Surface_1/Surface_092/MP_SEL_SUR_006811.jpg,none,0.0,,,0.8739
aihub_raw/surface/Surface_1/Surface_092/MP_SEL_SUR_006812.jpg,none,0.0,,,0.9648
aihub_raw/surface/Surface_1/Surface_092/MP_SEL_SUR_006813.jpg,none,0.0,,,0.001
aihub_raw/surface/Surface_1/Surface_092/MP_SEL_SUR_006814.jpg,none,0.0,,,0.0
aihub_raw/surface/Surface_1/Surface_092/MP_SEL_SUR_006815.jpg,none,0.0,,,0.8174
aihub_raw/surface/Surface_1/Surface_092/MP_SEL_SUR_006816.jpg,none,0.0,,,0.0
aihub_raw/surface/Surface_1/Surface_092/MP_SEL_SUR_006817.jpg,none,0.0,,,0.9793
aihub_raw/surface/Surface_1/Surface_092/MP_SEL_SUR_006818.jpg,none,0.0,,,0.9958
aihub_raw/surface/Surface_1/Surface_092/MP_SEL_SUR_006819.jpg,none,0.0,,,0.0128
aihub_raw/surface/Surface_1/Surface_092/MP_SEL_SUR_006820.jpg,none,0.0,,,0.0127
aihub_raw/surface/Surface_1/Surface_092/MP_SEL_SUR_006821.jpg,none_far,0.0022,0.0,0.022,0.3242
aihub_raw/surface/Surface_1/Surface_092/MP_SEL_SUR_006822.jpg,none,0.0,,,0.8209
aihub_raw/surface/Surface_1/Surface_092/MP_SEL_SUR_006823.jpg,none_far,0.001,0.093,0.104,0.4696
aihub_raw/surface/Surface_1/Surface_092/MP_SEL_SUR_006824.jpg,none,0.0,,,0.8975
aihub_raw/surface/Surface_1/Surface_092/MP_SEL_SUR_006825.jpg,none,0.0,,,0.9881
aihub_raw/surface/Surface_1/Surface_092/MP_SEL_SUR_006826.jpg,on,0.5707,0.333,1.0,0.2431
aihub_raw/surface/Surface_1/Surface_092/MP_SEL_SUR_006827.jpg,none,0.0,,,0.9337
aihub_raw/surface/Surface_1/Surface_092/MP_SEL_SUR_006828.jpg,none,0.0,,,0.3156
aihub_raw/surface/Surface_1/Surface_092/MP_SEL_SUR_006829.jpg,none,0.0,,,0.756
aihub_raw/surface/Surface_1/Surface_092/MP_SEL_SUR_006830.jpg,none,0.0,,,0.0
aihub_raw/surface/Surface_1/Surface_092/MP_SEL_SUR_006831.jpg,none,0.0,,,1.0
aihub_raw/surface/Surface_1/Surface_092/MP_SEL_SUR_006832.jpg,none,0.0,,,0.6598
aihub_raw/surface/Surface_1/Surface_092/MP_SEL_SUR_006833.jpg,none,0.0,,,0.0
aihub_raw/surface/Surface_1/Surface_092/MP_SEL_SUR_006834.jpg,none,0.0,,,0.0
aihub_raw/surface/Surface_1/Surface_092/MP_SEL_SUR_006835.jpg,none,0.0,,,0.0
aihub_raw/surface/Surface_1/Surface_092/MP_SEL_SUR_006836.jpg,none,0.0,,,1.0
aihub_raw/surface/Surface_1/Surface_092/MP_SEL_SUR_006837.jpg,none,0.0,,,0.7931
aihub_raw/surface/Surface_1/Surface_092/MP_SEL_SUR_006838.jpg,none,0.0,,,0.9205
aihub_raw/surface/Surface_1/Surface_092/MP_SEL_SUR_006839.jpg,none,0.0,,,0.9583
aihub_raw/surface/Surface_1/Surface_092/MP_SEL_SUR_006840.jpg,none,0.0,,,0.9818
aihub_raw/surface/Surface_1/Surface_092/MP_SEL_SUR_006841.jpg,none,0.0,,,0.8829
aihub_raw/surface/Surface_1/Surface_092/MP_SEL_SUR_006842.jpg,none,0.0,,,0.6324
aihub_raw/surface/Surface_1/Surface_092/MP_SEL_SUR_006843.jpg,none,0.0,,,0.892
aihub_raw/surface/Surface_1/Surface_092/MP_SEL_SUR_006844.jpg,none,0.0,,,0.9907
aihub_raw/surface/Surface_1/Surface_092/MP_SEL_SUR_006845.jpg,none,0.0,,,1.0
aihub_raw/surface/Surface_1/Surface_092/MP_SEL_SUR_006846.jpg,none,0.0,,,0.0
aihub_raw/surface/Surface_1/Surface_092/MP_SEL_SUR_006847.jpg,none,0.0,,,0.7327
aihub_raw/surface/Surface_1/Surface_092/MP_SEL_SUR_006848.jpg,none,0.0,,,0.4159
aihub_raw/surface/Surface_1/Surface_092/MP_SEL_SUR_006850.jpg,none_far,0.154,0.0,0.544,0.7956
aihub_raw/surface/Surface_1/Surface_092/MP_SEL_SUR_006851.jpg,none,0.0,,,0.0
aihub_raw/surface/Surface_1/Surface_092/MP_SEL_SUR_006852.jpg,none,0.0,,,0.0
aihub_raw/surface/Surface_1/Surface_093/MP_SEL_SUR_006853.jpg,none,0.0,,,0.7371
aihub_raw/surface/Surface_1/Surface_093/MP_SEL_SUR_006854.jpg,none,0.0,,,0.3289
aihub_raw/surface/Surface_1/Surface_093/MP_SEL_SUR_006855.jpg,none,0.0,,,0.6604
aihub_raw/surface/Surface_1/Surface_093/MP_SEL_SUR_006856.jpg,none_far,0.3806,0.0,0.389,0.6118
aihub_raw/surface/Surface_1/Surface_093/MP_SEL_SUR_006857.jpg,none,0.0,,,0.974
aihub_raw/surface/Surface_1/Surface_093/MP_SEL_SUR_006858.jpg,none,0.0,,,1.0
aihub_raw/surface/Surface_1/Surface_093/MP_SEL_SUR_006859.jpg,none,0.0,,,0.0135
aihub_raw/surface/Surface_1/Surface_093/MP_SEL_SUR_006860.jpg,none,0.0,,,0.467
aihub_raw/surface/Surface_1/Surface_093/MP_SEL_SUR_006861.jpg,none,0.0,,,0.4861
aihub_raw/surface/Surface_1/Surface_093/MP_SEL_SUR_006862.jpg,on,0.849,0.148,1.0,0.0377
aihub_raw/surface/Surface_1/Surface_093/MP_SEL_SUR_006863.jpg,none,0.0,,,0.0
aihub_raw/surface/Surface_1/Surface_093/MP_SEL_SUR_006864.jpg,none,0.0,,,0.6833
aihub_raw/surface/Surface_1/Surface_093/MP_SEL_SUR_006865.jpg,none,0.0,,,0.0
aihub_raw/surface/Surface_1/Surface_093/MP_SEL_SUR_006866.jpg,none,0.0,,,0.8275
aihub_raw/surface/Surface_1/Surface_093/MP_SEL_SUR_006867.jpg,none,0.0,,,0.0
aihub_raw/surface/Surface_1/Surface_093/MP_SEL_SUR_006868.jpg,none,0.0,,,0.9449
aihub_raw/surface/Surface_1/Surface_093/MP_SEL_SUR_006869.jpg,none,0.0,,,0.7367
aihub_raw/surface/Surface_1/Surface_093/MP_SEL_SUR_006870.jpg,none,0.0,,,0.9805
aihub_raw/surface/Surface_1/Surface_093/MP_SEL_SUR_006871.jpg,none_far,0.1105,0.074,0.3,0.7594
aihub_raw/surface/Surface_1/Surface_093/MP_SEL_SUR_006872.jpg,none,0.0,,,0.0
aihub_raw/surface/Surface_1/Surface_093/MP_SEL_SUR_006873.jpg,none,0.0,,,0.5223
aihub_raw/surface/Surface_1/Surface_093/MP_SEL_SUR_006874.jpg,none,0.0,,,0.0154
aihub_raw/surface/Surface_1/Surface_093/MP_SEL_SUR_006875.jpg,none,0.0,,,0.0
aihub_raw/surface/Surface_1/Surface_093/MP_SEL_SUR_006876.jpg,none,0.0,,,0.1326
aihub_raw/surface/Surface_1/Surface_093/MP_SEL_SUR_006877.jpg,none,0.0,,,0.6614
aihub_raw/surface/Surface_1/Surface_093/MP_SEL_SUR_006878.jpg,none,0.0,,,0.9367
aihub_raw/surface/Surface_1/Surface_093/MP_SEL_SUR_006879.jpg,none,0.0,,,0.9627
aihub_raw/surface/Surface_1/Surface_093/MP_SEL_SUR_006880.jpg,none,0.0,,,0.7625
aihub_raw/surface/Surface_1/Surface_093/MP_SEL_SUR_006881.jpg,none,0.0,,,0.9761
aihub_raw/surface/Surface_1/Surface_093/MP_SEL_SUR_006882.jpg,on,0.8451,0.152,1.0,0.0507
aihub_raw/surface/Surface_1/Surface_093/MP_SEL_SUR_006883.jpg,none,0.0,,,0.878
aihub_raw/surface/Surface_1/Surface_093/MP_SEL_SUR_006884.jpg,none,0.0,,,0.0
aihub_raw/surface/Surface_1/Surface_093/MP_SEL_SUR_006885.jpg,none,0.0,,,0.5149
aihub_raw/surface/Surface_1/Surface_093/MP_SEL_SUR_006886.jpg,none,0.0,,,0.9971
aihub_raw/surface/Surface_1/Surface_093/MP_SEL_SUR_006887.jpg,approach,0.7103,0.0,0.767,0.0
aihub_raw/surface/Surface_1/Surface_093/MP_SEL_SUR_006888.jpg,on,0.7027,0.244,1.0,0.2684
aihub_raw/surface/Surface_1/Surface_093/MP_SEL_SUR_006889.jpg,none,0.0,,,0.7091
aihub_raw/surface/Surface_1/Surface_093/MP_SEL_SUR_006890.jpg,none,0.0,,,0.7445
aihub_raw/surface/Surface_1/Surface_093/MP_SEL_SUR_006891.jpg,none,0.0,,,0.8304
aihub_raw/surface/Surface_1/Surface_093/MP_SEL_SUR_006892.jpg,none,0.0,,,0.0
aihub_raw/surface/Surface_1/Surface_093/MP_SEL_SUR_006893.jpg,none,0.0,,,0.9501
aihub_raw/surface/Surface_1/Surface_093/MP_SEL_SUR_006894.jpg,none,0.0,,,0.7412
aihub_raw/surface/Surface_1/Surface_093/MP_SEL_SUR_006895.jpg,none,0.0,,,0.8552
aihub_raw/surface/Surface_1/Surface_093/MP_SEL_SUR_006896.jpg,none,0.0,,,0.9379
aihub_raw/surface/Surface_1/Surface_093/MP_SEL_SUR_006897.jpg,none,0.0,,,0.9999
aihub_raw/surface/Surface_1/Surface_093/MP_SEL_SUR_006898.jpg,none,0.0,,,0.701
aihub_raw/surface/Surface_1/Surface_093/MP_SEL_SUR_006899.jpg,none,0.0,,,0.6585
aihub_raw/surface/Surface_1/Surface_093/MP_SEL_SUR_006900.jpg,none,0.0,,,0.0
aihub_raw/surface/Surface_1/Surface_093/MP_SEL_SUR_006901.jpg,none,0.0,,,0.6134
aihub_raw/surface/Surface_1/Surface_093/MP_SEL_SUR_006902.jpg,none,0.0,,,0.0
aihub_raw/surface/Surface_1/Surface_094/MP_SEL_SUR_006903.jpg,on,0.9064,0.07,1.0,0.038
aihub_raw/surface/Surface_1/Surface_094/MP_SEL_SUR_006904.jpg,none,0.0,,,0.0
aihub_raw/surface/Surface_1/Surface_094/MP_SEL_SUR_006905.jpg,none,0.0,,,0.7472
aihub_raw/surface/Surface_1/Surface_094/MP_SEL_SUR_006906.jpg,none,0.0,,,0.7369
aihub_raw/surface/Surface_1/Surface_094/MP_SEL_SUR_006908.jpg,none,0.0,,,0.988
aihub_raw/surface/Surface_1/Surface_094/MP_SEL_SUR_006909.jpg,none,0.0,,,1.0
aihub_raw/surface/Surface_1/Surface_094/MP_SEL_SUR_006910.jpg,none,0.0,,,0.2845
aihub_raw/surface/Surface_1/Surface_094/MP_SEL_SUR_006911.jpg,none,0.0,,,0.9098
aihub_raw/surface/Surface_1/Surface_094/MP_SEL_SUR_006912.jpg,none,0.0,,,0.9278
aihub_raw/surface/Surface_1/Surface_094/MP_SEL_SUR_006913.jpg,none,0.0,,,0.4169
aihub_raw/surface/Surface_1/Surface_094/MP_SEL_SUR_006914.jpg,on,0.8144,0.181,1.0,0.1858
aihub_raw/surface/Surface_1/Surface_094/MP_SEL_SUR_006915.jpg,none,0.0,,,0.9705
aihub_raw/surface/Surface_1/Surface_094/MP_SEL_SUR_006916.jpg,none,0.0,,,0.8946
aihub_raw/surface/Surface_1/Surface_094/MP_SEL_SUR_006917.jpg,none,0.0,,,0.9039
aihub_raw/surface/Surface_1/Surface_094/MP_SEL_SUR_006918.jpg,none,0.0,,,0.9601
aihub_raw/surface/Surface_1/Surface_094/MP_SEL_SUR_006919.jpg,none,0.0,,,0.0
aihub_raw/surface/Surface_1/Surface_094/MP_SEL_SUR_006920.jpg,none,0.0,,,0.1232
aihub_raw/surface/Surface_1/Surface_094/MP_SEL_SUR_006921.jpg,none_far,0.0196,0.037,0.115,0.0045
aihub_raw/surface/Surface_1/Surface_094/MP_SEL_SUR_006922.jpg,none,0.0,,,0.0
aihub_raw/surface/Surface_1/Surface_094/MP_SEL_SUR_006923.jpg,none,0.0,,,0.0
aihub_raw/surface/Surface_1/Surface_094/MP_SEL_SUR_006924.jpg,none,0.0,,,0.9968
aihub_raw/surface/Surface_1/Surface_094/MP_SEL_SUR_006925.jpg,none,0.0,,,0.0
aihub_raw/surface/Surface_1/Surface_094/MP_SEL_SUR_006926.jpg,none,0.0,,,0.9997
aihub_raw/surface/Surface_1/Surface_094/MP_SEL_SUR_006927.jpg,on,0.7932,0.0,1.0,0.1841
aihub_raw/surface/Surface_1/Surface_094/MP_SEL_SUR_006928.jpg,none,0.0,,,0.0
aihub_raw/surface/Surface_1/Surface_094/MP_SEL_SUR_006929.jpg,none,0.0,,,0.7991
aihub_raw/surface/Surface_1/Surface_094/MP_SEL_SUR_006930.jpg,none,0.0,,,0.8073
aihub_raw/surface/Surface_1/Surface_094/MP_SEL_SUR_006931.jpg,none,0.0,,,0.8034
aihub_raw/surface/Surface_1/Surface_094/MP_SEL_SUR_006932.jpg,none,0.0,,,0.9677
aihub_raw/surface/Surface_1/Surface_094/MP_SEL_SUR_006933.jpg,none,0.0,,,0.9161
aihub_raw/surface/Surface_1/Surface_094/MP_SEL_SUR_006934.jpg,none_far,0.0763,0.0,0.222,0.8039
aihub_raw/surface/Surface_1/Surface_094/MP_SEL_SUR_006935.jpg,none,0.0,,,1.0
aihub_raw/surface/Surface_1/Surface_094/MP_SEL_SUR_006936.jpg,none_far,0.0054,0.015,0.041,0.7109
aihub_raw/surface/Surface_1/Surface_094/MP_SEL_SUR_006937.jpg,none,0.0,,,0.4581
aihub_raw/surface/Surface_1/Surface_094/MP_SEL_SUR_006938.jpg,none,0.0,,,0.9349
aihub_raw/surface/Surface_1/Surface_094/MP_SEL_SUR_006939.jpg,none,0.0,,,0.8765
aihub_raw/surface/Surface_1/Surface_094/MP_SEL_SUR_006940.jpg,none,0.0,,,0.9798
aihub_raw/surface/Surface_1/Surface_094/MP_SEL_SUR_006941.jpg,none,0.0,,,0.5619
aihub_raw/surface/Surface_1/Surface_094/MP_SEL_SUR_006942.jpg,none,0.0,,,0.8833
aihub_raw/surface/Surface_1/Surface_094/MP_SEL_SUR_006943.jpg,none,0.0,,,0.0
aihub_raw/surface/Surface_1/Surface_094/MP_SEL_SUR_006944.jpg,on,0.7713,0.104,1.0,0.2271
aihub_raw/surface/Surface_1/Surface_094/MP_SEL_SUR_006945.jpg,none,0.0,,,0.0
aihub_raw/surface/Surface_1/Surface_094/MP_SEL_SUR_006946.jpg,none,0.0,,,0.9079
aihub_raw/surface/Surface_1/Surface_094/MP_SEL_SUR_006947.jpg,none,0.0,,,0.926
aihub_raw/surface/Surface_1/Surface_094/MP_SEL_SUR_006948.jpg,none,0.0,,,0.0
aihub_raw/surface/Surface_1/Surface_094/MP_SEL_SUR_006949.jpg,none,0.0,,,0.0
aihub_raw/surface/Surface_1/Surface_094/MP_SEL_SUR_006950.jpg,none,0.0,,,0.65
aihub_raw/surface/Surface_1/Surface_094/MP_SEL_SUR_006951.jpg,none,0.0,,,0.7621
aihub_raw/surface/Surface_1/Surface_094/MP_SEL_SUR_006952.jpg,none,0.0,,,0.7879
aihub_raw/surface/Surface_1/Surface_095/MP_SEL_SUR_006953.jpg,none,0.0,,,0.4289
aihub_raw/surface/Surface_1/Surface_095/MP_SEL_SUR_006954.jpg,none,0.0,,,0.9707
aihub_raw/surface/Surface_1/Surface_095/MP_SEL_SUR_006955.jpg,none,0.0,,,0.8414
aihub_raw/surface/Surface_1/Surface_095/MP_SEL_SUR_006956.jpg,none,0.0,,,0.0
aihub_raw/surface/Surface_1/Surface_095/MP_SEL_SUR_006957.jpg,none,0.0,,,0.9217
aihub_raw/surface/Surface_1/Surface_095/MP_SEL_SUR_006958.jpg,none,0.0,,,0.8756
aihub_raw/surface/Surface_1/Surface_095/MP_SEL_SUR_006959.jpg,none,0.0,,,0.0
aihub_raw/surface/Surface_1/Surface_095/MP_SEL_SUR_006960.jpg,none,0.0,,,1.0
aihub_raw/surface/Surface_1/Surface_095/MP_SEL_SUR_006961.jpg,none,0.0,,,0.84
aihub_raw/surface/Surface_1/Surface_095/MP_SEL_SUR_006962.jpg,none,0.0,,,0.9828
aihub_raw/surface/Surface_1/Surface_095/MP_SEL_SUR_006963.jpg,none,0.0,,,0.0173
aihub_raw/surface/Surface_1/Surface_095/MP_SEL_SUR_006964.jpg,none,0.0,,,0.9975
aihub_raw/surface/Surface_1/Surface_095/MP_SEL_SUR_006965.jpg,none,0.0,,,0.2138
aihub_raw/surface/Surface_1/Surface_095/MP_SEL_SUR_006966.jpg,none,0.0,,,0.2579
aihub_raw/surface/Surface_1/Surface_095/MP_SEL_SUR_006967.jpg,none,0.0,,,1.0
aihub_raw/surface/Surface_1/Surface_095/MP_SEL_SUR_006968.jpg,none,0.0,,,0.0
aihub_raw/surface/Surface_1/Surface_095/MP_SEL_SUR_006969.jpg,none,0.0,,,0.6943
aihub_raw/surface/Surface_1/Surface_095/MP_SEL_SUR_006970.jpg,none,0.0,,,0.0
aihub_raw/surface/Surface_1/Surface_095/MP_SEL_SUR_006971.jpg,none,0.0,,,0.0636
aihub_raw/surface/Surface_1/Surface_095/MP_SEL_SUR_006972.jpg,none,0.0,,,0.9151
aihub_raw/surface/Surface_1/Surface_095/MP_SEL_SUR_006973.jpg,none,0.0,,,0.7606
aihub_raw/surface/Surface_1/Surface_095/MP_SEL_SUR_006974.jpg,none_far,0.0704,0.0,0.156,0.8904
aihub_raw/surface/Surface_1/Surface_095/MP_SEL_SUR_006975.jpg,none,0.0,,,0.0001
aihub_raw/surface/Surface_1/Surface_095/MP_SEL_SUR_006976.jpg,none,0.0,,,0.8395
aihub_raw/surface/Surface_1/Surface_095/MP_SEL_SUR_006977.jpg,none,0.0,,,1.0
aihub_raw/surface/Surface_1/Surface_095/MP_SEL_SUR_006978.jpg,none,0.0,,,0.1325
aihub_raw/surface/Surface_1/Surface_095/MP_SEL_SUR_006979.jpg,none,0.0,,,0.9894
aihub_raw/surface/Surface_1/Surface_095/MP_SEL_SUR_006980.jpg,none,0.0,,,0.9603
aihub_raw/surface/Surface_1/Surface_095/MP_SEL_SUR_006981.jpg,none,0.0,,,0.0
aihub_raw/surface/Surface_1/Surface_095/MP_SEL_SUR_006982.jpg,none,0.0,,,0.9413
aihub_raw/surface/Surface_1/Surface_095/MP_SEL_SUR_006984.jpg,none,0.0,,,0.0
aihub_raw/surface/Surface_1/Surface_095/MP_SEL_SUR_006985.jpg,none,0.0,,,0.0
aihub_raw/surface/Surface_1/Surface_095/MP_SEL_SUR_006986.jpg,none,0.0,,,0.9951
aihub_raw/surface/Surface_1/Surface_095/MP_SEL_SUR_006987.jpg,none,0.0,,,0.6645
aihub_raw/surface/Surface_1/Surface_095/MP_SEL_SUR_006989.jpg,none,0.0,,,0.9861
aihub_raw/surface/Surface_1/Surface_095/MP_SEL_SUR_006990.jpg,none,0.0,,,0.0
aihub_raw/surface/Surface_1/Surface_095/MP_SEL_SUR_006992.jpg,on,0.9305,0.0,1.0,0.0
aihub_raw/surface/Surface_1/Surface_095/MP_SEL_SUR_006993.jpg,none,0.0,,,0.6485
aihub_raw/surface/Surface_1/Surface_095/MP_SEL_SUR_006994.jpg,none,0.0,,,0.6177
aihub_raw/surface/Surface_1/Surface_095/MP_SEL_SUR_006995.jpg,none,0.0,,,0.8966
aihub_raw/surface/Surface_1/Surface_095/MP_SEL_SUR_006996.jpg,none,0.0,,,0.6231
aihub_raw/surface/Surface_1/Surface_095/MP_SEL_SUR_006997.jpg,none,0.0,,,0.0
aihub_raw/surface/Surface_1/Surface_095/MP_SEL_SUR_006998.jpg,none,0.0,,,0.0
aihub_raw/surface/Surface_1/Surface_095/MP_SEL_SUR_006999.jpg,none,0.0,,,0.0031
aihub_raw/surface/Surface_1/Surface_095/MP_SEL_SUR_007001.jpg,none,0.0,,,0.0
aihub_raw/surface/Surface_1/Surface_095/MP_SEL_SUR_007002.jpg,none,0.0,,,0.6443
aihub_raw/surface/Surface_1/Surface_095/MP_SEL_SUR_007003.jpg,none,0.0,,,0.0
aihub_raw/surface/Surface_1/Surface_095/MP_SEL_SUR_007004.jpg,none,0.0,,,0.4815
aihub_raw/surface/Surface_1/Surface_096/MP_SEL_SUR_007005.jpg,none,0.0,,,0.7977
aihub_raw/surface/Surface_1/Surface_096/MP_SEL_SUR_007006.jpg,none,0.0,,,0.0
aihub_raw/surface/Surface_1/Surface_096/MP_SEL_SUR_007007.jpg,none,0.0,,,0.8173
aihub_raw/surface/Surface_1/Surface_096/MP_SEL_SUR_007008.jpg,none,0.0,,,0.9756
aihub_raw/surface/Surface_1/Surface_096/MP_SEL_SUR_007009.jpg,none,0.0,,,0.0
aihub_raw/surface/Surface_1/Surface_096/MP_SEL_SUR_007010.jpg,none_far,0.0013,0.0,0.03,0.927
aihub_raw/surface/Surface_1/Surface_096/MP_SEL_SUR_007011.jpg,none,0.0,,,0.8746
aihub_raw/surface/Surface_1/Surface_096/MP_SEL_SUR_007012.jpg,none,0.0,,,0.8982
aihub_raw/surface/Surface_1/Surface_096/MP_SEL_SUR_007013.jpg,none,0.0,,,0.2815
aihub_raw/surface/Surface_1/Surface_096/MP_SEL_SUR_007014.jpg,none,0.0,,,0.9876
aihub_raw/surface/Surface_1/Surface_096/MP_SEL_SUR_007015.jpg,none_far,0.0128,0.0,0.033,0.9417
aihub_raw/surface/Surface_1/Surface_096/MP_SEL_SUR_007016.jpg,crossed,0.4781,0.504,1.0,0.5049
aihub_raw/surface/Surface_1/Surface_096/MP_SEL_SUR_007017.jpg,none,0.0,,,0.9668
aihub_raw/surface/Surface_1/Surface_096/MP_SEL_SUR_007018.jpg,none,0.0,,,0.6988
aihub_raw/surface/Surface_1/Surface_096/MP_SEL_SUR_007019.jpg,none,0.0,,,0.3522
aihub_raw/surface/Surface_1/Surface_096/MP_SEL_SUR_007020.jpg,none,0.0,,,0.0
aihub_raw/surface/Surface_1/Surface_096/MP_SEL_SUR_007021.jpg,none,0.0,,,0.9212
aihub_raw/surface/Surface_1/Surface_096/MP_SEL_SUR_007023.jpg,none,0.0,,,0.9748
aihub_raw/surface/Surface_1/Surface_096/MP_SEL_SUR_007024.jpg,none,0.0,,,0.0
aihub_raw/surface/Surface_1/Surface_096/MP_SEL_SUR_007025.jpg,none,0.0,,,0.9752
aihub_raw/surface/Surface_1/Surface_096/MP_SEL_SUR_007027.jpg,none,0.0,,,0.9374
aihub_raw/surface/Surface_1/Surface_096/MP_SEL_SUR_007028.jpg,none,0.0,,,0.0
aihub_raw/surface/Surface_1/Surface_096/MP_SEL_SUR_007029.jpg,none,0.0,,,0.0
aihub_raw/surface/Surface_1/Surface_096/MP_SEL_SUR_007030.jpg,none,0.0,,,0.0
aihub_raw/surface/Surface_1/Surface_096/MP_SEL_SUR_007031.jpg,none,0.0,,,0.6628
aihub_raw/surface/Surface_1/Surface_096/MP_SEL_SUR_007032.jpg,none,0.0,,,0.0334
aihub_raw/surface/Surface_1/Surface_096/MP_SEL_SUR_007033.jpg,none,0.0,,,0.0
aihub_raw/surface/Surface_1/Surface_096/MP_SEL_SUR_007034.jpg,none,0.0,,,0.0
aihub_raw/surface/Surface_1/Surface_096/MP_SEL_SUR_007035.jpg,none,0.0,,,0.0
aihub_raw/surface/Surface_1/Surface_096/MP_SEL_SUR_007036.jpg,none,0.0,,,0.9258
aihub_raw/surface/Surface_1/Surface_096/MP_SEL_SUR_007037.jpg,none,0.0,,,0.98
aihub_raw/surface/Surface_1/Surface_096/MP_SEL_SUR_007038.jpg,none,0.0,,,0.0
aihub_raw/surface/Surface_1/Surface_096/MP_SEL_SUR_007039.jpg,none,0.0,,,0.6091
aihub_raw/surface/Surface_1/Surface_096/MP_SEL_SUR_007040.jpg,none,0.0,,,0.585
aihub_raw/surface/Surface_1/Surface_096/MP_SEL_SUR_007041.jpg,none,0.0,,,0.5837
aihub_raw/surface/Surface_1/Surface_096/MP_SEL_SUR_007042.jpg,none,0.0,,,0.8645
aihub_raw/surface/Surface_1/Surface_096/MP_SEL_SUR_007043.jpg,none,0.0,,,0.8172
aihub_raw/surface/Surface_1/Surface_096/MP_SEL_SUR_007044.jpg,none,0.0,,,0.9967
aihub_raw/surface/Surface_1/Surface_096/MP_SEL_SUR_007046.jpg,none,0.0,,,0.9648
aihub_raw/surface/Surface_1/Surface_096/MP_SEL_SUR_007047.jpg,none,0.0,,,0.6926
aihub_raw/surface/Surface_1/Surface_096/MP_SEL_SUR_007048.jpg,none,0.0,,,0.9275
aihub_raw/surface/Surface_1/Surface_096/MP_SEL_SUR_007049.jpg,none,0.0,,,0.9874
aihub_raw/surface/Surface_1/Surface_096/MP_SEL_SUR_007050.jpg,none,0.0,,,0.7494
aihub_raw/surface/Surface_1/Surface_096/MP_SEL_SUR_007051.jpg,none,0.0,,,0.0
aihub_raw/surface/Surface_1/Surface_096/MP_SEL_SUR_007052.jpg,none,0.0,,,0.6797
aihub_raw/surface/Surface_1/Surface_096/MP_SEL_SUR_007053.jpg,none,0.0,,,0.9333
aihub_raw/surface/Surface_1/Surface_096/MP_SEL_SUR_007054.jpg,none,0.0,,,0.7034
aihub_raw/surface/Surface_1/Surface_097/MP_SEL_SUR_007055.jpg,none,0.0,,,0.9992
aihub_raw/surface/Surface_1/Surface_097/MP_SEL_SUR_007056.jpg,none,0.0,,,0.8643
aihub_raw/surface/Surface_1/Surface_097/MP_SEL_SUR_007057.jpg,on,0.9277,0.0,1.0,0.025
aihub_raw/surface/Surface_1/Surface_097/MP_SEL_SUR_007058.jpg,none,0.0,,,0.0
aihub_raw/surface/Surface_1/Surface_097/MP_SEL_SUR_007059.jpg,none,0.0,,,0.0
aihub_raw/surface/Surface_1/Surface_097/MP_SEL_SUR_007060.jpg,none,0.0,,,0.0
aihub_raw/surface/Surface_1/Surface_097/MP_SEL_SUR_007061.jpg,none,0.0,,,0.0
aihub_raw/surface/Surface_1/Surface_097/MP_SEL_SUR_007062.jpg,none,0.0,,,0.0
aihub_raw/surface/Surface_1/Surface_097/MP_SEL_SUR_007063.jpg,none_far,0.2635,0.0,0.422,0.5683
aihub_raw/surface/Surface_1/Surface_097/MP_SEL_SUR_007064.jpg,none,0.0,,,0.9571
aihub_raw/surface/Surface_1/Surface_097/MP_SEL_SUR_007065.jpg,none,0.0,,,0.2559
aihub_raw/surface/Surface_1/Surface_097/MP_SEL_SUR_007066.jpg,none_far,0.0017,0.141,0.159,0.6157
aihub_raw/surface/Surface_1/Surface_097/MP_SEL_SUR_007067.jpg,none,0.0,,,0.64
aihub_raw/surface/Surface_1/Surface_097/MP_SEL_SUR_007068.jpg,none,0.0,,,0.0
aihub_raw/surface/Surface_1/Surface_097/MP_SEL_SUR_007069.jpg,none,0.0,,,0.6663
aihub_raw/surface/Surface_1/Surface_097/MP_SEL_SUR_007070.jpg,none,0.0,,,0.0
aihub_raw/surface/Surface_1/Surface_097/MP_SEL_SUR_007071.jpg,none,0.0,,,0.8892
aihub_raw/surface/Surface_1/Surface_097/MP_SEL_SUR_007072.jpg,none,0.0,,,0.861
aihub_raw/surface/Surface_1/Surface_097/MP_SEL_SUR_007073.jpg,none,0.0,,,0.7013
aihub_raw/surface/Surface_1/Surface_097/MP_SEL_SUR_007074.jpg,none,0.0,,,0.0
aihub_raw/surface/Surface_1/Surface_097/MP_SEL_SUR_007075.jpg,none,0.0,,,0.9114
aihub_raw/surface/Surface_1/Surface_097/MP_SEL_SUR_007076.jpg,none,0.0,,,0.9595
aihub_raw/surface/Surface_1/Surface_097/MP_SEL_SUR_007077.jpg,none,0.0,,,0.0
aihub_raw/surface/Surface_1/Surface_097/MP_SEL_SUR_007078.jpg,none,0.0,,,0.8366
aihub_raw/surface/Surface_1/Surface_097/MP_SEL_SUR_007079.jpg,none,0.0,,,0.3726
aihub_raw/surface/Surface_1/Surface_097/MP_SEL_SUR_007080.jpg,none_far,0.0082,0.181,0.241,0.7966
aihub_raw/surface/Surface_1/Surface_097/MP_SEL_SUR_007081.jpg,none,0.0,,,0.0
aihub_raw/surface/Surface_1/Surface_097/MP_SEL_SUR_007082.jpg,none,0.0,,,0.8684
aihub_raw/surface/Surface_1/Surface_097/MP_SEL_SUR_007083.jpg,none_far,0.004,0.015,0.037,0.9182
aihub_raw/surface/Surface_1/Surface_097/MP_SEL_SUR_007084.jpg,none,0.0,,,0.9895
aihub_raw/surface/Surface_1/Surface_097/MP_SEL_SUR_007086.jpg,none,0.0,,,0.8437
aihub_raw/surface/Surface_1/Surface_097/MP_SEL_SUR_007087.jpg,none,0.0,,,0.9935
aihub_raw/surface/Surface_1/Surface_097/MP_SEL_SUR_007088.jpg,none_far,0.5869,0.0,0.593,0.4086
aihub_raw/surface/Surface_1/Surface_097/MP_SEL_SUR_007089.jpg,none,0.0,,,0.229
aihub_raw/surface/Surface_1/Surface_097/MP_SEL_SUR_007090.jpg,none,0.0,,,0.8352
aihub_raw/surface/Surface_1/Surface_097/MP_SEL_SUR_007091.jpg,none,0.0,,,0.8222
aihub_raw/surface/Surface_1/Surface_097/MP_SEL_SUR_007092.jpg,none,0.0,,,0.0
aihub_raw/surface/Surface_1/Surface_097/MP_SEL_SUR_007093.jpg,none,0.0,,,0.0
aihub_raw/surface/Surface_1/Surface_097/MP_SEL_SUR_007094.jpg,none,0.0,,,0.9389
aihub_raw/surface/Surface_1/Surface_097/MP_SEL_SUR_007095.jpg,none,0.0,,,0.989
aihub_raw/surface/Surface_1/Surface_097/MP_SEL_SUR_007096.jpg,none,0.0,,,1.0
aihub_raw/surface/Surface_1/Surface_097/MP_SEL_SUR_007097.jpg,none,0.0,,,0.0
aihub_raw/surface/Surface_1/Surface_097/MP_SEL_SUR_007098.jpg,none,0.0,,,0.9142
aihub_raw/surface/Surface_1/Surface_097/MP_SEL_SUR_007099.jpg,none,0.0,,,0.9872
aihub_raw/surface/Surface_1/Surface_097/MP_SEL_SUR_007100.jpg,none,0.0,,,0.0
aihub_raw/surface/Surface_1/Surface_097/MP_SEL_SUR_007101.jpg,none,0.0,,,0.0
aihub_raw/surface/Surface_1/Surface_097/MP_SEL_SUR_007102.jpg,none,0.0,,,0.9148
aihub_raw/surface/Surface_1/Surface_097/MP_SEL_SUR_007103.jpg,none,0.0,,,0.0
aihub_raw/surface/Surface_1/Surface_097/MP_SEL_SUR_007104.jpg,none,0.0,,,0.9325
aihub_raw/surface/Surface_1/Surface_098/MP_SEL_SUR_007105.jpg,none,0.0,,,1.0
aihub_raw/surface/Surface_1/Surface_098/MP_SEL_SUR_007106.jpg,none,0.0,,,0.996
aihub_raw/surface/Surface_1/Surface_098/MP_SEL_SUR_007107.jpg,none,0.0,,,0.0039
aihub_raw/surface/Surface_1/Surface_098/MP_SEL_SUR_007108.jpg,none,0.0,,,0.0
aihub_raw/surface/Surface_1/Surface_098/MP_SEL_SUR_007109.jpg,none,0.0,,,0.0
aihub_raw/surface/Surface_1/Surface_098/MP_SEL_SUR_007110.jpg,none,0.0,,,0.1742
aihub_raw/surface/Surface_1/Surface_098/MP_SEL_SUR_007111.jpg,none,0.0,,,0.9305
aihub_raw/surface/Surface_1/Surface_098/MP_SEL_SUR_007112.jpg,none,0.0,,,0.0
aihub_raw/surface/Surface_1/Surface_098/MP_SEL_SUR_007113.jpg,none,0.0,,,0.852
aihub_raw/surface/Surface_1/Surface_098/MP_SEL_SUR_007114.jpg,none,0.0,,,0.0139
aihub_raw/surface/Surface_1/Surface_098/MP_SEL_SUR_007115.jpg,none,0.0,,,0.0402
aihub_raw/surface/Surface_1/Surface_098/MP_SEL_SUR_007116.jpg,none,0.0,,,0.0
aihub_raw/surface/Surface_1/Surface_098/MP_SEL_SUR_007117.jpg,none,0.0,,,0.9936
aihub_raw/surface/Surface_1/Surface_098/MP_SEL_SUR_007118.jpg,none,0.0,,,0.9346
aihub_raw/surface/Surface_1/Surface_098/MP_SEL_SUR_007119.jpg,none,0.0,,,0.9757
aihub_raw/surface/Surface_1/Surface_098/MP_SEL_SUR_007120.jpg,none,0.0,,,1.0
aihub_raw/surface/Surface_1/Surface_098/MP_SEL_SUR_007121.jpg,none,0.0,,,1.0
aihub_raw/surface/Surface_1/Surface_098/MP_SEL_SUR_007122.jpg,none,0.0,,,0.0
aihub_raw/surface/Surface_1/Surface_098/MP_SEL_SUR_007123.jpg,none,0.0,,,0.0
aihub_raw/surface/Surface_1/Surface_098/MP_SEL_SUR_007124.jpg,none,0.0,,,0.97
aihub_raw/surface/Surface_1/Surface_098/MP_SEL_SUR_007125.jpg,none,0.0,,,0.0
aihub_raw/surface/Surface_1/Surface_098/MP_SEL_SUR_007126.jpg,approach,0.7492,0.0,0.785,0.2356
aihub_raw/surface/Surface_1/Surface_098/MP_SEL_SUR_007127.jpg,none,0.0,,,0.0
aihub_raw/surface/Surface_1/Surface_098/MP_SEL_SUR_007128.jpg,none,0.0,,,0.739
aihub_raw/surface/Surface_1/Surface_098/MP_SEL_SUR_007129.jpg,none,0.0,,,0.9223
aihub_raw/surface/Surface_1/Surface_098/MP_SEL_SUR_007130.jpg,none,0.0,,,0.8809
aihub_raw/surface/Surface_1/Surface_098/MP_SEL_SUR_007131.jpg,none,0.0,,,0.999
aihub_raw/surface/Surface_1/Surface_098/MP_SEL_SUR_007132.jpg,none,0.0,,,0.7533
aihub_raw/surface/Surface_1/Surface_098/MP_SEL_SUR_007133.jpg,none,0.0,,,0.0
aihub_raw/surface/Surface_1/Surface_098/MP_SEL_SUR_007134.jpg,none,0.0,,,0.8507
aihub_raw/surface/Surface_1/Surface_098/MP_SEL_SUR_007135.jpg,none,0.0,,,0.0
aihub_raw/surface/Surface_1/Surface_098/MP_SEL_SUR_007136.jpg,none_far,0.0023,0.0,0.022,0.995
aihub_raw/surface/Surface_1/Surface_098/MP_SEL_SUR_007137.jpg,none_far,0.0144,0.093,0.293,0.5378
aihub_raw/surface/Surface_1/Surface_098/MP_SEL_SUR_007138.jpg,none,0.0,,,0.8237
aihub_raw/surface/Surface_1/Surface_098/MP_SEL_SUR_007139.jpg,approach,0.4835,0.233,0.759,0.3685
aihub_raw/surface/Surface_1/Surface_098/MP_SEL_SUR_007140.jpg,none,0.0,,,0.882
aihub_raw/surface/Surface_1/Surface_098/MP_SEL_SUR_007141.jpg,none,0.0,,,0.0
aihub_raw/surface/Surface_1/Surface_098/MP_SEL_SUR_007142.jpg,none,0.0,,,0.1589
aihub_raw/surface/Surface_1/Surface_098/MP_SEL_SUR_007143.jpg,none,0.0,,,1.0
aihub_raw/surface/Surface_1/Surface_098/MP_SEL_SUR_007144.jpg,none,0.0,,,0.0
aihub_raw/surface/Surface_1/Surface_098/MP_SEL_SUR_007145.jpg,none,0.0,,,0.723
aihub_raw/surface/Surface_1/Surface_098/MP_SEL_SUR_007146.jpg,none,0.0,,,0.9995
aihub_raw/surface/Surface_1/Surface_098/MP_SEL_SUR_007148.jpg,none,0.0,,,0.9843
aihub_raw/surface/Surface_1/Surface_098/MP_SEL_SUR_007149.jpg,none,0.0,,,0.8732
aihub_raw/surface/Surface_1/Surface_098/MP_SEL_SUR_007150.jpg,none,0.0,,,0.022
aihub_raw/surface/Surface_1/Surface_098/MP_SEL_SUR_007151.jpg,none_far,0.4644,0.0,0.474,0.5267
aihub_raw/surface/Surface_1/Surface_098/MP_SEL_SUR_007152.jpg,none,0.0,,,0.0
aihub_raw/surface/Surface_1/Surface_098/MP_SEL_SUR_007153.jpg,none,0.0,,,0.9121
aihub_raw/surface/Surface_1/Surface_098/MP_SEL_SUR_007154.jpg,none,0.0,,,0.6623
aihub_raw/surface/Surface_1/Surface_098/MP_SEL_SUR_007155.jpg,none,0.0,,,0.8938
aihub_raw/surface/Surface_1/Surface_099/MP_SEL_SUR_007156.jpg,none,0.0,,,0.7003
aihub_raw/surface/Surface_1/Surface_099/MP_SEL_SUR_007157.jpg,none,0.0,,,0.0015
aihub_raw/surface/Surface_1/Surface_099/MP_SEL_SUR_007158.jpg,none,0.0,,,0.6549
aihub_raw/surface/Surface_1/Surface_099/MP_SEL_SUR_007159.jpg,none,0.0,,,1.0
aihub_raw/surface/Surface_1/Surface_099/MP_SEL_SUR_007161.jpg,none,0.0,,,0.0
aihub_raw/surface/Surface_1/Surface_099/MP_SEL_SUR_007162.jpg,none,0.0,,,0.9828
aihub_raw/surface/Surface_1/Surface_099/MP_SEL_SUR_007163.jpg,none,0.0,,,0.6954
aihub_raw/surface/Surface_1/Surface_099/MP_SEL_SUR_007164.jpg,none,0.0,,,0.9773
aihub_raw/surface/Surface_1/Surface_099/MP_SEL_SUR_007165.jpg,none,0.0,,,0.8958
aihub_raw/surface/Surface_1/Surface_099/MP_SEL_SUR_007166.jpg,none,0.0,,,0.0
aihub_raw/surface/Surface_1/Surface_099/MP_SEL_SUR_007167.jpg,none,0.0,,,0.0
aihub_raw/surface/Surface_1/Surface_099/MP_SEL_SUR_007168.jpg,none,0.0,,,0.0
aihub_raw/surface/Surface_1/Surface_099/MP_SEL_SUR_007170.jpg,none,0.0,,,0.9999
aihub_raw/surface/Surface_1/Surface_099/MP_SEL_SUR_007171.jpg,none,0.0,,,0.0082
aihub_raw/surface/Surface_1/Surface_099/MP_SEL_SUR_007172.jpg,none,0.0,,,0.0
aihub_raw/surface/Surface_1/Surface_099/MP_SEL_SUR_007173.jpg,none,0.0,,,0.0
aihub_raw/surface/Surface_1/Surface_099/MP_SEL_SUR_007174.jpg,none,0.0,,,0.9601
aihub_raw/surface/Surface_1/Surface_099/MP_SEL_SUR_007175.jpg,none,0.0,,,0.0
aihub_raw/surface/Surface_1/Surface_099/MP_SEL_SUR_007176.jpg,none,0.0,,,0.8733
aihub_raw/surface/Surface_1/Surface_099/MP_SEL_SUR_007177.jpg,none,0.0,,,0.9951
aihub_raw/surface/Surface_1/Surface_099/MP_SEL_SUR_007178.jpg,none,0.0,,,1.0
aihub_raw/surface/Surface_1/Surface_099/MP_SEL_SUR_007179.jpg,none,0.0,,,0.942
aihub_raw/surface/Surface_1/Surface_099/MP_SEL_SUR_007180.jpg,none,0.0,,,0.9181
aihub_raw/surface/Surface_1/Surface_099/MP_SEL_SUR_007181.jpg,none,0.0,,,0.0
aihub_raw/surface/Surface_1/Surface_099/MP_SEL_SUR_007182.jpg,none,0.0,,,0.833
aihub_raw/surface/Surface_1/Surface_099/MP_SEL_SUR_007183.jpg,none,0.0,,,0.6798
aihub_raw/surface/Surface_1/Surface_099/MP_SEL_SUR_007185.jpg,none,0.0,,,0.0
aihub_raw/surface/Surface_1/Surface_099/MP_SEL_SUR_007186.jpg,none,0.0,,,0.006
aihub_raw/surface/Surface_1/Surface_099/MP_SEL_SUR_007187.jpg,none,0.0,,,0.7808
aihub_raw/surface/Surface_1/Surface_099/MP_SEL_SUR_007188.jpg,none,0.0,,,0.0
aihub_raw/surface/Surface_1/Surface_099/MP_SEL_SUR_007189.jpg,none,0.0,,,0.7976
aihub_raw/surface/Surface_1/Surface_099/MP_SEL_SUR_007190.jpg,none_far,0.4268,0.022,0.581,0.5087
aihub_raw/surface/Surface_1/Surface_099/MP_SEL_SUR_007191.jpg,none,0.0,,,1.0
aihub_raw/surface/Surface_1/Surface_099/MP_SEL_SUR_007192.jpg,none,0.0,,,0.0003
aihub_raw/surface/Surface_1/Surface_099/MP_SEL_SUR_007193.jpg,none,0.0,,,0.9294
aihub_raw/surface/Surface_1/Surface_099/MP_SEL_SUR_007194.jpg,on,0.7513,0.081,1.0,0.0908
aihub_raw/surface/Surface_1/Surface_099/MP_SEL_SUR_007195.jpg,none,0.0,,,0.7141
aihub_raw/surface/Surface_1/Surface_099/MP_SEL_SUR_007196.jpg,none,0.0,,,0.8966
aihub_raw/surface/Surface_1/Surface_099/MP_SEL_SUR_007197.jpg,none,0.0,,,0.9796
aihub_raw/surface/Surface_1/Surface_099/MP_SEL_SUR_007198.jpg,none,0.0,,,0.7224
aihub_raw/surface/Surface_1/Surface_099/MP_SEL_SUR_007199.jpg,none,0.0,,,0.7737
aihub_raw/surface/Surface_1/Surface_099/MP_SEL_SUR_007200.jpg,none,0.0,,,0.0
aihub_raw/surface/Surface_1/Surface_099/MP_SEL_SUR_007201.jpg,none,0.0,,,0.8846
aihub_raw/surface/Surface_1/Surface_099/MP_SEL_SUR_007202.jpg,none,0.0,,,0.9018
aihub_raw/surface/Surface_1/Surface_099/MP_SEL_SUR_007203.jpg,none,0.0,,,0.804
aihub_raw/surface/Surface_1/Surface_099/MP_SEL_SUR_007204.jpg,none,0.0,,,0.0
aihub_raw/surface/Surface_1/Surface_099/MP_SEL_SUR_007205.jpg,none,0.0,,,1.0
aihub_raw/surface/Surface_1/Surface_099/MP_SEL_SUR_007206.jpg,none,0.0,,,0.9995
aihub_raw/surface/Surface_1/Surface_100/MP_SEL_SUR_007207.jpg,none,0.0,,,0.9878
aihub_raw/surface/Surface_1/Surface_100/MP_SEL_SUR_007208.jpg,none,0.0,,,1.0
aihub_raw/surface/Surface_1/Surface_100/MP_SEL_SUR_007209.jpg,none,0.0,,,0.8204
aihub_raw/surface/Surface_1/Surface_100/MP_SEL_SUR_007210.jpg,none,0.0,,,0.0007
aihub_raw/surface/Surface_1/Surface_100/MP_SEL_SUR_007211.jpg,none,0.0,,,0.0
aihub_raw/surface/Surface_1/Surface_100/MP_SEL_SUR_007212.jpg,none,0.0,,,0.0
aihub_raw/surface/Surface_1/Surface_100/MP_SEL_SUR_007213.jpg,none,0.0,,,0.9827
aihub_raw/surface/Surface_1/Surface_100/MP_SEL_SUR_007214.jpg,none,0.0,,,0.0
aihub_raw/surface/Surface_1/Surface_100/MP_SEL_SUR_007215.jpg,none,0.0,,,0.0
aihub_raw/surface/Surface_1/Surface_100/MP_SEL_SUR_007216.jpg,none,0.0,,,0.8353
aihub_raw/surface/Surface_1/Surface_100/MP_SEL_SUR_007217.jpg,none,0.0,,,0.8469
aihub_raw/surface/Surface_1/Surface_100/MP_SEL_SUR_007218.jpg,none,0.0,,,0.0
aihub_raw/surface/Surface_1/Surface_100/MP_SEL_SUR_007219.jpg,none,0.0,,,0.9364
aihub_raw/surface/Surface_1/Surface_100/MP_SEL_SUR_007220.jpg,none,0.0,,,0.9618
aihub_raw/surface/Surface_1/Surface_100/MP_SEL_SUR_007221.jpg,none,0.0,,,0.0
aihub_raw/surface/Surface_1/Surface_100/MP_SEL_SUR_007222.jpg,none,0.0,,,0.5654
aihub_raw/surface/Surface_1/Surface_100/MP_SEL_SUR_007223.jpg,none,0.0,,,0.9673
aihub_raw/surface/Surface_1/Surface_100/MP_SEL_SUR_007224.jpg,on,0.9274,0.0,1.0,0.0724
aihub_raw/surface/Surface_1/Surface_100/MP_SEL_SUR_007225.jpg,none,0.0,,,0.7696
aihub_raw/surface/Surface_1/Surface_100/MP_SEL_SUR_007226.jpg,none,0.0,,,0.9047
aihub_raw/surface/Surface_1/Surface_100/MP_SEL_SUR_007227.jpg,none,0.0,,,0.964
aihub_raw/surface/Surface_1/Surface_100/MP_SEL_SUR_007228.jpg,none,0.0,,,0.2084
aihub_raw/surface/Surface_1/Surface_100/MP_SEL_SUR_007229.jpg,none,0.0,,,0.2988
aihub_raw/surface/Surface_1/Surface_100/MP_SEL_SUR_007230.jpg,none,0.0,,,1.0
aihub_raw/surface/Surface_1/Surface_100/MP_SEL_SUR_007231.jpg,none,0.0,,,0.9969
aihub_raw/surface/Surface_1/Surface_100/MP_SEL_SUR_007232.jpg,approach,0.6682,0.0,0.674,0.3277
aihub_raw/surface/Surface_1/Surface_100/MP_SEL_SUR_007233.jpg,none,0.0,,,0.0
aihub_raw/surface/Surface_1/Surface_100/MP_SEL_SUR_007234.jpg,none,0.0,,,0.8188
aihub_raw/surface/Surface_1/Surface_100/MP_SEL_SUR_007235.jpg,none_far,0.0245,0.059,0.285,0.7621
aihub_raw/surface/Surface_1/Surface_100/MP_SEL_SUR_007236.jpg,none,0.0,,,0.284
aihub_raw/surface/Surface_1/Surface_100/MP_SEL_SUR_007237.jpg,none,0.0,,,0.9498
aihub_raw/surface/Surface_1/Surface_100/MP_SEL_SUR_007238.jpg,none,0.0,,,0.9582
aihub_raw/surface/Surface_1/Surface_100/MP_SEL_SUR_007239.jpg,none,0.0,,,0.6287
aihub_raw/surface/Surface_1/Surface_100/MP_SEL_SUR_007240.jpg,none,0.0,,,0.7066
aihub_raw/surface/Surface_1/Surface_100/MP_SEL_SUR_007241.jpg,none,0.0,,,0.9914
aihub_raw/surface/Surface_1/Surface_100/MP_SEL_SUR_007242.jpg,none,0.0,,,0.0
aihub_raw/surface/Surface_1/Surface_100/MP_SEL_SUR_007243.jpg,none,0.0,,,0.9514
aihub_raw/surface/Surface_1/Surface_100/MP_SEL_SUR_007244.jpg,none,0.0,,,0.8938
aihub_raw/surface/Surface_1/Surface_100/MP_SEL_SUR_007245.jpg,none,0.0,,,0.8935
aihub_raw/surface/Surface_1/Surface_100/MP_SEL_SUR_007246.jpg,none,0.0,,,0.9667
aihub_raw/surface/Surface_1/Surface_100/MP_SEL_SUR_007247.jpg,none,0.0,,,0.8144
aihub_raw/surface/Surface_1/Surface_100/MP_SEL_SUR_007248.jpg,none,0.0,,,0.0
aihub_raw/surface/Surface_1/Surface_100/MP_SEL_SUR_007249.jpg,none,0.0,,,0.9697
aihub_raw/surface/Surface_1/Surface_100/MP_SEL_SUR_007250.jpg,none,0.0,,,0.0
aihub_raw/surface/Surface_1/Surface_100/MP_SEL_SUR_007251.jpg,none,0.0,,,0.9558
aihub_raw/surface/Surface_1/Surface_100/MP_SEL_SUR_007252.jpg,none,0.0,,,0.0
aihub_raw/surface/Surface_1/Surface_100/MP_SEL_SUR_007253.jpg,none,0.0,,,0.0
aihub_raw/surface/Surface_1/Surface_100/MP_SEL_SUR_007254.jpg,none,0.0,,,0.8783
aihub_raw/surface/Surface_1/Surface_100/MP_SEL_SUR_007255.jpg,none,0.0,,,0.0097
aihub_raw/surface/Surface_1/Surface_100/MP_SEL_SUR_007256.jpg,none,0.0,,,0.6321
aihub_raw/surface/Surface_1/Surface_101/MP_SEL_SUR_007822.jpg,none,0.0,,,0.9536
aihub_raw/surface/Surface_1/Surface_101/MP_SEL_SUR_007823.jpg,none,0.0,,,0.7006
aihub_raw/surface/Surface_1/Surface_101/MP_SEL_SUR_007824.jpg,none,0.0,,,0.8927
aihub_raw/surface/Surface_1/Surface_101/MP_SEL_SUR_007825.jpg,none,0.0,,,0.9968
aihub_raw/surface/Surface_1/Surface_101/MP_SEL_SUR_007826.jpg,none_far,0.0126,0.0,0.156,0.943
aihub_raw/surface/Surface_1/Surface_101/MP_SEL_SUR_007827.jpg,none,0.0,,,0.794
aihub_raw/surface/Surface_1/Surface_101/MP_SEL_SUR_007828.jpg,on,0.7548,0.207,1.0,0.0454
aihub_raw/surface/Surface_1/Surface_101/MP_SEL_SUR_007829.jpg,none,0.0,,,0.9593
aihub_raw/surface/Surface_1/Surface_101/MP_SEL_SUR_007830.jpg,none,0.0,,,0.7912
aihub_raw/surface/Surface_1/Surface_101/MP_SEL_SUR_007832.jpg,none_far,0.0019,0.104,0.115,0.3733
aihub_raw/surface/Surface_1/Surface_101/MP_SEL_SUR_007833.jpg,none,0.0,,,0.942
aihub_raw/surface/Surface_1/Surface_101/MP_SEL_SUR_007834.jpg,none,0.0,,,0.6479
aihub_raw/surface/Surface_1/Surface_101/MP_SEL_SUR_007835.jpg,none,0.0,,,0.0
aihub_raw/surface/Surface_1/Surface_101/MP_SEL_SUR_007836.jpg,none,0.0,,,0.0014
aihub_raw/surface/Surface_1/Surface_101/MP_SEL_SUR_007837.jpg,none,0.0,,,0.9551
aihub_raw/surface/Surface_1/Surface_101/MP_SEL_SUR_007838.jpg,on,1.0,0.0,1.0,0.0
aihub_raw/surface/Surface_1/Surface_101/MP_SEL_SUR_007839.jpg,none,0.0,,,0.0
aihub_raw/surface/Surface_1/Surface_101/MP_SEL_SUR_007840.jpg,none,0.0,,,0.3232
aihub_raw/surface/Surface_1/Surface_101/MP_SEL_SUR_007841.jpg,none,0.0,,,0.0
aihub_raw/surface/Surface_1/Surface_101/MP_SEL_SUR_007842.jpg,none,0.0,,,0.7477
aihub_raw/surface/Surface_1/Surface_101/MP_SEL_SUR_007843.jpg,none,0.0,,,0.0
aihub_raw/surface/Surface_1/Surface_101/MP_SEL_SUR_007844.jpg,none,0.0,,,0.0
aihub_raw/surface/Surface_1/Surface_101/MP_SEL_SUR_007845.jpg,none,0.0,,,0.0
aihub_raw/surface/Surface_1/Surface_101/MP_SEL_SUR_007846.jpg,none,0.0,,,0.0
aihub_raw/surface/Surface_1/Surface_101/MP_SEL_SUR_007847.jpg,none,0.0,,,0.9514
aihub_raw/surface/Surface_1/Surface_101/MP_SEL_SUR_007848.jpg,none,0.0,,,0.0
aihub_raw/surface/Surface_1/Surface_101/MP_SEL_SUR_007849.jpg,none,0.0,,,0.0
aihub_raw/surface/Surface_1/Surface_101/MP_SEL_SUR_007850.jpg,none,0.0,,,0.9858
aihub_raw/surface/Surface_1/Surface_101/MP_SEL_SUR_007851.jpg,none,0.0,,,0.9377
aihub_raw/surface/Surface_1/Surface_101/MP_SEL_SUR_007852.jpg,none,0.0,,,0.7677
aihub_raw/surface/Surface_1/Surface_101/MP_SEL_SUR_007853.jpg,none_far,0.0649,0.0,0.178,0.8608
aihub_raw/surface/Surface_1/Surface_101/MP_SEL_SUR_007854.jpg,none,0.0,,,0.8907
aihub_raw/surface/Surface_1/Surface_101/MP_SEL_SUR_007856.jpg,none,0.0,,,0.5343
aihub_raw/surface/Surface_1/Surface_101/MP_SEL_SUR_007857.jpg,none,0.0,,,0.6239
aihub_raw/surface/Surface_1/Surface_101/MP_SEL_SUR_007858.jpg,none,0.0,,,0.92
aihub_raw/surface/Surface_1/Surface_101/MP_SEL_SUR_007859.jpg,none,0.0,,,0.653
aihub_raw/surface/Surface_1/Surface_101/MP_SEL_SUR_007860.jpg,none,0.0,,,0.9983
aihub_raw/surface/Surface_1/Surface_101/MP_SEL_SUR_007861.jpg,none,0.0,,,0.8681
aihub_raw/surface/Surface_1/Surface_101/MP_SEL_SUR_007862.jpg,none,0.0,,,0.0
aihub_raw/surface/Surface_1/Surface_101/MP_SEL_SUR_007863.jpg,none,0.0,,,0.7352
aihub_raw/surface/Surface_1/Surface_101/MP_SEL_SUR_007865.jpg,none,0.0,,,0.0
aihub_raw/surface/Surface_1/Surface_101/MP_SEL_SUR_007866.jpg,none,0.0,,,0.6822
aihub_raw/surface/Surface_1/Surface_101/MP_SEL_SUR_007867.jpg,none,0.0,,,0.89
aihub_raw/surface/Surface_1/Surface_101/MP_SEL_SUR_007868.jpg,none,0.0,,,0.0
aihub_raw/surface/Surface_1/Surface_101/MP_SEL_SUR_007869.jpg,none_far,0.0021,0.215,0.256,0.8431
aihub_raw/surface/Surface_1/Surface_101/MP_SEL_SUR_007870.jpg,none,0.0,,,0.5083
aihub_raw/surface/Surface_1/Surface_101/MP_SEL_SUR_007871.jpg,none,0.0,,,1.0
aihub_raw/surface/Surface_1/Surface_101/MP_SEL_SUR_007872.jpg,none,0.0,,,0.6574
aihub_raw/surface/Surface_1/Surface_101/MP_SEL_SUR_007873.jpg,none,0.0,,,0.9601
aihub_raw/surface/Surface_1/Surface_101/MP_SEL_SUR_007874.jpg,none,0.0,,,0.5816
aihub_raw/surface/Surface_1/Surface_101/MP_SEL_SUR_007875.jpg,none,0.0,,,0.0
aihub_raw/surface/Surface_1/Surface_101/MP_SEL_SUR_007876.jpg,on,0.8764,0.033,1.0,0.024
aihub_raw/surface/Surface_1/Surface_101/MP_SEL_SUR_007877.jpg,none,0.0,,,0.6496
aihub_raw/surface/Surface_1/Surface_101/MP_SEL_SUR_007878.jpg,none,0.0,,,0.6276
aihub_raw/surface/Surface_1/Surface_101/MP_SEL_SUR_007879.jpg,none,0.0,,,0.0187
aihub_raw/surface/Surface_1/Surface_101/MP_SEL_SUR_007880.jpg,none,0.0,,,0.9963
aihub_raw/surface/Surface_1/Surface_101/MP_SEL_SUR_007881.jpg,none,0.0,,,0.8082
aihub_raw/surface/Surface_1/Surface_101/MP_SEL_SUR_007882.jpg,none,0.0,,,0.8653
aihub_raw/surface/Surface_1/Surface_101/MP_SEL_SUR_007883.jpg,none,0.0,,,0.8457
aihub_raw/surface/Surface_1/Surface_101/MP_SEL_SUR_007884.jpg,none,0.0,,,0.8931
aihub_raw/surface/Surface_1/Surface_101/MP_SEL_SUR_007885.jpg,none,0.0,,,0.5885
aihub_raw/surface/Surface_1/Surface_101/MP_SEL_SUR_007886.jpg,none,0.0,,,0.0
aihub_raw/surface/Surface_1/Surface_101/MP_SEL_SUR_007887.jpg,none,0.0,,,0.9771
aihub_raw/surface/Surface_1/Surface_101/MP_SEL_SUR_007888.jpg,none,0.0,,,0.972
aihub_raw/surface/Surface_1/Surface_101/MP_SEL_SUR_007889.jpg,none_far,0.0138,0.089,0.241,0.925
aihub_raw/surface/Surface_1/Surface_101/MP_SEL_SUR_007891.jpg,none,0.0,,,0.9096
aihub_raw/surface/Surface_1/Surface_101/MP_SEL_SUR_007892.jpg,none,0.0,,,0.7091
aihub_raw/surface/Surface_1/Surface_101/MP_SEL_SUR_007893.jpg,none,0.0,,,0.7294
aihub_raw/surface/Surface_1/Surface_101/MP_SEL_SUR_007894.jpg,none,0.0,,,0.0
aihub_raw/surface/Surface_1/Surface_101/MP_SEL_SUR_007895.jpg,none,0.0,,,0.7558
aihub_raw/surface/Surface_1/Surface_101/MP_SEL_SUR_007896.jpg,none,0.0,,,0.8445
aihub_raw/surface/Surface_1/Surface_101/MP_SEL_SUR_007897.jpg,none,0.0,,,0.9466
aihub_raw/surface/Surface_1/Surface_101/MP_SEL_SUR_007899.jpg,none,0.0,,,0.8739
aihub_raw/surface/Surface_1/Surface_101/MP_SEL_SUR_007900.jpg,none,0.0,,,0.8348
aihub_raw/surface/Surface_1/Surface_101/MP_SEL_SUR_007901.jpg,none,0.0,,,0.7363
aihub_raw/surface/Surface_1/Surface_101/MP_SEL_SUR_007902.jpg,on,0.9846,0.0,1.0,0.0
aihub_raw/surface/Surface_1/Surface_102/MP_SEL_SUR_007903.jpg,none,0.0,,,0.7662
aihub_raw/surface/Surface_1/Surface_102/MP_SEL_SUR_007904.jpg,none,0.0,,,0.143
aihub_raw/surface/Surface_1/Surface_102/MP_SEL_SUR_007905.jpg,none,0.0,,,0.0
aihub_raw/surface/Surface_1/Surface_102/MP_SEL_SUR_007906.jpg,none,0.0,,,0.0
aihub_raw/surface/Surface_1/Surface_102/MP_SEL_SUR_007907.jpg,none,0.0,,,0.9992
aihub_raw/surface/Surface_1/Surface_102/MP_SEL_SUR_007908.jpg,none,0.0,,,0.6464
aihub_raw/surface/Surface_1/Surface_102/MP_SEL_SUR_007909.jpg,none,0.0,,,0.0
aihub_raw/surface/Surface_1/Surface_102/MP_SEL_SUR_007910.jpg,none,0.0,,,0.0
aihub_raw/surface/Surface_1/Surface_102/MP_SEL_SUR_007911.jpg,none,0.0,,,0.9991
aihub_raw/surface/Surface_1/Surface_102/MP_SEL_SUR_007912.jpg,none_far,0.001,0.0,0.011,0.9637
aihub_raw/surface/Surface_1/Surface_102/MP_SEL_SUR_007913.jpg,none,0.0,,,0.9472
aihub_raw/surface/Surface_1/Surface_102/MP_SEL_SUR_007914.jpg,none,0.0,,,0.0
aihub_raw/surface/Surface_1/Surface_102/MP_SEL_SUR_007915.jpg,none,0.0,,,0.5995
aihub_raw/surface/Surface_1/Surface_102/MP_SEL_SUR_007916.jpg,none,0.0,,,0.4407
aihub_raw/surface/Surface_1/Surface_102/MP_SEL_SUR_007917.jpg,none,0.0,,,0.0
aihub_raw/surface/Surface_1/Surface_102/MP_SEL_SUR_007920.jpg,none,0.0,,,0.1967
aihub_raw/surface/Surface_1/Surface_102/MP_SEL_SUR_007921.jpg,none,0.0,,,0.861
aihub_raw/surface/Surface_1/Surface_102/MP_SEL_SUR_007922.jpg,none,0.0,,,0.9404
aihub_raw/surface/Surface_1/Surface_102/MP_SEL_SUR_007923.jpg,none,0.0,,,0.7283
aihub_raw/surface/Surface_1/Surface_102/MP_SEL_SUR_007924.jpg,none,0.0,,,0.0
aihub_raw/surface/Surface_1/Surface_102/MP_SEL_SUR_007925.jpg,none,0.0,,,0.0
aihub_raw/surface/Surface_1/Surface_102/MP_SEL_SUR_007926.jpg,none,0.0,,,0.9762
aihub_raw/surface/Surface_1/Surface_102/MP_SEL_SUR_007927.jpg,none_far,0.0799,0.0,0.226,0.8079
aihub_raw/surface/Surface_1/Surface_102/MP_SEL_SUR_007928.jpg,none,0.0,,,0.7806
aihub_raw/surface/Surface_1/Surface_102/MP_SEL_SUR_007929.jpg,none,0.0,,,0.0
aihub_raw/surface/Surface_1/Surface_102/MP_SEL_SUR_007930.jpg,none,0.0,,,0.9927
aihub_raw/surface/Surface_1/Surface_102/MP_SEL_SUR_007931.jpg,none,0.0,,,0.9537
aihub_raw/surface/Surface_1/Surface_102/MP_SEL_SUR_007932.jpg,none,0.0,,,0.8521
aihub_raw/surface/Surface_1/Surface_102/MP_SEL_SUR_007933.jpg,none,0.0,,,0.6681
aihub_raw/surface/Surface_1/Surface_102/MP_SEL_SUR_007934.jpg,none,0.0,,,1.0
aihub_raw/surface/Surface_1/Surface_102/MP_SEL_SUR_007935.jpg,none_far,0.0218,0.13,0.215,0.7226
aihub_raw/surface/Surface_1/Surface_102/MP_SEL_SUR_007936.jpg,none,0.0,,,0.8761
aihub_raw/surface/Surface_1/Surface_102/MP_SEL_SUR_007937.jpg,none,0.0,,,0.8386
aihub_raw/surface/Surface_1/Surface_102/MP_SEL_SUR_007938.jpg,none,0.0,,,0.95
aihub_raw/surface/Surface_1/Surface_102/MP_SEL_SUR_007939.jpg,on,0.7647,0.189,1.0,0.1343
aihub_raw/surface/Surface_1/Surface_102/MP_SEL_SUR_007940.jpg,none,0.0,,,0.9391
aihub_raw/surface/Surface_1/Surface_102/MP_SEL_SUR_007941.jpg,none,0.0,,,0.0
aihub_raw/surface/Surface_1/Surface_102/MP_SEL_SUR_007942.jpg,none,0.0,,,0.0
aihub_raw/surface/Surface_1/Surface_102/MP_SEL_SUR_007943.jpg,none,0.0,,,0.0
aihub_raw/surface/Surface_1/Surface_102/MP_SEL_SUR_007944.jpg,none,0.0,,,0.9414
aihub_raw/surface/Surface_1/Surface_102/MP_SEL_SUR_007945.jpg,none,0.0,,,0.0
aihub_raw/surface/Surface_1/Surface_102/MP_SEL_SUR_007946.jpg,none,0.0,,,0.0
aihub_raw/surface/Surface_1/Surface_102/MP_SEL_SUR_007947.jpg,none,0.0,,,0.8393
aihub_raw/surface/Surface_1/Surface_102/MP_SEL_SUR_007948.jpg,none,0.0,,,0.9896
aihub_raw/surface/Surface_1/Surface_102/MP_SEL_SUR_007950.jpg,none,0.0,,,0.6186
aihub_raw/surface/Surface_1/Surface_102/MP_SEL_SUR_007951.jpg,none,0.0,,,0.9451
aihub_raw/surface/Surface_1/Surface_102/MP_SEL_SUR_007952.jpg,none,0.0,,,0.0
aihub_raw/surface/Surface_1/Surface_102/MP_SEL_SUR_007953.jpg,none,0.0,,,0.0
aihub_raw/surface/Surface_1/Surface_102/MP_SEL_SUR_007954.jpg,none,0.0,,,0.8869
aihub_raw/surface/Surface_1/Surface_102/MP_SEL_SUR_007955.jpg,none,0.0,,,0.9536
aihub_raw/surface/Surface_1/Surface_102/MP_SEL_SUR_007956.jpg,none,0.0,,,0.947
aihub_raw/surface/Surface_1/Surface_102/MP_SEL_SUR_007957.jpg,none,0.0,,,0.7007
aihub_raw/surface/Surface_1/Surface_102/MP_SEL_SUR_007958.jpg,none,0.0,,,0.0
aihub_raw/surface/Surface_1/Surface_102/MP_SEL_SUR_007959.jpg,none,0.0,,,0.0
aihub_raw/surface/Surface_1/Surface_102/MP_SEL_SUR_007960.jpg,none,0.0,,,0.7773
aihub_raw/surface/Surface_1/Surface_102/MP_SEL_SUR_007961.jpg,none_far,0.0114,0.0,0.048,0.8122
aihub_raw/surface/Surface_1/Surface_102/MP_SEL_SUR_007962.jpg,none,0.0,,,0.0
aihub_raw/surface/Surface_1/Surface_102/MP_SEL_SUR_007963.jpg,none,0.0,,,0.8535
aihub_raw/surface/Surface_1/Surface_102/MP_SEL_SUR_007964.jpg,none,0.0,,,1.0
aihub_raw/surface/Surface_1/Surface_102/MP_SEL_SUR_007965.jpg,none,0.0,,,0.1607
aihub_raw/surface/Surface_1/Surface_102/MP_SEL_SUR_007966.jpg,none,0.0,,,0.9316
aihub_raw/surface/Surface_1/Surface_102/MP_SEL_SUR_007969.jpg,none,0.0,,,0.9351
aihub_raw/surface/Surface_1/Surface_102/MP_SEL_SUR_007970.jpg,none,0.0,,,0.9522
aihub_raw/surface/Surface_1/Surface_102/MP_SEL_SUR_007971.jpg,none,0.0,,,0.6482
aihub_raw/surface/Surface_1/Surface_102/MP_SEL_SUR_007972.jpg,none,0.0,,,0.7851
aihub_raw/surface/Surface_1/Surface_102/MP_SEL_SUR_007973.jpg,none,0.0,,,0.6692
aihub_raw/surface/Surface_1/Surface_102/MP_SEL_SUR_007975.jpg,none,0.0,,,0.993
aihub_raw/surface/Surface_1/Surface_102/MP_SEL_SUR_007977.jpg,none,0.0,,,0.863
aihub_raw/surface/Surface_1/Surface_102/MP_SEL_SUR_007978.jpg,none,0.0,,,0.9274
aihub_raw/surface/Surface_1/Surface_102/MP_SEL_SUR_007979.jpg,none,0.0,,,0.7784
aihub_raw/surface/Surface_1/Surface_102/MP_SEL_SUR_007980.jpg,none,0.0,,,0.0
aihub_raw/surface/Surface_1/Surface_102/MP_SEL_SUR_007981.jpg,none,0.0,,,0.0
aihub_raw/surface/Surface_1/Surface_102/MP_SEL_SUR_007982.jpg,none,0.0,,,0.8422
aihub_raw/surface/Surface_1/Surface_102/MP_SEL_SUR_007983.jpg,approach,0.5693,0.0,0.73,0.3553
aihub_raw/surface/Surface_1/Surface_102/MP_SEL_SUR_007984.jpg,none,0.0,,,0.003
aihub_raw/surface/Surface_1/Surface_103/MP_SEL_SUR_007985.jpg,none,0.0,,,0.9275
aihub_raw/surface/Surface_1/Surface_103/MP_SEL_SUR_007986.jpg,none,0.0,,,0.0
aihub_raw/surface/Surface_1/Surface_103/MP_SEL_SUR_007987.jpg,none,0.0,,,0.0
aihub_raw/surface/Surface_1/Surface_103/MP_SEL_SUR_007988.jpg,on,0.6135,0.104,1.0,0.0067
aihub_raw/surface/Surface_1/Surface_103/MP_SEL_SUR_007989.jpg,none,0.0,,,0.2414
aihub_raw/surface/Surface_1/Surface_103/MP_SEL_SUR_007990.jpg,none,0.0,,,0.9905
aihub_raw/surface/Surface_1/Surface_103/MP_SEL_SUR_007991.jpg,none,0.0,,,0.988
aihub_raw/surface/Surface_1/Surface_103/MP_SEL_SUR_007992.jpg,none,0.0,,,0.8731
aihub_raw/surface/Surface_1/Surface_103/MP_SEL_SUR_007993.jpg,none,0.0,,,0.0071
aihub_raw/surface/Surface_1/Surface_103/MP_SEL_SUR_007994.jpg,none,0.0,,,0.0
aihub_raw/surface/Surface_1/Surface_103/MP_SEL_SUR_007995.jpg,none,0.0,,,0.7885
aihub_raw/surface/Surface_1/Surface_103/MP_SEL_SUR_007996.jpg,none,0.0,,,0.8875
aihub_raw/surface/Surface_1/Surface_103/MP_SEL_SUR_007997.jpg,none,0.0,,,0.3799
aihub_raw/surface/Surface_1/Surface_103/MP_SEL_SUR_007998.jpg,none,0.0,,,0.0
aihub_raw/surface/Surface_1/Surface_103/MP_SEL_SUR_007999.jpg,none_far,0.0053,0.141,0.17,0.6491
aihub_raw/surface/Surface_1/Surface_103/MP_SEL_SUR_008000.jpg,none,0.0,,,0.9229
aihub_raw/surface/Surface_1/Surface_103/MP_SEL_SUR_008001.jpg,none,0.0,,,0.9435
aihub_raw/surface/Surface_1/Surface_103/MP_SEL_SUR_008002.jpg,none,0.0,,,0.9778
aihub_raw/surface/Surface_1/Surface_103/MP_SEL_SUR_008003.jpg,none,0.0,,,0.3204
aihub_raw/surface/Surface_1/Surface_103/MP_SEL_SUR_008004.jpg,none,0.0,,,0.7463
aihub_raw/surface/Surface_1/Surface_103/MP_SEL_SUR_008005.jpg,none,0.0,,,0.0
aihub_raw/surface/Surface_1/Surface_103/MP_SEL_SUR_008006.jpg,none,0.0,,,0.9711
aihub_raw/surface/Surface_1/Surface_103/MP_SEL_SUR_008007.jpg,none,0.0,,,0.8729
aihub_raw/surface/Surface_1/Surface_103/MP_SEL_SUR_008008.jpg,none,0.0,,,0.9249
aihub_raw/surface/Surface_1/Surface_103/MP_SEL_SUR_008009.jpg,none,0.0,,,0.828
aihub_raw/surface/Surface_1/Surface_103/MP_SEL_SUR_008010.jpg,none,0.0,,,0.9982
aihub_raw/surface/Surface_1/Surface_103/MP_SEL_SUR_008011.jpg,none,0.0,,,0.3975
aihub_raw/surface/Surface_1/Surface_103/MP_SEL_SUR_008012.jpg,none,0.0,,,0.8578
aihub_raw/surface/Surface_1/Surface_103/MP_SEL_SUR_008013.jpg,none,0.0,,,0.0
aihub_raw/surface/Surface_1/Surface_103/MP_SEL_SUR_008014.jpg,on,0.9328,0.0,1.0,0.0
aihub_raw/surface/Surface_1/Surface_103/MP_SEL_SUR_008015.jpg,none,0.0,,,0.8472
aihub_raw/surface/Surface_1/Surface_103/MP_SEL_SUR_008016.jpg,none,0.0,,,0.1747
aihub_raw/surface/Surface_1/Surface_103/MP_SEL_SUR_008017.jpg,none_far,0.0061,0.0,0.037,0.8717
aihub_raw/surface/Surface_1/Surface_103/MP_SEL_SUR_008018.jpg,none,0.0,,,0.0
aihub_raw/surface/Surface_1/Surface_103/MP_SEL_SUR_008019.jpg,none,0.0,,,0.0
aihub_raw/surface/Surface_1/Surface_103/MP_SEL_SUR_008020.jpg,none,0.0,,,0.0
aihub_raw/surface/Surface_1/Surface_103/MP_SEL_SUR_008021.jpg,none,0.0,,,0.9574
aihub_raw/surface/Surface_1/Surface_103/MP_SEL_SUR_008022.jpg,none,0.0,,,0.0
aihub_raw/surface/Surface_1/Surface_103/MP_SEL_SUR_008023.jpg,none,0.0,,,0.0
aihub_raw/surface/Surface_1/Surface_103/MP_SEL_SUR_008024.jpg,none,0.0,,,0.7436
aihub_raw/surface/Surface_1/Surface_103/MP_SEL_SUR_008025.jpg,none,0.0,,,0.7983
aihub_raw/surface/Surface_1/Surface_103/MP_SEL_SUR_008026.jpg,none,0.0,,,0.0529
aihub_raw/surface/Surface_1/Surface_103/MP_SEL_SUR_008027.jpg,none,0.0,,,0.9739
aihub_raw/surface/Surface_1/Surface_103/MP_SEL_SUR_008028.jpg,none,0.0,,,0.8627
aihub_raw/surface/Surface_1/Surface_103/MP_SEL_SUR_008029.jpg,none,0.0,,,0.9939
aihub_raw/surface/Surface_1/Surface_103/MP_SEL_SUR_008030.jpg,none,0.0,,,0.0
aihub_raw/surface/Surface_1/Surface_103/MP_SEL_SUR_008031.jpg,none,0.0,,,0.0
aihub_raw/surface/Surface_1/Surface_103/MP_SEL_SUR_008032.jpg,none,0.0,,,0.0
aihub_raw/surface/Surface_1/Surface_103/MP_SEL_SUR_008033.jpg,none,0.0,,,0.8282
aihub_raw/surface/Surface_1/Surface_103/MP_SEL_SUR_008034.jpg,none,0.0,,,0.0726
aihub_raw/surface/Surface_1/Surface_103/MP_SEL_SUR_008035.jpg,none,0.0,,,0.0
aihub_raw/surface/Surface_1/Surface_103/MP_SEL_SUR_008036.jpg,none_far,0.4988,0.0,0.544,0.4748
aihub_raw/surface/Surface_1/Surface_103/MP_SEL_SUR_008037.jpg,none,0.0,,,0.9561
aihub_raw/surface/Surface_1/Surface_103/MP_SEL_SUR_008038.jpg,none,0.0,,,0.0
aihub_raw/surface/Surface_1/Surface_103/MP_SEL_SUR_008039.jpg,on,0.8942,0.059,1.0,0.0475
aihub_raw/surface/Surface_1/Surface_103/MP_SEL_SUR_008040.jpg,none,0.0,,,0.6915
aihub_raw/surface/Surface_1/Surface_103/MP_SEL_SUR_008041.jpg,none,0.0,,,0.8227
aihub_raw/surface/Surface_1/Surface_103/MP_SEL_SUR_008042.jpg,none,0.0,,,0.8615
aihub_raw/surface/Surface_1/Surface_103/MP_SEL_SUR_008043.jpg,none,0.0,,,0.0
aihub_raw/surface/Surface_1/Surface_103/MP_SEL_SUR_008044.jpg,none,0.0,,,0.5488
aihub_raw/surface/Surface_1/Surface_103/MP_SEL_SUR_008045.jpg,none,0.0,,,0.7505
aihub_raw/surface/Surface_1/Surface_103/MP_SEL_SUR_008046.jpg,none,0.0,,,0.9397
aihub_raw/surface/Surface_1/Surface_103/MP_SEL_SUR_008047.jpg,none_far,0.0227,0.0,0.037,0.0
aihub_raw/surface/Surface_1/Surface_103/MP_SEL_SUR_008048.jpg,none,0.0,,,0.7914
aihub_raw/surface/Surface_1/Surface_103/MP_SEL_SUR_008049.jpg,none,0.0,,,0.0
aihub_raw/surface/Surface_1/Surface_103/MP_SEL_SUR_008050.jpg,none,0.0,,,0.8939
aihub_raw/surface/Surface_1/Surface_103/MP_SEL_SUR_008051.jpg,none,0.0,,,0.9136
aihub_raw/surface/Surface_1/Surface_103/MP_SEL_SUR_008052.jpg,none,0.0,,,0.8638
aihub_raw/surface/Surface_1/Surface_103/MP_SEL_SUR_008053.jpg,none,0.0,,,0.9606
aihub_raw/surface/Surface_1/Surface_103/MP_SEL_SUR_008054.jpg,none,0.0,,,0.0
aihub_raw/surface/Surface_1/Surface_103/MP_SEL_SUR_008055.jpg,none,0.0,,,0.0
aihub_raw/surface/Surface_1/Surface_103/MP_SEL_SUR_008056.jpg,none,0.0,,,0.9085
aihub_raw/surface/Surface_1/Surface_103/MP_SEL_SUR_008057.jpg,none,0.0,,,0.0
aihub_raw/surface/Surface_1/Surface_103/MP_SEL_SUR_008058.jpg,none_far,0.0663,0.033,0.181,0.3083
aihub_raw/surface/Surface_1/Surface_103/MP_SEL_SUR_008059.jpg,none,0.0,,,0.7147
aihub_raw/surface/Surface_1/Surface_103/MP_SEL_SUR_008060.jpg,none,0.0,,,0.8787
aihub_raw/surface/Surface_1/Surface_103/MP_SEL_SUR_008061.jpg,none,0.0,,,0.0
aihub_raw/surface/Surface_1/Surface_103/MP_SEL_SUR_008062.jpg,none,0.0,,,0.9809
aihub_raw/surface/Surface_1/Surface_103/MP_SEL_SUR_008063.jpg,none,0.0,,,0.7408
aihub_raw/surface/Surface_1/Surface_103/MP_SEL_SUR_008064.jpg,none,0.0,,,0.0
aihub_raw/surface/Surface_1/Surface_104/MP_SEL_SUR_008065.jpg,none,0.0,,,0.7966
aihub_raw/surface/Surface_1/Surface_104/MP_SEL_SUR_008066.jpg,none,0.0,,,0.0
aihub_raw/surface/Surface_1/Surface_104/MP_SEL_SUR_008067.jpg,none,0.0,,,0.0
aihub_raw/surface/Surface_1/Surface_104/MP_SEL_SUR_008068.jpg,none,0.0,,,0.0
aihub_raw/surface/Surface_1/Surface_104/MP_SEL_SUR_008069.jpg,none,0.0,,,1.0
aihub_raw/surface/Surface_1/Surface_104/MP_SEL_SUR_008070.jpg,none,0.0,,,0.9558
aihub_raw/surface/Surface_1/Surface_104/MP_SEL_SUR_008071.jpg,none_far,0.019,0.0,0.081,0.9155
aihub_raw/surface/Surface_1/Surface_104/MP_SEL_SUR_008072.jpg,none,0.0,,,0.0362
aihub_raw/surface/Surface_1/Surface_104/MP_SEL_SUR_008073.jpg,none,0.0,,,0.0
aihub_raw/surface/Surface_1/Surface_104/MP_SEL_SUR_008074.jpg,none_far,0.0018,0.0,0.026,0.9672
aihub_raw/surface/Surface_1/Surface_104/MP_SEL_SUR_008075.jpg,none,0.0,,,0.0
aihub_raw/surface/Surface_1/Surface_104/MP_SEL_SUR_008076.jpg,none,0.0,,,0.0001
aihub_raw/surface/Surface_1/Surface_104/MP_SEL_SUR_008077.jpg,none,0.0,,,0.9738
aihub_raw/surface/Surface_1/Surface_104/MP_SEL_SUR_008078.jpg,none,0.0,,,0.8141
aihub_raw/surface/Surface_1/Surface_104/MP_SEL_SUR_008079.jpg,none,0.0,,,0.9354
aihub_raw/surface/Surface_1/Surface_104/MP_SEL_SUR_008080.jpg,none,0.0,,,0.8666
aihub_raw/surface/Surface_1/Surface_104/MP_SEL_SUR_008081.jpg,none_far,0.1877,0.0,0.278,0.7837
aihub_raw/surface/Surface_1/Surface_104/MP_SEL_SUR_008082.jpg,none,0.0,,,0.9726
aihub_raw/surface/Surface_1/Surface_104/MP_SEL_SUR_008083.jpg,none,0.0,,,0.9619
aihub_raw/surface/Surface_1/Surface_104/MP_SEL_SUR_008085.jpg,none,0.0,,,0.5416
aihub_raw/surface/Surface_1/Surface_104/MP_SEL_SUR_008086.jpg,none,0.0,,,0.99
aihub_raw/surface/Surface_1/Surface_104/MP_SEL_SUR_008087.jpg,none_far,0.0618,0.004,0.107,0.6941
aihub_raw/surface/Surface_1/Surface_104/MP_SEL_SUR_008088.jpg,none,0.0,,,0.0
aihub_raw/surface/Surface_1/Surface_104/MP_SEL_SUR_008089.jpg,none,0.0,,,0.9978
aihub_raw/surface/Surface_1/Surface_104/MP_SEL_SUR_008090.jpg,none,0.0,,,0.0
aihub_raw/surface/Surface_1/Surface_104/MP_SEL_SUR_008091.jpg,none,0.0,,,0.9113
aihub_raw/surface/Surface_1/Surface_104/MP_SEL_SUR_008092.jpg,none,0.0,,,0.8376
aihub_raw/surface/Surface_1/Surface_104/MP_SEL_SUR_008093.jpg,none,0.0,,,0.0
aihub_raw/surface/Surface_1/Surface_104/MP_SEL_SUR_008094.jpg,none,0.0,,,0.0311
aihub_raw/surface/Surface_1/Surface_104/MP_SEL_SUR_008095.jpg,none,0.0,,,0.7619
aihub_raw/surface/Surface_1/Surface_104/MP_SEL_SUR_008096.jpg,none,0.0,,,0.7916
aihub_raw/surface/Surface_1/Surface_104/MP_SEL_SUR_008098.jpg,none,0.0,,,0.0
aihub_raw/surface/Surface_1/Surface_104/MP_SEL_SUR_008099.jpg,none,0.0,,,0.0
aihub_raw/surface/Surface_1/Surface_104/MP_SEL_SUR_008100.jpg,none,0.0,,,0.9376
aihub_raw/surface/Surface_1/Surface_104/MP_SEL_SUR_008101.jpg,none,0.0,,,0.7666
aihub_raw/surface/Surface_1/Surface_104/MP_SEL_SUR_008102.jpg,none,0.0,,,0.1963
aihub_raw/surface/Surface_1/Surface_104/MP_SEL_SUR_008103.jpg,none,0.0,,,0.1682
aihub_raw/surface/Surface_1/Surface_104/MP_SEL_SUR_008104.jpg,none,0.0,,,0.9507
aihub_raw/surface/Surface_1/Surface_104/MP_SEL_SUR_008105.jpg,none,0.0,,,1.0
aihub_raw/surface/Surface_1/Surface_104/MP_SEL_SUR_008106.jpg,none,0.0,,,0.0
aihub_raw/surface/Surface_1/Surface_104/MP_SEL_SUR_008107.jpg,none,0.0,,,0.0
aihub_raw/surface/Surface_1/Surface_104/MP_SEL_SUR_008108.jpg,none,0.0,,,0.9989
aihub_raw/surface/Surface_1/Surface_104/MP_SEL_SUR_008109.jpg,none,0.0,,,0.9675
aihub_raw/surface/Surface_1/Surface_104/MP_SEL_SUR_008110.jpg,none,0.0,,,0.8729
aihub_raw/surface/Surface_1/Surface_104/MP_SEL_SUR_008111.jpg,none,0.0,,,0.7303
aihub_raw/surface/Surface_1/Surface_104/MP_SEL_SUR_008112.jpg,none,0.0,,,0.8171
aihub_raw/surface/Surface_1/Surface_104/MP_SEL_SUR_008113.jpg,none,0.0,,,0.0
aihub_raw/surface/Surface_1/Surface_104/MP_SEL_SUR_008114.jpg,approach,0.6794,0.0,0.681,0.3204
aihub_raw/surface/Surface_1/Surface_104/MP_SEL_SUR_008115.jpg,none,0.0,,,0.2063
aihub_raw/surface/Surface_1/Surface_104/MP_SEL_SUR_008116.jpg,none,0.0,,,0.8706
aihub_raw/surface/Surface_1/Surface_104/MP_SEL_SUR_008117.jpg,none,0.0,,,0.7383
aihub_raw/surface/Surface_1/Surface_104/MP_SEL_SUR_008118.jpg,none,0.0,,,0.5604
aihub_raw/surface/Surface_1/Surface_104/MP_SEL_SUR_008119.jpg,none,0.0,,,0.917
aihub_raw/surface/Surface_1/Surface_104/MP_SEL_SUR_008120.jpg,none,0.0,,,0.0
aihub_raw/surface/Surface_1/Surface_104/MP_SEL_SUR_008121.jpg,none,0.0,,,0.8021
aihub_raw/surface/Surface_1/Surface_104/MP_SEL_SUR_008122.jpg,none,0.0,,,0.856
aihub_raw/surface/Surface_1/Surface_104/MP_SEL_SUR_008123.jpg,none,0.0,,,0.8188
aihub_raw/surface/Surface_1/Surface_104/MP_SEL_SUR_008124.jpg,none,0.0,,,0.9784
aihub_raw/surface/Surface_1/Surface_104/MP_SEL_SUR_008125.jpg,none,0.0,,,0.9852
aihub_raw/surface/Surface_1/Surface_104/MP_SEL_SUR_008126.jpg,none,0.0,,,0.0
aihub_raw/surface/Surface_1/Surface_104/MP_SEL_SUR_008127.jpg,none_far,0.364,0.0,0.419,0.5898
aihub_raw/surface/Surface_1/Surface_104/MP_SEL_SUR_008128.jpg,none,0.0,,,0.9291
aihub_raw/surface/Surface_1/Surface_104/MP_SEL_SUR_008129.jpg,none,0.0,,,0.8342
aihub_raw/surface/Surface_1/Surface_104/MP_SEL_SUR_008130.jpg,none,0.0,,,0.0
aihub_raw/surface/Surface_1/Surface_104/MP_SEL_SUR_008131.jpg,none,0.0,,,0.9027
aihub_raw/surface/Surface_1/Surface_104/MP_SEL_SUR_008132.jpg,none,0.0,,,0.906
aihub_raw/surface/Surface_1/Surface_104/MP_SEL_SUR_008133.jpg,none,0.0,,,0.0
aihub_raw/surface/Surface_1/Surface_104/MP_SEL_SUR_008134.jpg,none,0.0,,,0.903
aihub_raw/surface/Surface_1/Surface_104/MP_SEL_SUR_008135.jpg,none_far,0.002,0.015,0.041,0.7512
aihub_raw/surface/Surface_1/Surface_104/MP_SEL_SUR_008136.jpg,none,0.0,,,0.7462
aihub_raw/surface/Surface_1/Surface_104/MP_SEL_SUR_008137.jpg,none,0.0,,,0.6818
aihub_raw/surface/Surface_1/Surface_104/MP_SEL_SUR_008138.jpg,none,0.0,,,0.5503
aihub_raw/surface/Surface_1/Surface_104/MP_SEL_SUR_008139.jpg,none,0.0,,,1.0
aihub_raw/surface/Surface_1/Surface_104/MP_SEL_SUR_008140.jpg,none_far,0.0118,0.0,0.059,0.2377
aihub_raw/surface/Surface_1/Surface_104/MP_SEL_SUR_008141.jpg,none,0.0,,,0.8565
aihub_raw/surface/Surface_1/Surface_104/MP_SEL_SUR_008142.jpg,none,0.0,,,0.0
aihub_raw/surface/Surface_1/Surface_104/MP_SEL_SUR_008144.jpg,none,0.0,,,0.9115
aihub_raw/surface/Surface_1/Surface_105/MP_SEL_SUR_008145.jpg,none,0.0,,,0.9671
aihub_raw/surface/Surface_1/Surface_105/MP_SEL_SUR_008146.jpg,none,0.0,,,0.0011
aihub_raw/surface/Surface_1/Surface_105/MP_SEL_SUR_008147.jpg,none,0.0,,,0.0
aihub_raw/surface/Surface_1/Surface_105/MP_SEL_SUR_008148.jpg,none,0.0,,,0.9522
aihub_raw/surface/Surface_1/Surface_105/MP_SEL_SUR_008149.jpg,none,0.0,,,0.9542
aihub_raw/surface/Surface_1/Surface_105/MP_SEL_SUR_008150.jpg,none,0.0,,,0.8383
aihub_raw/surface/Surface_1/Surface_105/MP_SEL_SUR_008151.jpg,none,0.0,,,0.7426
aihub_raw/surface/Surface_1/Surface_105/MP_SEL_SUR_008152.jpg,none,0.0,,,0.0033
aihub_raw/surface/Surface_1/Surface_105/MP_SEL_SUR_008153.jpg,none,0.0,,,0.0
aihub_raw/surface/Surface_1/Surface_105/MP_SEL_SUR_008154.jpg,none,0.0,,,0.0
aihub_raw/surface/Surface_1/Surface_105/MP_SEL_SUR_008155.jpg,none,0.0,,,0.9389
aihub_raw/surface/Surface_1/Surface_105/MP_SEL_SUR_008156.jpg,none,0.0,,,0.0
aihub_raw/surface/Surface_1/Surface_105/MP_SEL_SUR_008157.jpg,on,0.7862,0.0,1.0,0.1237
aihub_raw/surface/Surface_1/Surface_105/MP_SEL_SUR_008158.jpg,none,0.0,,,0.9681
aihub_raw/surface/Surface_1/Surface_105/MP_SEL_SUR_008159.jpg,none,0.0,,,0.6783
aihub_raw/surface/Surface_1/Surface_105/MP_SEL_SUR_008160.jpg,none,0.0,,,0.9916
aihub_raw/surface/Surface_1/Surface_105/MP_SEL_SUR_008161.jpg,none,0.0,,,0.7928
aihub_raw/surface/Surface_1/Surface_105/MP_SEL_SUR_008162.jpg,none,0.0,,,0.0
aihub_raw/surface/Surface_1/Surface_105/MP_SEL_SUR_008163.jpg,none,0.0,,,0.9884
aihub_raw/surface/Surface_1/Surface_105/MP_SEL_SUR_008164.jpg,none,0.0,,,0.0
aihub_raw/surface/Surface_1/Surface_105/MP_SEL_SUR_008165.jpg,none,0.0,,,0.9879
aihub_raw/surface/Surface_1/Surface_105/MP_SEL_SUR_008166.jpg,none,0.0,,,0.0
aihub_raw/surface/Surface_1/Surface_105/MP_SEL_SUR_008167.jpg,none,0.0,,,0.9051
aihub_raw/surface/Surface_1/Surface_105/MP_SEL_SUR_008168.jpg,none,0.0,,,1.0
aihub_raw/surface/Surface_1/Surface_105/MP_SEL_SUR_008169.jpg,none,0.0,,,0.9435
aihub_raw/surface/Surface_1/Surface_105/MP_SEL_SUR_008170.jpg,none,0.0,,,0.9
aihub_raw/surface/Surface_1/Surface_105/MP_SEL_SUR_008171.jpg,none,0.0,,,0.8795
aihub_raw/surface/Surface_1/Surface_105/MP_SEL_SUR_008172.jpg,none,0.0,,,0.2925
aihub_raw/surface/Surface_1/Surface_105/MP_SEL_SUR_008173.jpg,none,0.0,,,0.9723
aihub_raw/surface/Surface_1/Surface_105/MP_SEL_SUR_008174.jpg,none,0.0,,,0.8135
aihub_raw/surface/Surface_1/Surface_105/MP_SEL_SUR_008175.jpg,none,0.0,,,0.906
aihub_raw/surface/Surface_1/Surface_105/MP_SEL_SUR_008176.jpg,none,0.0,,,0.7781
aihub_raw/surface/Surface_1/Surface_105/MP_SEL_SUR_008177.jpg,on,0.9414,0.0,1.0,0.0584
aihub_raw/surface/Surface_1/Surface_105/MP_SEL_SUR_008178.jpg,none,0.0,,,0.8928
aihub_raw/surface/Surface_1/Surface_105/MP_SEL_SUR_008179.jpg,none,0.0,,,0.9614
aihub_raw/surface/Surface_1/Surface_105/MP_SEL_SUR_008180.jpg,none,0.0,,,0.9459
aihub_raw/surface/Surface_1/Surface_105/MP_SEL_SUR_008181.jpg,approach,0.6194,0.0,0.737,0.3764
aihub_raw/surface/Surface_1/Surface_105/MP_SEL_SUR_008182.jpg,none,0.0,,,0.911
aihub_raw/surface/Surface_1/Surface_105/MP_SEL_SUR_008183.jpg,none,0.0,,,0.1319
aihub_raw/surface/Surface_1/Surface_105/MP_SEL_SUR_008184.jpg,none,0.0,,,0.0979
aihub_raw/surface/Surface_1/Surface_105/MP_SEL_SUR_008185.jpg,none,0.0,,,0.9915
aihub_raw/surface/Surface_1/Surface_105/MP_SEL_SUR_008186.jpg,none,0.0,,,0.0
aihub_raw/surface/Surface_1/Surface_105/MP_SEL_SUR_008187.jpg,none,0.0,,,0.8466
aihub_raw/surface/Surface_1/Surface_105/MP_SEL_SUR_008188.jpg,none,0.0,,,0.0
aihub_raw/surface/Surface_1/Surface_105/MP_SEL_SUR_008189.jpg,none,0.0,,,1.0
aihub_raw/surface/Surface_1/Surface_105/MP_SEL_SUR_008190.jpg,none,0.0,,,0.8566
aihub_raw/surface/Surface_1/Surface_105/MP_SEL_SUR_008191.jpg,none,0.0,,,1.0
aihub_raw/surface/Surface_1/Surface_105/MP_SEL_SUR_008192.jpg,none,0.0,,,0.0
aihub_raw/surface/Surface_1/Surface_105/MP_SEL_SUR_008193.jpg,none,0.0,,,0.5787
aihub_raw/surface/Surface_1/Surface_105/MP_SEL_SUR_008194.jpg,none,0.0,,,0.0
aihub_raw/surface/Surface_1/Surface_105/MP_SEL_SUR_008195.jpg,none,0.0,,,0.0
aihub_raw/surface/Surface_1/Surface_105/MP_SEL_SUR_008196.jpg,none,0.0,,,0.8596
aihub_raw/surface/Surface_1/Surface_105/MP_SEL_SUR_008197.jpg,none_far,0.0021,0.007,0.03,0.9557
aihub_raw/surface/Surface_1/Surface_105/MP_SEL_SUR_008198.jpg,none,0.0,,,0.0
aihub_raw/surface/Surface_1/Surface_105/MP_SEL_SUR_008199.jpg,none,0.0,,,0.9968
aihub_raw/surface/Surface_1/Surface_105/MP_SEL_SUR_008200.jpg,none,0.0,,,0.8347
aihub_raw/surface/Surface_1/Surface_105/MP_SEL_SUR_008201.jpg,none,0.0,,,0.0
aihub_raw/surface/Surface_1/Surface_105/MP_SEL_SUR_008204.jpg,approach,0.5335,0.07,0.663,0.389
aihub_raw/surface/Surface_1/Surface_105/MP_SEL_SUR_008205.jpg,none,0.0,,,0.0
aihub_raw/surface/Surface_1/Surface_105/MP_SEL_SUR_008206.jpg,none,0.0,,,0.2487
aihub_raw/surface/Surface_1/Surface_105/MP_SEL_SUR_008207.jpg,none,0.0,,,0.0
aihub_raw/surface/Surface_1/Surface_105/MP_SEL_SUR_008208.jpg,none_far,0.0071,0.03,0.074,0.8712
aihub_raw/surface/Surface_1/Surface_105/MP_SEL_SUR_008209.jpg,none,0.0,,,0.0
aihub_raw/surface/Surface_1/Surface_105/MP_SEL_SUR_008210.jpg,none,0.0,,,0.9865
aihub_raw/surface/Surface_1/Surface_105/MP_SEL_SUR_008211.jpg,none_far,0.0047,0.0,0.026,0.915
aihub_raw/surface/Surface_1/Surface_105/MP_SEL_SUR_008212.jpg,none,0.0,,,0.8397
aihub_raw/surface/Surface_1/Surface_105/MP_SEL_SUR_008213.jpg,none,0.0,,,0.9731
aihub_raw/surface/Surface_1/Surface_105/MP_SEL_SUR_008214.jpg,none,0.0,,,0.0
aihub_raw/surface/Surface_1/Surface_105/MP_SEL_SUR_008216.jpg,none,0.0,,,0.0
aihub_raw/surface/Surface_1/Surface_105/MP_SEL_SUR_008217.jpg,none,0.0,,,0.0
aihub_raw/surface/Surface_1/Surface_105/MP_SEL_SUR_008219.jpg,none,0.0,,,0.0
aihub_raw/surface/Surface_1/Surface_105/MP_SEL_SUR_008220.jpg,none,0.0,,,0.3505
aihub_raw/surface/Surface_1/Surface_105/MP_SEL_SUR_008221.jpg,none,0.0,,,0.84
aihub_raw/surface/Surface_1/Surface_105/MP_SEL_SUR_008222.jpg,none,0.0,,,0.0
aihub_raw/surface/Surface_1/Surface_105/MP_SEL_SUR_008223.jpg,none,0.0,,,0.1036
aihub_raw/surface/Surface_1/Surface_105/MP_SEL_SUR_008224.jpg,none,0.0,,,0.0
aihub_raw/surface/Surface_1/Surface_105/MP_SEL_SUR_008225.jpg,none,0.0,,,0.9379
aihub_raw/surface/Surface_1/Surface_106/MP_SEL_SUR_008226.jpg,none,0.0,,,0.2076
aihub_raw/surface/Surface_1/Surface_106/MP_SEL_SUR_008227.jpg,none,0.0,,,0.8037
aihub_raw/surface/Surface_1/Surface_106/MP_SEL_SUR_008228.jpg,none,0.0,,,0.8852
aihub_raw/surface/Surface_1/Surface_106/MP_SEL_SUR_008229.jpg,none,0.0,,,1.0
aihub_raw/surface/Surface_1/Surface_106/MP_SEL_SUR_008230.jpg,none,0.0,,,0.0
aihub_raw/surface/Surface_1/Surface_106/MP_SEL_SUR_008231.jpg,none,0.0,,,0.0
aihub_raw/surface/Surface_1/Surface_106/MP_SEL_SUR_008232.jpg,none,0.0,,,0.0
aihub_raw/surface/Surface_1/Surface_106/MP_SEL_SUR_008233.jpg,none,0.0,,,0.843
aihub_raw/surface/Surface_1/Surface_106/MP_SEL_SUR_008234.jpg,none,0.0,,,0.7933
aihub_raw/surface/Surface_1/Surface_106/MP_SEL_SUR_008235.jpg,none,0.0,,,0.59
aihub_raw/surface/Surface_1/Surface_106/MP_SEL_SUR_008236.jpg,none,0.0,,,0.906
aihub_raw/surface/Surface_1/Surface_106/MP_SEL_SUR_008237.jpg,none,0.0,,,0.795
aihub_raw/surface/Surface_1/Surface_106/MP_SEL_SUR_008238.jpg,none,0.0,,,0.886
aihub_raw/surface/Surface_1/Surface_106/MP_SEL_SUR_008239.jpg,approach,0.0427,0.122,0.656,0.9247
aihub_raw/surface/Surface_1/Surface_106/MP_SEL_SUR_008240.jpg,none_far,0.0005,0.03,0.07,0.2249
aihub_raw/surface/Surface_1/Surface_106/MP_SEL_SUR_008241.jpg,none,0.0,,,0.0
aihub_raw/surface/Surface_1/Surface_106/MP_SEL_SUR_008242.jpg,none,0.0,,,0.4805
aihub_raw/surface/Surface_1/Surface_106/MP_SEL_SUR_008243.jpg,none,0.0,,,0.0247
aihub_raw/surface/Surface_1/Surface_106/MP_SEL_SUR_008244.jpg,on,0.9821,0.0,1.0,0.0
aihub_raw/surface/Surface_1/Surface_106/MP_SEL_SUR_008245.jpg,none,0.0,,,0.0047
aihub_raw/surface/Surface_1/Surface_106/MP_SEL_SUR_008246.jpg,none,0.0,,,0.9397
aihub_raw/surface/Surface_1/Surface_106/MP_SEL_SUR_008247.jpg,none,0.0,,,0.0
aihub_raw/surface/Surface_1/Surface_106/MP_SEL_SUR_008248.jpg,none,0.0,,,0.0
aihub_raw/surface/Surface_1/Surface_106/MP_SEL_SUR_008249.jpg,none,0.0,,,0.6208
aihub_raw/surface/Surface_1/Surface_106/MP_SEL_SUR_008250.jpg,none,0.0,,,0.6591
aihub_raw/surface/Surface_1/Surface_106/MP_SEL_SUR_008251.jpg,none,0.0,,,0.7514
aihub_raw/surface/Surface_1/Surface_106/MP_SEL_SUR_008252.jpg,none,0.0,,,0.8895
aihub_raw/surface/Surface_1/Surface_106/MP_SEL_SUR_008253.jpg,none_far,0.0072,0.0,0.022,0.0
aihub_raw/surface/Surface_1/Surface_106/MP_SEL_SUR_008254.jpg,none,0.0,,,0.0
aihub_raw/surface/Surface_1/Surface_106/MP_SEL_SUR_008255.jpg,none,0.0,,,0.917
aihub_raw/surface/Surface_1/Surface_106/MP_SEL_SUR_008256.jpg,none,0.0,,,1.0
aihub_raw/surface/Surface_1/Surface_106/MP_SEL_SUR_008257.jpg,none,0.0,,,0.9616
aihub_raw/surface/Surface_1/Surface_106/MP_SEL_SUR_008258.jpg,none_far,0.4973,0.0,0.515,0.503
aihub_raw/surface/Surface_1/Surface_106/MP_SEL_SUR_008259.jpg,none,0.0,,,0.6383
aihub_raw/surface/Surface_1/Surface_106/MP_SEL_SUR_008260.jpg,none,0.0,,,0.9533
aihub_raw/surface/Surface_1/Surface_106/MP_SEL_SUR_008261.jpg,none,0.0,,,0.0
aihub_raw/surface/Surface_1/Surface_106/MP_SEL_SUR_008262.jpg,none,0.0,,,0.9999
aihub_raw/surface/Surface_1/Surface_106/MP_SEL_SUR_008263.jpg,none,0.0,,,0.7198
aihub_raw/surface/Surface_1/Surface_106/MP_SEL_SUR_008264.jpg,none,0.0,,,0.0
aihub_raw/surface/Surface_1/Surface_106/MP_SEL_SUR_008265.jpg,none,0.0,,,0.1762
aihub_raw/surface/Surface_1/Surface_106/MP_SEL_SUR_008266.jpg,none,0.0,,,0.7146
aihub_raw/surface/Surface_1/Surface_106/MP_SEL_SUR_008267.jpg,none,0.0,,,0.9224
aihub_raw/surface/Surface_1/Surface_106/MP_SEL_SUR_008268.jpg,none,0.0,,,0.9328
aihub_raw/surface/Surface_1/Surface_106/MP_SEL_SUR_008269.jpg,none,0.0,,,0.9178
aihub_raw/surface/Surface_1/Surface_106/MP_SEL_SUR_008270.jpg,none,0.0,,,0.2067
aihub_raw/surface/Surface_1/Surface_106/MP_SEL_SUR_008271.jpg,none_far,0.0029,0.074,0.13,0.9473
aihub_raw/surface/Surface_1/Surface_106/MP_SEL_SUR_008272.jpg,none,0.0,,,0.0
aihub_raw/surface/Surface_1/Surface_106/MP_SEL_SUR_008273.jpg,none,0.0,,,0.0
aihub_raw/surface/Surface_1/Surface_106/MP_SEL_SUR_008274.jpg,none,0.0,,,0.9366
aihub_raw/surface/Surface_1/Surface_106/MP_SEL_SUR_008275.jpg,none,0.0,,,0.0
aihub_raw/surface/Surface_1/Surface_106/MP_SEL_SUR_008276.jpg,none,0.0,,,0.8741
aihub_raw/surface/Surface_1/Surface_106/MP_SEL_SUR_008277.jpg,none,0.0,,,1.0
aihub_raw/surface/Surface_1/Surface_106/MP_SEL_SUR_008278.jpg,none,0.0,,,0.9907
aihub_raw/surface/Surface_1/Surface_106/MP_SEL_SUR_008279.jpg,none,0.0,,,0.9223
aihub_raw/surface/Surface_1/Surface_106/MP_SEL_SUR_008280.jpg,none,0.0,,,0.8455
aihub_raw/surface/Surface_1/Surface_106/MP_SEL_SUR_008281.jpg,none,0.0,,,0.8546
aihub_raw/surface/Surface_1/Surface_106/MP_SEL_SUR_008282.jpg,none,0.0,,,0.7194
aihub_raw/surface/Surface_1/Surface_106/MP_SEL_SUR_008284.jpg,none,0.0,,,0.4905
aihub_raw/surface/Surface_1/Surface_106/MP_SEL_SUR_008285.jpg,none,0.0,,,0.0
aihub_raw/surface/Surface_1/Surface_106/MP_SEL_SUR_008286.jpg,none,0.0,,,0.9347
aihub_raw/surface/Surface_1/Surface_106/MP_SEL_SUR_008287.jpg,none,0.0,,,0.0
aihub_raw/surface/Surface_1/Surface_106/MP_SEL_SUR_008288.jpg,none,0.0,,,0.0
aihub_raw/surface/Surface_1/Surface_106/MP_SEL_SUR_008289.jpg,none_far,0.0131,0.019,0.17,0.9223
aihub_raw/surface/Surface_1/Surface_106/MP_SEL_SUR_008290.jpg,none,0.0,,,0.8003
aihub_raw/surface/Surface_1/Surface_106/MP_SEL_SUR_008291.jpg,none,0.0,,,0.9731
aihub_raw/surface/Surface_1/Surface_106/MP_SEL_SUR_008292.jpg,none,0.0,,,1.0
aihub_raw/surface/Surface_1/Surface_106/MP_SEL_SUR_008293.jpg,none,0.0,,,1.0
aihub_raw/surface/Surface_1/Surface_106/MP_SEL_SUR_008294.jpg,none_far,0.0031,0.0,0.011,0.9382
aihub_raw/surface/Surface_1/Surface_106/MP_SEL_SUR_008295.jpg,none,0.0,,,0.0
aihub_raw/surface/Surface_1/Surface_106/MP_SEL_SUR_008296.jpg,none,0.0,,,0.9391
aihub_raw/surface/Surface_1/Surface_106/MP_SEL_SUR_008297.jpg,approach,0.6499,0.0,0.73,0.2679
aihub_raw/surface/Surface_1/Surface_106/MP_SEL_SUR_008298.jpg,none,0.0,,,0.0
aihub_raw/surface/Surface_1/Surface_106/MP_SEL_SUR_008299.jpg,none,0.0,,,0.9529
aihub_raw/surface/Surface_1/Surface_106/MP_SEL_SUR_008300.jpg,none,0.0,,,0.0
aihub_raw/surface/Surface_1/Surface_106/MP_SEL_SUR_008301.jpg,none,0.0,,,0.0
aihub_raw/surface/Surface_1/Surface_106/MP_SEL_SUR_008302.jpg,none,0.0,,,1.0
aihub_raw/surface/Surface_1/Surface_106/MP_SEL_SUR_008303.jpg,none_far,0.1464,0.0,0.248,0.7909
aihub_raw/surface/Surface_1/Surface_106/MP_SEL_SUR_008304.jpg,none,0.0,,,0.0
aihub_raw/surface/Surface_1/Surface_106/MP_SEL_SUR_008305.jpg,none,0.0,,,0.9318
aihub_raw/surface/Surface_1/Surface_107/MP_SEL_SUR_008306.jpg,none,0.0,,,0.0
aihub_raw/surface/Surface_1/Surface_107/MP_SEL_SUR_008307.jpg,none,0.0,,,0.0
aihub_raw/surface/Surface_1/Surface_107/MP_SEL_SUR_008308.jpg,none,0.0,,,0.0
aihub_raw/surface/Surface_1/Surface_107/MP_SEL_SUR_008309.jpg,none,0.0,,,0.5837
aihub_raw/surface/Surface_1/Surface_107/MP_SEL_SUR_008310.jpg,approach,0.784,0.0,0.793,0.2121
aihub_raw/surface/Surface_1/Surface_107/MP_SEL_SUR_008312.jpg,none,0.0,,,0.0
aihub_raw/surface/Surface_1/Surface_107/MP_SEL_SUR_008313.jpg,none,0.0,,,0.9067
aihub_raw/surface/Surface_1/Surface_107/MP_SEL_SUR_008315.jpg,none,0.0,,,0.8058
aihub_raw/surface/Surface_1/Surface_107/MP_SEL_SUR_008316.jpg,none,0.0,,,0.7869
aihub_raw/surface/Surface_1/Surface_107/MP_SEL_SUR_008317.jpg,none,0.0,,,0.8946
aihub_raw/surface/Surface_1/Surface_107/MP_SEL_SUR_008318.jpg,none_far,0.019,0.0,0.074,0.8632
aihub_raw/surface/Surface_1/Surface_107/MP_SEL_SUR_008319.jpg,none,0.0,,,0.8901
aihub_raw/surface/Surface_1/Surface_107/MP_SEL_SUR_008320.jpg,none,0.0,,,0.0
aihub_raw/surface/Surface_1/Surface_107/MP_SEL_SUR_008321.jpg,none,0.0,,,0.0
aihub_raw/surface/Surface_1/Surface_107/MP_SEL_SUR_008322.jpg,none,0.0,,,0.0
aihub_raw/surface/Surface_1/Surface_107/MP_SEL_SUR_008323.jpg,none,0.0,,,0.0
aihub_raw/surface/Surface_1/Surface_107/MP_SEL_SUR_008324.jpg,none,0.0,,,0.0028
aihub_raw/surface/Surface_1/Surface_107/MP_SEL_SUR_008325.jpg,none,0.0,,,0.9744
aihub_raw/surface/Surface_1/Surface_107/MP_SEL_SUR_008326.jpg,none,0.0,,,0.8804
aihub_raw/surface/Surface_1/Surface_107/MP_SEL_SUR_008327.jpg,none,0.0,,,0.9832
aihub_raw/surface/Surface_1/Surface_107/MP_SEL_SUR_008328.jpg,none,0.0,,,0.7206
aihub_raw/surface/Surface_1/Surface_107/MP_SEL_SUR_008329.jpg,none,0.0,,,0.0
aihub_raw/surface/Surface_1/Surface_107/MP_SEL_SUR_008330.jpg,none,0.0,,,0.8662
aihub_raw/surface/Surface_1/Surface_107/MP_SEL_SUR_008331.jpg,none,0.0,,,0.0
aihub_raw/surface/Surface_1/Surface_107/MP_SEL_SUR_008332.jpg,none,0.0,,,0.8749
aihub_raw/surface/Surface_1/Surface_107/MP_SEL_SUR_008333.jpg,none,0.0,,,0.0
aihub_raw/surface/Surface_1/Surface_107/MP_SEL_SUR_008334.jpg,none,0.0,,,0.7292
aihub_raw/surface/Surface_1/Surface_107/MP_SEL_SUR_008335.jpg,none,0.0,,,0.9918
aihub_raw/surface/Surface_1/Surface_107/MP_SEL_SUR_008336.jpg,none,0.0,,,0.0
aihub_raw/surface/Surface_1/Surface_107/MP_SEL_SUR_008337.jpg,none,0.0,,,0.5828
aihub_raw/surface/Surface_1/Surface_107/MP_SEL_SUR_008338.jpg,none,0.0,,,0.0043
aihub_raw/surface/Surface_1/Surface_107/MP_SEL_SUR_008339.jpg,none,0.0,,,0.9628
aihub_raw/surface/Surface_1/Surface_107/MP_SEL_SUR_008340.jpg,none,0.0,,,0.9435
aihub_raw/surface/Surface_1/Surface_107/MP_SEL_SUR_008341.jpg,none,0.0,,,0.988
aihub_raw/surface/Surface_1/Surface_107/MP_SEL_SUR_008342.jpg,none,0.0,,,0.769
aihub_raw/surface/Surface_1/Surface_107/MP_SEL_SUR_008343.jpg,none,0.0,,,0.3588
aihub_raw/surface/Surface_1/Surface_107/MP_SEL_SUR_008344.jpg,none_far,0.0054,0.107,0.17,0.7418
aihub_raw/surface/Surface_1/Surface_107/MP_SEL_SUR_008345.jpg,none,0.0,,,0.0
aihub_raw/surface/Surface_1/Surface_107/MP_SEL_SUR_008346.jpg,none,0.0,,,0.8437
aihub_raw/surface/Surface_1/Surface_107/MP_SEL_SUR_008347.jpg,none,0.0,,,0.9041
aihub_raw/surface/Surface_1/Surface_107/MP_SEL_SUR_008348.jpg,none,0.0,,,0.0
aihub_raw/surface/Surface_1/Surface_107/MP_SEL_SUR_008349.jpg,none,0.0,,,0.0
aihub_raw/surface/Surface_1/Surface_107/MP_SEL_SUR_008350.jpg,none,0.0,,,0.0
aihub_raw/surface/Surface_1/Surface_107/MP_SEL_SUR_008351.jpg,none,0.0,,,0.9278
aihub_raw/surface/Surface_1/Surface_107/MP_SEL_SUR_008352.jpg,none,0.0,,,0.0058
aihub_raw/surface/Surface_1/Surface_107/MP_SEL_SUR_008353.jpg,none,0.0,,,0.0
aihub_raw/surface/Surface_1/Surface_107/MP_SEL_SUR_008354.jpg,none,0.0,,,0.0
aihub_raw/surface/Surface_1/Surface_107/MP_SEL_SUR_008355.jpg,none,0.0,,,0.0
aihub_raw/surface/Surface_1/Surface_107/MP_SEL_SUR_008356.jpg,none,0.0,,,0.0
aihub_raw/surface/Surface_1/Surface_107/MP_SEL_SUR_008357.jpg,none,0.0,,,0.0
aihub_raw/surface/Surface_1/Surface_107/MP_SEL_SUR_008358.jpg,none,0.0,,,0.8266
aihub_raw/surface/Surface_1/Surface_107/MP_SEL_SUR_008359.jpg,none,0.0,,,0.0146
aihub_raw/surface/Surface_1/Surface_107/MP_SEL_SUR_008360.jpg,none,0.0,,,0.0
aihub_raw/surface/Surface_1/Surface_107/MP_SEL_SUR_008361.jpg,none,0.0,,,0.8383
aihub_raw/surface/Surface_1/Surface_107/MP_SEL_SUR_008362.jpg,none,0.0,,,0.0
aihub_raw/surface/Surface_1/Surface_107/MP_SEL_SUR_008363.jpg,none,0.0,,,0.9031
aihub_raw/surface/Surface_1/Surface_107/MP_SEL_SUR_008364.jpg,none,0.0,,,0.6951
aihub_raw/surface/Surface_1/Surface_107/MP_SEL_SUR_008365.jpg,none,0.0,,,0.9445
aihub_raw/surface/Surface_1/Surface_107/MP_SEL_SUR_008366.jpg,none,0.0,,,0.8315
aihub_raw/surface/Surface_1/Surface_107/MP_SEL_SUR_008367.jpg,none,0.0,,,0.5422
aihub_raw/surface/Surface_1/Surface_107/MP_SEL_SUR_008368.jpg,none,0.0,,,0.0201
aihub_raw/surface/Surface_1/Surface_107/MP_SEL_SUR_008369.jpg,none,0.0,,,0.0
aihub_raw/surface/Surface_1/Surface_107/MP_SEL_SUR_008371.jpg,none,0.0,,,0.0
aihub_raw/surface/Surface_1/Surface_107/MP_SEL_SUR_008372.jpg,none,0.0,,,0.9714
aihub_raw/surface/Surface_1/Surface_107/MP_SEL_SUR_008373.jpg,none,0.0,,,0.0
aihub_raw/surface/Surface_1/Surface_107/MP_SEL_SUR_008374.jpg,none,0.0,,,0.6429
aihub_raw/surface/Surface_1/Surface_107/MP_SEL_SUR_008375.jpg,none,0.0,,,0.2975
aihub_raw/surface/Surface_1/Surface_107/MP_SEL_SUR_008376.jpg,none,0.0,,,0.0
aihub_raw/surface/Surface_1/Surface_107/MP_SEL_SUR_008378.jpg,none,0.0,,,0.0248
aihub_raw/surface/Surface_1/Surface_107/MP_SEL_SUR_008379.jpg,none,0.0,,,0.9824
aihub_raw/surface/Surface_1/Surface_107/MP_SEL_SUR_008381.jpg,none,0.0,,,0.0
aihub_raw/surface/Surface_1/Surface_107/MP_SEL_SUR_008382.jpg,none,0.0,,,0.8975
aihub_raw/surface/Surface_1/Surface_107/MP_SEL_SUR_008383.jpg,none,0.0,,,0.9424
aihub_raw/surface/Surface_1/Surface_107/MP_SEL_SUR_008384.jpg,none_far,0.0125,0.0,0.081,0.9646
aihub_raw/surface/Surface_1/Surface_107/MP_SEL_SUR_008385.jpg,none,0.0,,,0.7771
aihub_raw/surface/Surface_1/Surface_107/MP_SEL_SUR_008386.jpg,none,0.0,,,0.991
aihub_raw/surface/Surface_1/Surface_107/MP_SEL_SUR_008387.jpg,none,0.0,,,0.6036
aihub_raw/surface/Surface_1/Surface_107/MP_SEL_SUR_008388.jpg,none,0.0,,,0.0
aihub_raw/surface/Surface_1/Surface_108/MP_SEL_SUR_008389.jpg,none,0.0,,,0.0
aihub_raw/surface/Surface_1/Surface_108/MP_SEL_SUR_008390.jpg,none,0.0,,,0.8358
aihub_raw/surface/Surface_1/Surface_108/MP_SEL_SUR_008391.jpg,none_far,0.0042,0.056,0.133,0.2177
aihub_raw/surface/Surface_1/Surface_108/MP_SEL_SUR_008392.jpg,none,0.0,,,1.0
aihub_raw/surface/Surface_1/Surface_108/MP_SEL_SUR_008393.jpg,none_far,0.3459,0.0,0.541,0.4644
aihub_raw/surface/Surface_1/Surface_108/MP_SEL_SUR_008394.jpg,none,0.0,,,0.8892
aihub_raw/surface/Surface_1/Surface_108/MP_SEL_SUR_008395.jpg,none,0.0,,,0.0
aihub_raw/surface/Surface_1/Surface_108/MP_SEL_SUR_008396.jpg,none,0.0,,,0.9102
aihub_raw/surface/Surface_1/Surface_108/MP_SEL_SUR_008397.jpg,on,1.0,0.0,1.0,0.0
aihub_raw/surface/Surface_1/Surface_108/MP_SEL_SUR_008398.jpg,none,0.0,,,0.8233
aihub_raw/surface/Surface_1/Surface_108/MP_SEL_SUR_008399.jpg,none,0.0,,,0.9457
aihub_raw/surface/Surface_1/Surface_108/MP_SEL_SUR_008400.jpg,none,0.0,,,0.9809
aihub_raw/surface/Surface_1/Surface_108/MP_SEL_SUR_008401.jpg,on,0.3639,0.078,1.0,0.0779
aihub_raw/surface/Surface_1/Surface_108/MP_SEL_SUR_008402.jpg,none,0.0,,,0.0
aihub_raw/surface/Surface_1/Surface_108/MP_SEL_SUR_008403.jpg,none,0.0,,,0.773
aihub_raw/surface/Surface_1/Surface_108/MP_SEL_SUR_008404.jpg,none,0.0,,,0.0
aihub_raw/surface/Surface_1/Surface_108/MP_SEL_SUR_008405.jpg,none,0.0,,,0.7209
aihub_raw/surface/Surface_1/Surface_108/MP_SEL_SUR_008406.jpg,none,0.0,,,0.0
aihub_raw/surface/Surface_1/Surface_108/MP_SEL_SUR_008408.jpg,none,0.0,,,0.7287
aihub_raw/surface/Surface_1/Surface_108/MP_SEL_SUR_008409.jpg,none,0.0,,,0.812
aihub_raw/surface/Surface_1/Surface_108/MP_SEL_SUR_008410.jpg,none,0.0,,,0.5392
aihub_raw/surface/Surface_1/Surface_108/MP_SEL_SUR_008411.jpg,none,0.0,,,0.9558
aihub_raw/surface/Surface_1/Surface_108/MP_SEL_SUR_008412.jpg,none,0.0,,,0.9505
aihub_raw/surface/Surface_1/Surface_108/MP_SEL_SUR_008413.jpg,none,0.0,,,0.8772
aihub_raw/surface/Surface_1/Surface_108/MP_SEL_SUR_008414.jpg,none,0.0,,,0.9577
aihub_raw/surface/Surface_1/Surface_108/MP_SEL_SUR_008415.jpg,none,0.0,,,0.9944
aihub_raw/surface/Surface_1/Surface_108/MP_SEL_SUR_008416.jpg,none,0.0,,,0.9119
aihub_raw/surface/Surface_1/Surface_108/MP_SEL_SUR_008417.jpg,none,0.0,,,0.0
aihub_raw/surface/Surface_1/Surface_108/MP_SEL_SUR_008418.jpg,none,0.0,,,0.0
aihub_raw/surface/Surface_1/Surface_108/MP_SEL_SUR_008419.jpg,none,0.0,,,0.0
aihub_raw/surface/Surface_1/Surface_108/MP_SEL_SUR_008420.jpg,none,0.0,,,0.77
aihub_raw/surface/Surface_1/Surface_108/MP_SEL_SUR_008421.jpg,none_far,0.0068,0.074,0.152,0.7971
aihub_raw/surface/Surface_1/Surface_108/MP_SEL_SUR_008422.jpg,none,0.0,,,0.9396
aihub_raw/surface/Surface_1/Surface_108/MP_SEL_SUR_008423.jpg,none,0.0,,,0.0
aihub_raw/surface/Surface_1/Surface_108/MP_SEL_SUR_008424.jpg,none,0.0,,,0.7458
aihub_raw/surface/Surface_1/Surface_108/MP_SEL_SUR_008425.jpg,none,0.0,,,0.9707
aihub_raw/surface/Surface_1/Surface_108/MP_SEL_SUR_008426.jpg,none,0.0,,,0.5768
aihub_raw/surface/Surface_1/Surface_108/MP_SEL_SUR_008427.jpg,none_far,0.143,0.0,0.304,0.776
aihub_raw/surface/Surface_1/Surface_108/MP_SEL_SUR_008428.jpg,none,0.0,,,0.8345
aihub_raw/surface/Surface_1/Surface_108/MP_SEL_SUR_008429.jpg,none,0.0,,,0.0
aihub_raw/surface/Surface_1/Surface_108/MP_SEL_SUR_008430.jpg,none,0.0,,,0.0
aihub_raw/surface/Surface_1/Surface_108/MP_SEL_SUR_008431.jpg,none,0.0,,,0.8
aihub_raw/surface/Surface_1/Surface_108/MP_SEL_SUR_008432.jpg,none,0.0,,,0.9166
aihub_raw/surface/Surface_1/Surface_108/MP_SEL_SUR_008433.jpg,none,0.0,,,0.0
aihub_raw/surface/Surface_1/Surface_108/MP_SEL_SUR_008434.jpg,none,0.0,,,0.0007
aihub_raw/surface/Surface_1/Surface_108/MP_SEL_SUR_008435.jpg,none,0.0,,,0.8948
aihub_raw/surface/Surface_1/Surface_108/MP_SEL_SUR_008437.jpg,none,0.0,,,0.9999
aihub_raw/surface/Surface_1/Surface_108/MP_SEL_SUR_008438.jpg,none,0.0,,,0.0
aihub_raw/surface/Surface_1/Surface_108/MP_SEL_SUR_008439.jpg,none,0.0,,,0.8845
aihub_raw/surface/Surface_1/Surface_108/MP_SEL_SUR_008440.jpg,none,0.0,,,0.0
aihub_raw/surface/Surface_1/Surface_108/MP_SEL_SUR_008441.jpg,none,0.0,,,1.0
aihub_raw/surface/Surface_1/Surface_108/MP_SEL_SUR_008442.jpg,none,0.0,,,0.9491
aihub_raw/surface/Surface_1/Surface_108/MP_SEL_SUR_008443.jpg,none,0.0,,,0.782
aihub_raw/surface/Surface_1/Surface_108/MP_SEL_SUR_008444.jpg,none,0.0,,,0.9922
aihub_raw/surface/Surface_1/Surface_108/MP_SEL_SUR_008445.jpg,none,0.0,,,0.997
aihub_raw/surface/Surface_1/Surface_108/MP_SEL_SUR_008446.jpg,none,0.0,,,0.7291
aihub_raw/surface/Surface_1/Surface_108/MP_SEL_SUR_008447.jpg,none,0.0,,,0.8253
aihub_raw/surface/Surface_1/Surface_108/MP_SEL_SUR_008448.jpg,none,0.0,,,0.0
aihub_raw/surface/Surface_1/Surface_108/MP_SEL_SUR_008449.jpg,none,0.0,,,0.0193
aihub_raw/surface/Surface_1/Surface_108/MP_SEL_SUR_008450.jpg,none,0.0,,,0.0
aihub_raw/surface/Surface_1/Surface_108/MP_SEL_SUR_008451.jpg,none,0.0,,,0.102
aihub_raw/surface/Surface_1/Surface_108/MP_SEL_SUR_008452.jpg,none,0.0,,,0.8691
aihub_raw/surface/Surface_1/Surface_108/MP_SEL_SUR_008453.jpg,none,0.0,,,0.9673
aihub_raw/surface/Surface_1/Surface_108/MP_SEL_SUR_008454.jpg,none,0.0,,,0.7657
aihub_raw/surface/Surface_1/Surface_108/MP_SEL_SUR_008455.jpg,none,0.0,,,0.0
aihub_raw/surface/Surface_1/Surface_108/MP_SEL_SUR_008456.jpg,none,0.0,,,0.6568
aihub_raw/surface/Surface_1/Surface_108/MP_SEL_SUR_008457.jpg,none,0.0,,,0.9944
aihub_raw/surface/Surface_1/Surface_108/MP_SEL_SUR_008458.jpg,none,0.0,,,0.0
aihub_raw/surface/Surface_1/Surface_108/MP_SEL_SUR_008459.jpg,none,0.0,,,0.9766
aihub_raw/surface/Surface_1/Surface_108/MP_SEL_SUR_008460.jpg,on,0.4303,0.226,1.0,0.1231
aihub_raw/surface/Surface_1/Surface_108/MP_SEL_SUR_008461.jpg,none,0.0,,,0.0
aihub_raw/surface/Surface_1/Surface_108/MP_SEL_SUR_008462.jpg,on,0.7662,0.0,1.0,0.0
aihub_raw/surface/Surface_1/Surface_108/MP_SEL_SUR_008463.jpg,none,0.0,,,0.8424
aihub_raw/surface/Surface_1/Surface_108/MP_SEL_SUR_008464.jpg,none_far,0.1552,0.056,0.356,0.7091
aihub_raw/surface/Surface_1/Surface_108/MP_SEL_SUR_008465.jpg,none,0.0,,,0.0
aihub_raw/surface/Surface_1/Surface_108/MP_SEL_SUR_008467.jpg,none,0.0,,,0.5644
aihub_raw/surface/Surface_1/Surface_108/MP_SEL_SUR_008468.jpg,none,0.0,,,0.8587
aihub_raw/surface/Surface_1/Surface_108/MP_SEL_SUR_008469.jpg,none,0.0,,,0.9936
aihub_raw/surface/Surface_1/Surface_109/MP_SEL_SUR_008470.jpg,none,0.0,,,0.4819
aihub_raw/surface/Surface_1/Surface_109/MP_SEL_SUR_008471.jpg,none_far,0.022,0.059,0.152,0.761
aihub_raw/surface/Surface_1/Surface_109/MP_SEL_SUR_008472.jpg,none,0.0,,,0.0
aihub_raw/surface/Surface_1/Surface_109/MP_SEL_SUR_008473.jpg,none,0.0,,,0.0
aihub_raw/surface/Surface_1/Surface_109/MP_SEL_SUR_008474.jpg,on,0.9959,0.0,1.0,0.0
aihub_raw/surface/Surface_1/Surface_109/MP_SEL_SUR_008475.jpg,none,0.0,,,0.0008
aihub_raw/surface/Surface_1/Surface_109/MP_SEL_SUR_008476.jpg,none,0.0,,,0.9969
aihub_raw/surface/Surface_1/Surface_109/MP_SEL_SUR_008477.jpg,none,0.0,,,0.965
aihub_raw/surface/Surface_1/Surface_109/MP_SEL_SUR_008478.jpg,none,0.0,,,0.8019
aihub_raw/surface/Surface_1/Surface_109/MP_SEL_SUR_008479.jpg,none,0.0,,,0.9287
aihub_raw/surface/Surface_1/Surface_109/MP_SEL_SUR_008480.jpg,none,0.0,,,0.999
aihub_raw/surface/Surface_1/Surface_109/MP_SEL_SUR_008481.jpg,none_far,0.1181,0.0,0.141,0.8785
aihub_raw/surface/Surface_1/Surface_109/MP_SEL_SUR_008482.jpg,none,0.0,,,0.8718
aihub_raw/surface/Surface_1/Surface_109/MP_SEL_SUR_008483.jpg,none,0.0,,,1.0
aihub_raw/surface/Surface_1/Surface_109/MP_SEL_SUR_008484.jpg,none,0.0,,,0.9642
aihub_raw/surface/Surface_1/Surface_109/MP_SEL_SUR_008486.jpg,none,0.0,,,1.0
aihub_raw/surface/Surface_1/Surface_109/MP_SEL_SUR_008488.jpg,none,0.0,,,0.9194
aihub_raw/surface/Surface_1/Surface_109/MP_SEL_SUR_008489.jpg,none,0.0,,,0.4493
aihub_raw/surface/Surface_1/Surface_109/MP_SEL_SUR_008490.jpg,none,0.0,,,1.0
aihub_raw/surface/Surface_1/Surface_109/MP_SEL_SUR_008491.jpg,none,0.0,,,0.0
aihub_raw/surface/Surface_1/Surface_109/MP_SEL_SUR_008492.jpg,none,0.0,,,0.0244
aihub_raw/surface/Surface_1/Surface_109/MP_SEL_SUR_008493.jpg,none,0.0,,,0.0
aihub_raw/surface/Surface_1/Surface_109/MP_SEL_SUR_008494.jpg,none,0.0,,,0.8715
aihub_raw/surface/Surface_1/Surface_109/MP_SEL_SUR_008495.jpg,none,0.0,,,0.8323
aihub_raw/surface/Surface_1/Surface_109/MP_SEL_SUR_008496.jpg,none,0.0,,,0.0
aihub_raw/surface/Surface_1/Surface_109/MP_SEL_SUR_008497.jpg,none,0.0,,,0.7104
aihub_raw/surface/Surface_1/Surface_109/MP_SEL_SUR_008498.jpg,none,0.0,,,0.8399
aihub_raw/surface/Surface_1/Surface_109/MP_SEL_SUR_008499.jpg,none,0.0,,,0.0682
aihub_raw/surface/Surface_1/Surface_109/MP_SEL_SUR_008500.jpg,none,0.0,,,0.0
aihub_raw/surface/Surface_1/Surface_109/MP_SEL_SUR_008501.jpg,none,0.0,,,0.9512
aihub_raw/surface/Surface_1/Surface_109/MP_SEL_SUR_008502.jpg,none,0.0,,,0.0
aihub_raw/surface/Surface_1/Surface_109/MP_SEL_SUR_008504.jpg,none,0.0,,,0.9953
aihub_raw/surface/Surface_1/Surface_109/MP_SEL_SUR_008505.jpg,none,0.0,,,0.8792
aihub_raw/surface/Surface_1/Surface_109/MP_SEL_SUR_008506.jpg,none,0.0,,,0.8481
aihub_raw/surface/Surface_1/Surface_109/MP_SEL_SUR_008507.jpg,none,0.0,,,1.0
aihub_raw/surface/Surface_1/Surface_109/MP_SEL_SUR_008508.jpg,none,0.0,,,0.0553
aihub_raw/surface/Surface_1/Surface_109/MP_SEL_SUR_008509.jpg,none,0.0,,,1.0
aihub_raw/surface/Surface_1/Surface_109/MP_SEL_SUR_008510.jpg,none,0.0,,,0.9626
aihub_raw/surface/Surface_1/Surface_109/MP_SEL_SUR_008511.jpg,none,0.0,,,0.8505
aihub_raw/surface/Surface_1/Surface_109/MP_SEL_SUR_008512.jpg,none,0.0,,,0.861
aihub_raw/surface/Surface_1/Surface_109/MP_SEL_SUR_008513.jpg,none,0.0,,,1.0
aihub_raw/surface/Surface_1/Surface_109/MP_SEL_SUR_008514.jpg,none_far,0.0066,0.041,0.126,0.1519
aihub_raw/surface/Surface_1/Surface_109/MP_SEL_SUR_008515.jpg,none,0.0,,,0.6033
aihub_raw/surface/Surface_1/Surface_109/MP_SEL_SUR_008516.jpg,none,0.0,,,0.8492
aihub_raw/surface/Surface_1/Surface_109/MP_SEL_SUR_008517.jpg,on,0.955,0.0,1.0,0.0232
aihub_raw/surface/Surface_1/Surface_109/MP_SEL_SUR_008518.jpg,none,0.0,,,0.172
aihub_raw/surface/Surface_1/Surface_109/MP_SEL_SUR_008519.jpg,none,0.0,,,0.0
aihub_raw/surface/Surface_1/Surface_109/MP_SEL_SUR_008520.jpg,none,0.0,,,0.9963
aihub_raw/surface/Surface_1/Surface_109/MP_SEL_SUR_008521.jpg,none,0.0,,,0.5025
aihub_raw/surface/Surface_1/Surface_109/MP_SEL_SUR_008522.jpg,none,0.0,,,0.0
aihub_raw/surface/Surface_1/Surface_109/MP_SEL_SUR_008523.jpg,none,0.0,,,0.0
aihub_raw/surface/Surface_1/Surface_109/MP_SEL_SUR_008524.jpg,none,0.0,,,0.3502
aihub_raw/surface/Surface_1/Surface_109/MP_SEL_SUR_008525.jpg,none,0.0,,,0.0
aihub_raw/surface/Surface_1/Surface_109/MP_SEL_SUR_008526.jpg,none,0.0,,,0.8374
aihub_raw/surface/Surface_1/Surface_109/MP_SEL_SUR_008527.jpg,none,0.0,,,0.8648
aihub_raw/surface/Surface_1/Surface_109/MP_SEL_SUR_008528.jpg,none,0.0,,,0.9127
aihub_raw/surface/Surface_1/Surface_109/MP_SEL_SUR_008529.jpg,none,0.0,,,0.8004
aihub_raw/surface/Surface_1/Surface_109/MP_SEL_SUR_008530.jpg,none,0.0,,,0.9903
aihub_raw/surface/Surface_1/Surface_109/MP_SEL_SUR_008531.jpg,none,0.0,,,0.906
aihub_raw/surface/Surface_1/Surface_109/MP_SEL_SUR_008532.jpg,none,0.0,,,0.9987
aihub_raw/surface/Surface_1/Surface_109/MP_SEL_SUR_008533.jpg,none,0.0,,,0.0
aihub_raw/surface/Surface_1/Surface_109/MP_SEL_SUR_008534.jpg,none,0.0,,,0.0
aihub_raw/surface/Surface_1/Surface_109/MP_SEL_SUR_008535.jpg,none,0.0,,,0.9751
aihub_raw/surface/Surface_1/Surface_109/MP_SEL_SUR_008536.jpg,none,0.0,,,1.0
aihub_raw/surface/Surface_1/Surface_109/MP_SEL_SUR_008537.jpg,on,0.9428,0.019,1.0,0.0176
aihub_raw/surface/Surface_1/Surface_109/MP_SEL_SUR_008538.jpg,none,0.0,,,0.0
aihub_raw/surface/Surface_1/Surface_109/MP_SEL_SUR_008539.jpg,none,0.0,,,0.0
aihub_raw/surface/Surface_1/Surface_109/MP_SEL_SUR_008540.jpg,none,0.0,,,0.0
aihub_raw/surface/Surface_1/Surface_109/MP_SEL_SUR_008541.jpg,none,0.0,,,0.6233
aihub_raw/surface/Surface_1/Surface_109/MP_SEL_SUR_008542.jpg,none,0.0,,,0.9659
aihub_raw/surface/Surface_1/Surface_109/MP_SEL_SUR_008543.jpg,none_far,0.0307,0.0,0.141,0.9375
aihub_raw/surface/Surface_1/Surface_109/MP_SEL_SUR_008544.jpg,none,0.0,,,0.8593
aihub_raw/surface/Surface_1/Surface_109/MP_SEL_SUR_008545.jpg,none,0.0,,,0.0
aihub_raw/surface/Surface_1/Surface_109/MP_SEL_SUR_008546.jpg,none,0.0,,,0.9926
aihub_raw/surface/Surface_1/Surface_109/MP_SEL_SUR_008547.jpg,none,0.0,,,0.7673
aihub_raw/surface/Surface_1/Surface_109/MP_SEL_SUR_008548.jpg,none,0.0,,,0.0
aihub_raw/surface/Surface_1/Surface_109/MP_SEL_SUR_008549.jpg,none,0.0,,,0.9984
aihub_raw/surface/Surface_1/Surface_110/MP_SEL_SUR_008550.jpg,none,0.0,,,0.6434
aihub_raw/surface/Surface_1/Surface_110/MP_SEL_SUR_008551.jpg,none,0.0,,,0.8154
aihub_raw/surface/Surface_1/Surface_110/MP_SEL_SUR_008552.jpg,none,0.0,,,0.0001
aihub_raw/surface/Surface_1/Surface_110/MP_SEL_SUR_008553.jpg,none,0.0,,,0.9055
aihub_raw/surface/Surface_1/Surface_110/MP_SEL_SUR_008554.jpg,none,0.0,,,0.7661
aihub_raw/surface/Surface_1/Surface_110/MP_SEL_SUR_008555.jpg,none,0.0,,,0.9196
aihub_raw/surface/Surface_1/Surface_110/MP_SEL_SUR_008556.jpg,none,0.0,,,0.8733
aihub_raw/surface/Surface_1/Surface_110/MP_SEL_SUR_008557.jpg,none,0.0,,,0.2449
aihub_raw/surface/Surface_1/Surface_110/MP_SEL_SUR_008558.jpg,none,0.0,,,0.7086
aihub_raw/surface/Surface_1/Surface_110/MP_SEL_SUR_008559.jpg,none,0.0,,,0.5002
aihub_raw/surface/Surface_1/Surface_110/MP_SEL_SUR_008561.jpg,none,0.0,,,0.9262
aihub_raw/surface/Surface_1/Surface_110/MP_SEL_SUR_008562.jpg,none,0.0,,,0.9481
aihub_raw/surface/Surface_1/Surface_110/MP_SEL_SUR_008563.jpg,none,0.0,,,0.9634
aihub_raw/surface/Surface_1/Surface_110/MP_SEL_SUR_008564.jpg,none,0.0,,,0.8847
aihub_raw/surface/Surface_1/Surface_110/MP_SEL_SUR_008565.jpg,none,0.0,,,0.9636
aihub_raw/surface/Surface_1/Surface_110/MP_SEL_SUR_008566.jpg,none,0.0,,,0.0
aihub_raw/surface/Surface_1/Surface_110/MP_SEL_SUR_008567.jpg,none,0.0,,,0.9532
aihub_raw/surface/Surface_1/Surface_110/MP_SEL_SUR_008568.jpg,none,0.0,,,0.0
aihub_raw/surface/Surface_1/Surface_110/MP_SEL_SUR_008569.jpg,none,0.0,,,0.9522
aihub_raw/surface/Surface_1/Surface_110/MP_SEL_SUR_008570.jpg,none,0.0,,,0.8277
aihub_raw/surface/Surface_1/Surface_110/MP_SEL_SUR_008571.jpg,none,0.0,,,0.0
aihub_raw/surface/Surface_1/Surface_110/MP_SEL_SUR_008572.jpg,none,0.0,,,0.6945
aihub_raw/surface/Surface_1/Surface_110/MP_SEL_SUR_008573.jpg,none,0.0,,,0.918
aihub_raw/surface/Surface_1/Surface_110/MP_SEL_SUR_008574.jpg,none,0.0,,,0.4929
aihub_raw/surface/Surface_1/Surface_110/MP_SEL_SUR_008575.jpg,none,0.0,,,0.0
aihub_raw/surface/Surface_1/Surface_110/MP_SEL_SUR_008576.jpg,none,0.0,,,0.0487
aihub_raw/surface/Surface_1/Surface_110/MP_SEL_SUR_008577.jpg,none,0.0,,,0.6679
aihub_raw/surface/Surface_1/Surface_110/MP_SEL_SUR_008578.jpg,none,0.0,,,0.0
aihub_raw/surface/Surface_1/Surface_110/MP_SEL_SUR_008579.jpg,none,0.0,,,0.0
aihub_raw/surface/Surface_1/Surface_110/MP_SEL_SUR_008580.jpg,none,0.0,,,0.0
aihub_raw/surface/Surface_1/Surface_110/MP_SEL_SUR_008581.jpg,none,0.0,,,0.0
aihub_raw/surface/Surface_1/Surface_110/MP_SEL_SUR_008582.jpg,none,0.0,,,0.7543
aihub_raw/surface/Surface_1/Surface_110/MP_SEL_SUR_008583.jpg,none,0.0,,,0.0
aihub_raw/surface/Surface_1/Surface_110/MP_SEL_SUR_008584.jpg,none,0.0,,,0.8635
aihub_raw/surface/Surface_1/Surface_110/MP_SEL_SUR_008585.jpg,none,0.0,,,0.9991
aihub_raw/surface/Surface_1/Surface_110/MP_SEL_SUR_008586.jpg,none,0.0,,,0.5675
aihub_raw/surface/Surface_1/Surface_110/MP_SEL_SUR_008587.jpg,none,0.0,,,0.948
aihub_raw/surface/Surface_1/Surface_110/MP_SEL_SUR_008588.jpg,none,0.0,,,0.4258
aihub_raw/surface/Surface_1/Surface_110/MP_SEL_SUR_008589.jpg,none,0.0,,,0.0
aihub_raw/surface/Surface_1/Surface_110/MP_SEL_SUR_008590.jpg,none,0.0,,,0.0
aihub_raw/surface/Surface_1/Surface_110/MP_SEL_SUR_008591.jpg,none,0.0,,,0.5929
aihub_raw/surface/Surface_1/Surface_110/MP_SEL_SUR_008592.jpg,none,0.0,,,0.861
aihub_raw/surface/Surface_1/Surface_110/MP_SEL_SUR_008593.jpg,none,0.0,,,0.0
aihub_raw/surface/Surface_1/Surface_110/MP_SEL_SUR_008594.jpg,none,0.0,,,0.0
aihub_raw/surface/Surface_1/Surface_110/MP_SEL_SUR_008595.jpg,none,0.0,,,0.0
aihub_raw/surface/Surface_1/Surface_110/MP_SEL_SUR_008596.jpg,none,0.0,,,0.8858
aihub_raw/surface/Surface_1/Surface_110/MP_SEL_SUR_008597.jpg,none_far,0.006,0.0,0.019,0.1831
aihub_raw/surface/Surface_1/Surface_110/MP_SEL_SUR_008598.jpg,none,0.0,,,0.9596
aihub_raw/surface/Surface_1/Surface_110/MP_SEL_SUR_008599.jpg,none,0.0,,,0.9282
aihub_raw/surface/Surface_1/Surface_110/MP_SEL_SUR_008600.jpg,none_far,0.3166,0.0,0.522,0.5704
aihub_raw/surface/Surface_1/Surface_110/MP_SEL_SUR_008601.jpg,none,0.0,,,0.0
aihub_raw/surface/Surface_1/Surface_110/MP_SEL_SUR_008602.jpg,none,0.0,,,0.4479
aihub_raw/surface/Surface_1/Surface_110/MP_SEL_SUR_008603.jpg,none,0.0,,,0.9164
aihub_raw/surface/Surface_1/Surface_110/MP_SEL_SUR_008604.jpg,none,0.0,,,0.0
aihub_raw/surface/Surface_1/Surface_110/MP_SEL_SUR_008605.jpg,none,0.0,,,0.0024
aihub_raw/surface/Surface_1/Surface_110/MP_SEL_SUR_008606.jpg,none,0.0,,,0.0
aihub_raw/surface/Surface_1/Surface_110/MP_SEL_SUR_008607.jpg,none,0.0,,,0.9873
aihub_raw/surface/Surface_1/Surface_110/MP_SEL_SUR_008608.jpg,none,0.0,,,0.9381
aihub_raw/surface/Surface_1/Surface_110/MP_SEL_SUR_008609.jpg,none_far,0.0811,0.0,0.193,0.7703
aihub_raw/surface/Surface_1/Surface_110/MP_SEL_SUR_008610.jpg,none,0.0,,,0.2928
aihub_raw/surface/Surface_1/Surface_110/MP_SEL_SUR_008611.jpg,none,0.0,,,0.5976
aihub_raw/surface/Surface_1/Surface_110/MP_SEL_SUR_008612.jpg,none,0.0,,,0.6997
aihub_raw/surface/Surface_1/Surface_110/MP_SEL_SUR_008614.jpg,none,0.0,,,0.4314
aihub_raw/surface/Surface_1/Surface_110/MP_SEL_SUR_008615.jpg,none,0.0,,,0.7283
aihub_raw/surface/Surface_1/Surface_110/MP_SEL_SUR_008616.jpg,none,0.0,,,0.6259
aihub_raw/surface/Surface_1/Surface_110/MP_SEL_SUR_008617.jpg,none,0.0,,,0.7773
aihub_raw/surface/Surface_1/Surface_110/MP_SEL_SUR_008618.jpg,none,0.0,,,0.858
aihub_raw/surface/Surface_1/Surface_110/MP_SEL_SUR_008619.jpg,none,0.0,,,0.8584
aihub_raw/surface/Surface_1/Surface_110/MP_SEL_SUR_008620.jpg,none,0.0,,,0.3863
aihub_raw/surface/Surface_1/Surface_110/MP_SEL_SUR_008621.jpg,none,0.0,,,0.0
aihub_raw/surface/Surface_1/Surface_110/MP_SEL_SUR_008622.jpg,none,0.0,,,0.0002
aihub_raw/surface/Surface_1/Surface_110/MP_SEL_SUR_008623.jpg,none,0.0,,,0.1293
aihub_raw/surface/Surface_1/Surface_110/MP_SEL_SUR_008624.jpg,none,0.0,,,0.0
aihub_raw/surface/Surface_1/Surface_110/MP_SEL_SUR_008625.jpg,none_far,0.0019,0.1,0.163,0.9682
aihub_raw/surface/Surface_1/Surface_110/MP_SEL_SUR_008626.jpg,none,0.0,,,0.0247
aihub_raw/surface/Surface_1/Surface_110/MP_SEL_SUR_008627.jpg,none,0.0,,,0.0
aihub_raw/surface/Surface_1/Surface_110/MP_SEL_SUR_008628.jpg,none,0.0,,,0.7006
aihub_raw/surface/Surface_1/Surface_110/MP_SEL_SUR_008629.jpg,none,0.0,,,0.0
aihub_raw/surface/Surface_1/Surface_111/MP_SEL_SUR_008630.jpg,none,0.0,,,0.9962
aihub_raw/surface/Surface_1/Surface_111/MP_SEL_SUR_008632.jpg,none,0.0,,,0.0
aihub_raw/surface/Surface_1/Surface_111/MP_SEL_SUR_008634.jpg,none,0.0,,,0.0
aihub_raw/surface/Surface_1/Surface_111/MP_SEL_SUR_008635.jpg,on,0.9275,0.004,1.0,0.0
aihub_raw/surface/Surface_1/Surface_111/MP_SEL_SUR_008636.jpg,none,0.0,,,0.328
aihub_raw/surface/Surface_1/Surface_111/MP_SEL_SUR_008637.jpg,none,0.0,,,0.9887
aihub_raw/surface/Surface_1/Surface_111/MP_SEL_SUR_008638.jpg,none,0.0,,,0.5656
aihub_raw/surface/Surface_1/Surface_111/MP_SEL_SUR_008639.jpg,none,0.0,,,0.0
aihub_raw/surface/Surface_1/Surface_111/MP_SEL_SUR_008640.jpg,none,0.0,,,0.0
aihub_raw/surface/Surface_1/Surface_111/MP_SEL_SUR_008641.jpg,none,0.0,,,0.0
aihub_raw/surface/Surface_1/Surface_111/MP_SEL_SUR_008642.jpg,none,0.0,,,0.8424
aihub_raw/surface/Surface_1/Surface_111/MP_SEL_SUR_008643.jpg,none,0.0,,,0.0
aihub_raw/surface/Surface_1/Surface_111/MP_SEL_SUR_008644.jpg,none,0.0,,,0.8365
aihub_raw/surface/Surface_1/Surface_111/MP_SEL_SUR_008645.jpg,none,0.0,,,0.0
aihub_raw/surface/Surface_1/Surface_111/MP_SEL_SUR_008647.jpg,approach,0.8674,0.0,0.885,0.133
aihub_raw/surface/Surface_1/Surface_111/MP_SEL_SUR_008648.jpg,none,0.0,,,0.8935
aihub_raw/surface/Surface_1/Surface_111/MP_SEL_SUR_008649.jpg,none,0.0,,,0.0018
aihub_raw/surface/Surface_1/Surface_111/MP_SEL_SUR_008650.jpg,none,0.0,,,0.9781
aihub_raw/surface/Surface_1/Surface_111/MP_SEL_SUR_008651.jpg,none,0.0,,,0.6415
aihub_raw/surface/Surface_1/Surface_111/MP_SEL_SUR_008652.jpg,none,0.0,,,0.8142
aihub_raw/surface/Surface_1/Surface_111/MP_SEL_SUR_008653.jpg,none,0.0,,,0.4937
aihub_raw/surface/Surface_1/Surface_111/MP_SEL_SUR_008654.jpg,none,0.0,,,0.5989
aihub_raw/surface/Surface_1/Surface_111/MP_SEL_SUR_008655.jpg,none,0.0,,,0.0
aihub_raw/surface/Surface_1/Surface_111/MP_SEL_SUR_008656.jpg,none,0.0,,,0.9332
aihub_raw/surface/Surface_1/Surface_111/MP_SEL_SUR_008657.jpg,none,0.0,,,0.0
aihub_raw/surface/Surface_1/Surface_111/MP_SEL_SUR_008659.jpg,none,0.0,,,0.0
aihub_raw/surface/Surface_1/Surface_111/MP_SEL_SUR_008660.jpg,none,0.0,,,0.5932
aihub_raw/surface/Surface_1/Surface_111/MP_SEL_SUR_008661.jpg,none,0.0,,,0.0453
aihub_raw/surface/Surface_1/Surface_111/MP_SEL_SUR_008662.jpg,none,0.0,,,0.5738
aihub_raw/surface/Surface_1/Surface_111/MP_SEL_SUR_008663.jpg,none,0.0,,,0.6944
aihub_raw/surface/Surface_1/Surface_111/MP_SEL_SUR_008665.jpg,none,0.0,,,0.9982
aihub_raw/surface/Surface_1/Surface_111/MP_SEL_SUR_008666.jpg,none,0.0,,,0.8108
aihub_raw/surface/Surface_1/Surface_111/MP_SEL_SUR_008667.jpg,none,0.0,,,0.4407
aihub_raw/surface/Surface_1/Surface_111/MP_SEL_SUR_008668.jpg,none,0.0,,,0.9979
aihub_raw/surface/Surface_1/Surface_111/MP_SEL_SUR_008669.jpg,none,0.0,,,0.3681
aihub_raw/surface/Surface_1/Surface_111/MP_SEL_SUR_008670.jpg,none,0.0,,,0.9989
aihub_raw/surface/Surface_1/Surface_111/MP_SEL_SUR_008671.jpg,on,0.615,0.381,1.0,0.265
aihub_raw/surface/Surface_1/Surface_111/MP_SEL_SUR_008672.jpg,none,0.0,,,0.9585
aihub_raw/surface/Surface_1/Surface_111/MP_SEL_SUR_008673.jpg,none,0.0,,,1.0
aihub_raw/surface/Surface_1/Surface_111/MP_SEL_SUR_008675.jpg,none,0.0,,,0.0111
aihub_raw/surface/Surface_1/Surface_111/MP_SEL_SUR_008676.jpg,none,0.0,,,0.4001
aihub_raw/surface/Surface_1/Surface_111/MP_SEL_SUR_008677.jpg,none,0.0,,,1.0
aihub_raw/surface/Surface_1/Surface_111/MP_SEL_SUR_008678.jpg,none,0.0,,,0.8832
aihub_raw/surface/Surface_1/Surface_111/MP_SEL_SUR_008679.jpg,none,0.0,,,0.0
aihub_raw/surface/Surface_1/Surface_111/MP_SEL_SUR_008680.jpg,none,0.0,,,0.9384
aihub_raw/surface/Surface_1/Surface_111/MP_SEL_SUR_008681.jpg,none_far,0.1963,0.0,0.196,0.6825
aihub_raw/surface/Surface_1/Surface_111/MP_SEL_SUR_008682.jpg,none,0.0,,,0.934
aihub_raw/surface/Surface_1/Surface_111/MP_SEL_SUR_008683.jpg,none,0.0,,,0.0
aihub_raw/surface/Surface_1/Surface_111/MP_SEL_SUR_008684.jpg,none,0.0,,,0.0
aihub_raw/surface/Surface_1/Surface_111/MP_SEL_SUR_008685.jpg,none,0.0,,,0.9515
aihub_raw/surface/Surface_1/Surface_111/MP_SEL_SUR_008686.jpg,none,0.0,,,0.9474
aihub_raw/surface/Surface_1/Surface_111/MP_SEL_SUR_008687.jpg,none,0.0,,,0.9978
aihub_raw/surface/Surface_1/Surface_111/MP_SEL_SUR_008688.jpg,none,0.0,,,0.2321
aihub_raw/surface/Surface_1/Surface_111/MP_SEL_SUR_008689.jpg,none,0.0,,,0.6288
aihub_raw/surface/Surface_1/Surface_111/MP_SEL_SUR_008690.jpg,none,0.0,,,0.749
aihub_raw/surface/Surface_1/Surface_111/MP_SEL_SUR_008691.jpg,none,0.0,,,0.0
aihub_raw/surface/Surface_1/Surface_111/MP_SEL_SUR_008692.jpg,none,0.0,,,0.0
aihub_raw/surface/Surface_1/Surface_111/MP_SEL_SUR_008693.jpg,none,0.0,,,0.0
aihub_raw/surface/Surface_1/Surface_111/MP_SEL_SUR_008694.jpg,approach,0.4207,0.185,0.73,0.268
aihub_raw/surface/Surface_1/Surface_111/MP_SEL_SUR_008695.jpg,none,0.0,,,0.5526
aihub_raw/surface/Surface_1/Surface_111/MP_SEL_SUR_008696.jpg,none,0.0,,,0.7462
aihub_raw/surface/Surface_1/Surface_111/MP_SEL_SUR_008697.jpg,none,0.0,,,0.9076
aihub_raw/surface/Surface_1/Surface_111/MP_SEL_SUR_008698.jpg,none,0.0,,,0.6911
aihub_raw/surface/Surface_1/Surface_111/MP_SEL_SUR_008699.jpg,approach,0.2166,0.0,0.889,0.7774
aihub_raw/surface/Surface_1/Surface_111/MP_SEL_SUR_008701.jpg,none,0.0,,,0.8774
aihub_raw/surface/Surface_1/Surface_111/MP_SEL_SUR_008703.jpg,none,0.0,,,0.864
aihub_raw/surface/Surface_1/Surface_111/MP_SEL_SUR_008704.jpg,none,0.0,,,0.303
aihub_raw/surface/Surface_1/Surface_111/MP_SEL_SUR_008705.jpg,none,0.0,,,0.0
aihub_raw/surface/Surface_1/Surface_111/MP_SEL_SUR_008706.jpg,none,0.0,,,0.8292
aihub_raw/surface/Surface_1/Surface_111/MP_SEL_SUR_008707.jpg,none,0.0,,,1.0
aihub_raw/surface/Surface_1/Surface_111/MP_SEL_SUR_008709.jpg,none,0.0,,,0.8175
aihub_raw/surface/Surface_1/Surface_111/MP_SEL_SUR_008710.jpg,none,0.0,,,0.8859
aihub_raw/surface/Surface_1/Surface_112/MP_SEL_SUR_008711.jpg,none_far,0.2267,0.0,0.326,0.6699
aihub_raw/surface/Surface_1/Surface_112/MP_SEL_SUR_008712.jpg,none,0.0,,,0.0
aihub_raw/surface/Surface_1/Surface_112/MP_SEL_SUR_008713.jpg,none,0.0,,,0.8958
aihub_raw/surface/Surface_1/Surface_112/MP_SEL_SUR_008714.jpg,none,0.0,,,0.9989
aihub_raw/surface/Surface_1/Surface_112/MP_SEL_SUR_008715.jpg,none,0.0,,,0.7509
aihub_raw/surface/Surface_1/Surface_112/MP_SEL_SUR_008716.jpg,none,0.0,,,0.9227
aihub_raw/surface/Surface_1/Surface_112/MP_SEL_SUR_008717.jpg,none,0.0,,,0.0
aihub_raw/surface/Surface_1/Surface_112/MP_SEL_SUR_008718.jpg,none,0.0,,,0.9346
aihub_raw/surface/Surface_1/Surface_112/MP_SEL_SUR_008719.jpg,none,0.0,,,0.8751
aihub_raw/surface/Surface_1/Surface_112/MP_SEL_SUR_008720.jpg,none,0.0,,,0.7123
aihub_raw/surface/Surface_1/Surface_112/MP_SEL_SUR_008721.jpg,none,0.0,,,0.8298
aihub_raw/surface/Surface_1/Surface_112/MP_SEL_SUR_008722.jpg,none,0.0,,,0.0
aihub_raw/surface/Surface_1/Surface_112/MP_SEL_SUR_008723.jpg,none,0.0,,,0.0
aihub_raw/surface/Surface_1/Surface_112/MP_SEL_SUR_008724.jpg,none,0.0,,,0.0
aihub_raw/surface/Surface_1/Surface_112/MP_SEL_SUR_008725.jpg,none_far,0.0021,0.0,0.052,0.5548
aihub_raw/surface/Surface_1/Surface_112/MP_SEL_SUR_008726.jpg,none,0.0,,,0.0
aihub_raw/surface/Surface_1/Surface_112/MP_SEL_SUR_008727.jpg,approach,0.4214,0.0,0.63,0.399
aihub_raw/surface/Surface_1/Surface_112/MP_SEL_SUR_008728.jpg,none,0.0,,,0.0
aihub_raw/surface/Surface_1/Surface_112/MP_SEL_SUR_008729.jpg,none,0.0,,,0.0
aihub_raw/surface/Surface_1/Surface_112/MP_SEL_SUR_008730.jpg,none,0.0,,,0.7179
aihub_raw/surface/Surface_1/Surface_112/MP_SEL_SUR_008731.jpg,none,0.0,,,0.0
aihub_raw/surface/Surface_1/Surface_112/MP_SEL_SUR_008732.jpg,none,0.0,,,0.0
aihub_raw/surface/Surface_1/Surface_112/MP_SEL_SUR_008733.jpg,none,0.0,,,0.0
aihub_raw/surface/Surface_1/Surface_112/MP_SEL_SUR_008734.jpg,none,0.0,,,0.038
aihub_raw/surface/Surface_1/Surface_112/MP_SEL_SUR_008736.jpg,none_far,0.0018,0.033,0.07,0.9897
aihub_raw/surface/Surface_1/Surface_112/MP_SEL_SUR_008737.jpg,none,0.0,,,0.9934
aihub_raw/surface/Surface_1/Surface_112/MP_SEL_SUR_008738.jpg,none,0.0,,,0.926
aihub_raw/surface/Surface_1/Surface_112/MP_SEL_SUR_008739.jpg,none,0.0,,,0.9979
aihub_raw/surface/Surface_1/Surface_112/MP_SEL_SUR_008740.jpg,on,0.7737,0.152,1.0,0.1461
aihub_raw/surface/Surface_1/Surface_112/MP_SEL_SUR_008741.jpg,none_far,0.3759,0.0,0.47,0.6205
aihub_raw/surface/Surface_1/Surface_112/MP_SEL_SUR_008742.jpg,none,0.0,,,0.912
aihub_raw/surface/Surface_1/Surface_112/MP_SEL_SUR_008743.jpg,none,0.0,,,0.9329
aihub_raw/surface/Surface_1/Surface_112/MP_SEL_SUR_008744.jpg,none,0.0,,,0.9748
aihub_raw/surface/Surface_1/Surface_112/MP_SEL_SUR_008745.jpg,none,0.0,,,0.0
aihub_raw/surface/Surface_1/Surface_112/MP_SEL_SUR_008746.jpg,none,0.0,,,0.818
aihub_raw/surface/Surface_1/Surface_112/MP_SEL_SUR_008747.jpg,none,0.0,,,0.94
aihub_raw/surface/Surface_1/Surface_112/MP_SEL_SUR_008748.jpg,none,0.0,,,0.8545
aihub_raw/surface/Surface_1/Surface_112/MP_SEL_SUR_008749.jpg,none,0.0,,,0.0
aihub_raw/surface/Surface_1/Surface_112/MP_SEL_SUR_008750.jpg,none,0.0,,,0.8458
aihub_raw/surface/Surface_1/Surface_112/MP_SEL_SUR_008751.jpg,none,0.0,,,0.6096
aihub_raw/surface/Surface_1/Surface_112/MP_SEL_SUR_008752.jpg,approach,0.5503,0.233,0.793,0.3681
aihub_raw/surface/Surface_1/Surface_112/MP_SEL_SUR_008753.jpg,none,0.0,,,0.8856
aihub_raw/surface/Surface_1/Surface_112/MP_SEL_SUR_008754.jpg,none_far,0.3753,0.033,0.578,0.4762
aihub_raw/surface/Surface_1/Surface_112/MP_SEL_SUR_008755.jpg,none,0.0,,,0.9677
aihub_raw/surface/Surface_1/Surface_112/MP_SEL_SUR_008756.jpg,none,0.0,,,0.0
aihub_raw/surface/Surface_1/Surface_112/MP_SEL_SUR_008757.jpg,none,0.0,,,0.551
aihub_raw/surface/Surface_1/Surface_112/MP_SEL_SUR_008758.jpg,none,0.0,,,0.8203
aihub_raw/surface/Surface_1/Surface_112/MP_SEL_SUR_008759.jpg,on,1.0,0.0,1.0,0.0
aihub_raw/surface/Surface_1/Surface_112/MP_SEL_SUR_008760.jpg,none,0.0,,,0.918
aihub_raw/surface/Surface_1/Surface_112/MP_SEL_SUR_008761.jpg,none,0.0,,,0.1948
aihub_raw/surface/Surface_1/Surface_112/MP_SEL_SUR_008762.jpg,none_far,0.0018,0.159,0.207,0.8488
aihub_raw/surface/Surface_1/Surface_112/MP_SEL_SUR_008763.jpg,none,0.0,,,0.3667
aihub_raw/surface/Surface_1/Surface_112/MP_SEL_SUR_008764.jpg,none,0.0,,,0.1171
aihub_raw/surface/Surface_1/Surface_112/MP_SEL_SUR_008765.jpg,none,0.0,,,0.6726
aihub_raw/surface/Surface_1/Surface_112/MP_SEL_SUR_008766.jpg,none,0.0,,,0.8178
aihub_raw/surface/Surface_1/Surface_112/MP_SEL_SUR_008767.jpg,none,0.0,,,0.0
aihub_raw/surface/Surface_1/Surface_112/MP_SEL_SUR_008768.jpg,none,0.0,,,0.0
aihub_raw/surface/Surface_1/Surface_112/MP_SEL_SUR_008769.jpg,none,0.0,,,0.9541
aihub_raw/surface/Surface_1/Surface_112/MP_SEL_SUR_008770.jpg,none,0.0,,,0.0
aihub_raw/surface/Surface_1/Surface_112/MP_SEL_SUR_008771.jpg,none_far,0.0147,0.126,0.259,0.6122
aihub_raw/surface/Surface_1/Surface_112/MP_SEL_SUR_008772.jpg,none,0.0,,,0.0
aihub_raw/surface/Surface_1/Surface_112/MP_SEL_SUR_008773.jpg,none,0.0,,,0.0
aihub_raw/surface/Surface_1/Surface_112/MP_SEL_SUR_008774.jpg,none,0.0,,,0.5052
aihub_raw/surface/Surface_1/Surface_112/MP_SEL_SUR_008775.jpg,none,0.0,,,0.9707
aihub_raw/surface/Surface_1/Surface_112/MP_SEL_SUR_008776.jpg,none,0.0,,,0.8309
aihub_raw/surface/Surface_1/Surface_112/MP_SEL_SUR_008777.jpg,none,0.0,,,0.0064
aihub_raw/surface/Surface_1/Surface_112/MP_SEL_SUR_008778.jpg,none_far,0.0505,0.174,0.581,0.0971
aihub_raw/surface/Surface_1/Surface_112/MP_SEL_SUR_008779.jpg,none,0.0,,,0.8993
aihub_raw/surface/Surface_1/Surface_112/MP_SEL_SUR_008780.jpg,none,0.0,,,0.1046
aihub_raw/surface/Surface_1/Surface_112/MP_SEL_SUR_008781.jpg,none,0.0,,,0.0057
aihub_raw/surface/Surface_1/Surface_112/MP_SEL_SUR_008782.jpg,none,0.0,,,0.0
aihub_raw/surface/Surface_1/Surface_112/MP_SEL_SUR_008783.jpg,none,0.0,,,0.7843
aihub_raw/surface/Surface_1/Surface_112/MP_SEL_SUR_008785.jpg,none,0.0,,,0.9252
aihub_raw/surface/Surface_1/Surface_112/MP_SEL_SUR_008786.jpg,none,0.0,,,0.8131
aihub_raw/surface/Surface_1/Surface_112/MP_SEL_SUR_008787.jpg,none,0.0,,,0.0
aihub_raw/surface/Surface_1/Surface_112/MP_SEL_SUR_008788.jpg,none,0.0,,,0.785
aihub_raw/surface/Surface_1/Surface_112/MP_SEL_SUR_008789.jpg,none,0.0,,,0.885
aihub_raw/surface/Surface_1/Surface_112/MP_SEL_SUR_008790.jpg,none,0.0,,,0.0
aihub_raw/surface/Surface_1/Surface_113/MP_SEL_SUR_008791.jpg,none,0.0,,,0.0
aihub_raw/surface/Surface_1/Surface_113/MP_SEL_SUR_008792.jpg,none,0.0,,,0.8877
aihub_raw/surface/Surface_1/Surface_113/MP_SEL_SUR_008793.jpg,none_far,0.03,0.004,0.185,0.7913
aihub_raw/surface/Surface_1/Surface_113/MP_SEL_SUR_008794.jpg,none,0.0,,,0.042
aihub_raw/surface/Surface_1/Surface_113/MP_SEL_SUR_008795.jpg,none,0.0,,,0.9972
aihub_raw/surface/Surface_1/Surface_113/MP_SEL_SUR_008796.jpg,none,0.0,,,0.7151
aihub_raw/surface/Surface_1/Surface_113/MP_SEL_SUR_008797.jpg,none,0.0,,,0.8346
aihub_raw/surface/Surface_1/Surface_113/MP_SEL_SUR_008798.jpg,none,0.0,,,0.8731
aihub_raw/surface/Surface_1/Surface_113/MP_SEL_SUR_008799.jpg,none,0.0,,,0.9567
aihub_raw/surface/Surface_1/Surface_113/MP_SEL_SUR_008800.jpg,none_far,0.001,0.007,0.026,0.8286
aihub_raw/surface/Surface_1/Surface_113/MP_SEL_SUR_008801.jpg,none,0.0,,,0.8269
aihub_raw/surface/Surface_1/Surface_113/MP_SEL_SUR_008802.jpg,none,0.0,,,0.6166
aihub_raw/surface/Surface_1/Surface_113/MP_SEL_SUR_008803.jpg,none,0.0,,,0.0
aihub_raw/surface/Surface_1/Surface_113/MP_SEL_SUR_008804.jpg,none,0.0,,,0.8943
aihub_raw/surface/Surface_1/Surface_113/MP_SEL_SUR_008805.jpg,none,0.0,,,0.0
aihub_raw/surface/Surface_1/Surface_113/MP_SEL_SUR_008806.jpg,none,0.0,,,0.5308
aihub_raw/surface/Surface_1/Surface_113/MP_SEL_SUR_008807.jpg,none,0.0,,,0.0
aihub_raw/surface/Surface_1/Surface_113/MP_SEL_SUR_008808.jpg,none_far,0.0003,0.0,0.019,0.8539
aihub_raw/surface/Surface_1/Surface_113/MP_SEL_SUR_008809.jpg,none,0.0,,,0.0
aihub_raw/surface/Surface_1/Surface_113/MP_SEL_SUR_008810.jpg,none,0.0,,,0.8487
aihub_raw/surface/Surface_1/Surface_113/MP_SEL_SUR_008811.jpg,none,0.0,,,1.0
aihub_raw/surface/Surface_1/Surface_113/MP_SEL_SUR_008812.jpg,none,0.0,,,1.0
aihub_raw/surface/Surface_1/Surface_113/MP_SEL_SUR_008813.jpg,none,0.0,,,0.7922
aihub_raw/surface/Surface_1/Surface_113/MP_SEL_SUR_008814.jpg,none,0.0,,,0.0
aihub_raw/surface/Surface_1/Surface_113/MP_SEL_SUR_008815.jpg,none,0.0,,,0.7704
aihub_raw/surface/Surface_1/Surface_113/MP_SEL_SUR_008816.jpg,none,0.0,,,0.0
aihub_raw/surface/Surface_1/Surface_113/MP_SEL_SUR_008817.jpg,none,0.0,,,0.0
aihub_raw/surface/Surface_1/Surface_113/MP_SEL_SUR_008818.jpg,none,0.0,,,0.8868
aihub_raw/surface/Surface_1/Surface_113/MP_SEL_SUR_008819.jpg,none,0.0,,,0.7098
aihub_raw/surface/Surface_1/Surface_113/MP_SEL_SUR_008820.jpg,none,0.0,,,0.9997
aihub_raw/surface/Surface_1/Surface_113/MP_SEL_SUR_008821.jpg,none,0.0,,,0.9277
aihub_raw/surface/Surface_1/Surface_113/MP_SEL_SUR_008822.jpg,none,0.0,,,0.0014
aihub_raw/surface/Surface_1/Surface_113/MP_SEL_SUR_008823.jpg,none,0.0,,,0.9942
aihub_raw/surface/Surface_1/Surface_113/MP_SEL_SUR_008824.jpg,none,0.0,,,0.861
aihub_raw/surface/Surface_1/Surface_113/MP_SEL_SUR_008825.jpg,none,0.0,,,0.0
aihub_raw/surface/Surface_1/Surface_113/MP_SEL_SUR_008826.jpg,none,0.0,,,0.9028
aihub_raw/surface/Surface_1/Surface_113/MP_SEL_SUR_008827.jpg,none,0.0,,,0.9174
aihub_raw/surface/Surface_1/Surface_113/MP_SEL_SUR_008828.jpg,none,0.0,,,0.0
aihub_raw/surface/Surface_1/Surface_113/MP_SEL_SUR_008830.jpg,none,0.0,,,0.0324
aihub_raw/surface/Surface_1/Surface_113/MP_SEL_SUR_008831.jpg,none,0.0,,,0.0
aihub_raw/surface/Surface_1/Surface_113/MP_SEL_SUR_008832.jpg,none,0.0,,,0.6698
aihub_raw/surface/Surface_1/Surface_113/MP_SEL_SUR_008833.jpg,none,0.0,,,0.9414
aihub_raw/surface/Surface_1/Surface_113/MP_SEL_SUR_008834.jpg,none,0.0,,,0.8275
aihub_raw/surface/Surface_1/Surface_113/MP_SEL_SUR_008836.jpg,none,0.0,,,0.0
aihub_raw/surface/Surface_1/Surface_113/MP_SEL_SUR_008837.jpg,none,0.0,,,1.0
aihub_raw/surface/Surface_1/Surface_113/MP_SEL_SUR_008838.jpg,none,0.0,,,0.99
aihub_raw/surface/Surface_1/Surface_113/MP_SEL_SUR_008839.jpg,none,0.0,,,0.8977
aihub_raw/surface/Surface_1/Surface_113/MP_SEL_SUR_008840.jpg,none,0.0,,,0.0
aihub_raw/surface/Surface_1/Surface_113/MP_SEL_SUR_008841.jpg,none,0.0,,,0.9559
aihub_raw/surface/Surface_1/Surface_113/MP_SEL_SUR_008842.jpg,none,0.0,,,0.9861
aihub_raw/surface/Surface_1/Surface_113/MP_SEL_SUR_008843.jpg,none,0.0,,,0.0
aihub_raw/surface/Surface_1/Surface_113/MP_SEL_SUR_008844.jpg,none,0.0,,,0.8395
aihub_raw/surface/Surface_1/Surface_113/MP_SEL_SUR_008845.jpg,on,0.8561,0.126,1.0,0.0272
aihub_raw/surface/Surface_1/Surface_113/MP_SEL_SUR_008846.jpg,none,0.0,,,0.0
aihub_raw/surface/Surface_1/Surface_113/MP_SEL_SUR_008847.jpg,none,0.0,,,0.0312
aihub_raw/surface/Surface_1/Surface_113/MP_SEL_SUR_008848.jpg,none,0.0,,,0.9997
aihub_raw/surface/Surface_1/Surface_113/MP_SEL_SUR_008849.jpg,none,0.0,,,0.8157
aihub_raw/surface/Surface_1/Surface_113/MP_SEL_SUR_008850.jpg,none,0.0,,,0.2932
aihub_raw/surface/Surface_1/Surface_113/MP_SEL_SUR_008851.jpg,none,0.0,,,0.9341
aihub_raw/surface/Surface_1/Surface_113/MP_SEL_SUR_008852.jpg,none,0.0,,,1.0
aihub_raw/surface/Surface_1/Surface_113/MP_SEL_SUR_008853.jpg,none,0.0,,,0.9236
aihub_raw/surface/Surface_1/Surface_113/MP_SEL_SUR_008854.jpg,none,0.0,,,0.0
aihub_raw/surface/Surface_1/Surface_113/MP_SEL_SUR_008855.jpg,none,0.0,,,0.9947
aihub_raw/surface/Surface_1/Surface_113/MP_SEL_SUR_008856.jpg,none,0.0,,,0.2629
aihub_raw/surface/Surface_1/Surface_113/MP_SEL_SUR_008857.jpg,none,0.0,,,0.1444
aihub_raw/surface/Surface_1/Surface_113/MP_SEL_SUR_008858.jpg,none,0.0,,,0.7662
aihub_raw/surface/Surface_1/Surface_113/MP_SEL_SUR_008859.jpg,none,0.0,,,0.0
aihub_raw/surface/Surface_1/Surface_113/MP_SEL_SUR_008860.jpg,none,0.0,,,0.1384
aihub_raw/surface/Surface_1/Surface_113/MP_SEL_SUR_008861.jpg,none,0.0,,,0.0
aihub_raw/surface/Surface_1/Surface_113/MP_SEL_SUR_008862.jpg,none_far,0.0156,0.044,0.181,0.7908
aihub_raw/surface/Surface_1/Surface_113/MP_SEL_SUR_008863.jpg,none,0.0,,,0.8626
aihub_raw/surface/Surface_1/Surface_113/MP_SEL_SUR_008864.jpg,approach,0.6159,0.0,0.633,0.3826
aihub_raw/surface/Surface_1/Surface_113/MP_SEL_SUR_008865.jpg,none,0.0,,,0.0
aihub_raw/surface/Surface_1/Surface_113/MP_SEL_SUR_008866.jpg,none,0.0,,,0.9784
aihub_raw/surface/Surface_1/Surface_113/MP_SEL_SUR_008867.jpg,none,0.0,,,0.9959
aihub_raw/surface/Surface_1/Surface_113/MP_SEL_SUR_008868.jpg,none,0.0,,,0.0
aihub_raw/surface/Surface_1/Surface_113/MP_SEL_SUR_008869.jpg,none,0.0,,,1.0
aihub_raw/surface/Surface_1/Surface_113/MP_SEL_SUR_008870.jpg,none,0.0,,,0.8663
aihub_raw/surface/Surface_1/Surface_114/MP_SEL_SUR_008871.jpg,none,0.0,,,0.9457
aihub_raw/surface/Surface_1/Surface_114/MP_SEL_SUR_008872.jpg,none,0.0,,,0.8786
aihub_raw/surface/Surface_1/Surface_114/MP_SEL_SUR_008873.jpg,none,0.0,,,0.0
aihub_raw/surface/Surface_1/Surface_114/MP_SEL_SUR_008874.jpg,none,0.0,,,0.0
aihub_raw/surface/Surface_1/Surface_114/MP_SEL_SUR_008875.jpg,none,0.0,,,0.0
aihub_raw/surface/Surface_1/Surface_114/MP_SEL_SUR_008876.jpg,none,0.0,,,0.0
aihub_raw/surface/Surface_1/Surface_114/MP_SEL_SUR_008877.jpg,none,0.0,,,0.9899
aihub_raw/surface/Surface_1/Surface_114/MP_SEL_SUR_008878.jpg,none,0.0,,,0.2941
aihub_raw/surface/Surface_1/Surface_114/MP_SEL_SUR_008879.jpg,none,0.0,,,0.7857
aihub_raw/surface/Surface_1/Surface_114/MP_SEL_SUR_008880.jpg,none,0.0,,,0.0
aihub_raw/surface/Surface_1/Surface_114/MP_SEL_SUR_008881.jpg,none,0.0,,,0.0497
aihub_raw/surface/Surface_1/Surface_114/MP_SEL_SUR_008882.jpg,on,0.7715,0.104,1.0,0.059
aihub_raw/surface/Surface_1/Surface_114/MP_SEL_SUR_008883.jpg,none,0.0,,,0.0
aihub_raw/surface/Surface_1/Surface_114/MP_SEL_SUR_008884.jpg,none,0.0,,,0.0
aihub_raw/surface/Surface_1/Surface_114/MP_SEL_SUR_008885.jpg,none,0.0,,,0.0
aihub_raw/surface/Surface_1/Surface_114/MP_SEL_SUR_008886.jpg,none,0.0,,,0.0
aihub_raw/surface/Surface_1/Surface_114/MP_SEL_SUR_008887.jpg,none,0.0,,,0.7393
aihub_raw/surface/Surface_1/Surface_114/MP_SEL_SUR_008888.jpg,none_far,0.0219,0.159,0.352,0.6689
aihub_raw/surface/Surface_1/Surface_114/MP_SEL_SUR_008889.jpg,none,0.0,,,0.858
aihub_raw/surface/Surface_1/Surface_114/MP_SEL_SUR_008891.jpg,none,0.0,,,0.6914
aihub_raw/surface/Surface_1/Surface_114/MP_SEL_SUR_008893.jpg,none,0.0,,,0.0358
aihub_raw/surface/Surface_1/Surface_114/MP_SEL_SUR_008894.jpg,none,0.0,,,0.9051
aihub_raw/surface/Surface_1/Surface_114/MP_SEL_SUR_008895.jpg,none,0.0,,,0.3396
aihub_raw/surface/Surface_1/Surface_114/MP_SEL_SUR_008896.jpg,none,0.0,,,0.9811
aihub_raw/surface/Surface_1/Surface_114/MP_SEL_SUR_008897.jpg,none,0.0,,,0.9949
aihub_raw/surface/Surface_1/Surface_114/MP_SEL_SUR_008899.jpg,none,0.0,,,0.8574
aihub_raw/surface/Surface_1/Surface_114/MP_SEL_SUR_008900.jpg,none,0.0,,,0.9208
aihub_raw/surface/Surface_1/Surface_114/MP_SEL_SUR_008901.jpg,none,0.0,,,0.0
aihub_raw/surface/Surface_1/Surface_114/MP_SEL_SUR_008902.jpg,none,0.0,,,1.0
aihub_raw/surface/Surface_1/Surface_114/MP_SEL_SUR_008903.jpg,none,0.0,,,0.6264
aihub_raw/surface/Surface_1/Surface_114/MP_SEL_SUR_008904.jpg,none,0.0,,,0.0799
aihub_raw/surface/Surface_1/Surface_114/MP_SEL_SUR_008905.jpg,none,0.0,,,1.0
aihub_raw/surface/Surface_1/Surface_114/MP_SEL_SUR_008906.jpg,none,0.0,,,0.0
aihub_raw/surface/Surface_1/Surface_114/MP_SEL_SUR_008907.jpg,none,0.0,,,0.0
aihub_raw/surface/Surface_1/Surface_114/MP_SEL_SUR_008908.jpg,none,0.0,,,0.746
aihub_raw/surface/Surface_1/Surface_114/MP_SEL_SUR_008909.jpg,none,0.0,,,1.0
aihub_raw/surface/Surface_1/Surface_114/MP_SEL_SUR_008910.jpg,none,0.0,,,0.0
aihub_raw/surface/Surface_1/Surface_114/MP_SEL_SUR_008911.jpg,none,0.0,,,0.4375
aihub_raw/surface/Surface_1/Surface_114/MP_SEL_SUR_008913.jpg,none,0.0,,,0.0
aihub_raw/surface/Surface_1/Surface_114/MP_SEL_SUR_008914.jpg,none,0.0,,,0.9962
aihub_raw/surface/Surface_1/Surface_114/MP_SEL_SUR_008915.jpg,none,0.0,,,0.9124
aihub_raw/surface/Surface_1/Surface_114/MP_SEL_SUR_008916.jpg,none,0.0,,,0.9607
aihub_raw/surface/Surface_1/Surface_114/MP_SEL_SUR_008917.jpg,none,0.0,,,0.9734
aihub_raw/surface/Surface_1/Surface_114/MP_SEL_SUR_008918.jpg,none,0.0,,,0.0635
aihub_raw/surface/Surface_1/Surface_114/MP_SEL_SUR_008919.jpg,none,0.0,,,0.3538
aihub_raw/surface/Surface_1/Surface_114/MP_SEL_SUR_008920.jpg,none,0.0,,,0.9005
aihub_raw/surface/Surface_1/Surface_114/MP_SEL_SUR_008921.jpg,none,0.0,,,0.0
aihub_raw/surface/Surface_1/Surface_114/MP_SEL_SUR_008922.jpg,none,0.0,,,0.0071
aihub_raw/surface/Surface_1/Surface_114/MP_SEL_SUR_008923.jpg,none,0.0,,,0.9142
aihub_raw/surface/Surface_1/Surface_114/MP_SEL_SUR_008924.jpg,none,0.0,,,0.9077
aihub_raw/surface/Surface_1/Surface_114/MP_SEL_SUR_008925.jpg,none,0.0,,,0.0
aihub_raw/surface/Surface_1/Surface_114/MP_SEL_SUR_008926.jpg,none_far,0.0102,0.026,0.096,0.8198
aihub_raw/surface/Surface_1/Surface_114/MP_SEL_SUR_008927.jpg,none_far,0.058,0.0,0.181,0.7843
aihub_raw/surface/Surface_1/Surface_114/MP_SEL_SUR_008928.jpg,none,0.0,,,0.9863
aihub_raw/surface/Surface_1/Surface_114/MP_SEL_SUR_008929.jpg,none,0.0,,,0.7419
aihub_raw/surface/Surface_1/Surface_114/MP_SEL_SUR_008930.jpg,none,0.0,,,0.0885
aihub_raw/surface/Surface_1/Surface_114/MP_SEL_SUR_008931.jpg,none,0.0,,,0.9861
aihub_raw/surface/Surface_1/Surface_114/MP_SEL_SUR_008932.jpg,none,0.0,,,0.9757
aihub_raw/surface/Surface_1/Surface_114/MP_SEL_SUR_008933.jpg,none,0.0,,,0.9026
aihub_raw/surface/Surface_1/Surface_114/MP_SEL_SUR_008934.jpg,none,0.0,,,1.0
aihub_raw/surface/Surface_1/Surface_114/MP_SEL_SUR_008935.jpg,none,0.0,,,1.0
aihub_raw/surface/Surface_1/Surface_114/MP_SEL_SUR_008936.jpg,none,0.0,,,0.645
aihub_raw/surface/Surface_1/Surface_114/MP_SEL_SUR_008937.jpg,none,0.0,,,0.0257
aihub_raw/surface/Surface_1/Surface_114/MP_SEL_SUR_008938.jpg,none,0.0,,,0.0076
aihub_raw/surface/Surface_1/Surface_114/MP_SEL_SUR_008939.jpg,none,0.0,,,0.0
aihub_raw/surface/Surface_1/Surface_114/MP_SEL_SUR_008940.jpg,none,0.0,,,0.0211
aihub_raw/surface/Surface_1/Surface_114/MP_SEL_SUR_008941.jpg,none,0.0,,,0.9966
aihub_raw/surface/Surface_1/Surface_114/MP_SEL_SUR_008942.jpg,none,0.0,,,0.0
aihub_raw/surface/Surface_1/Surface_114/MP_SEL_SUR_008943.jpg,none,0.0,,,0.0
aihub_raw/surface/Surface_1/Surface_114/MP_SEL_SUR_008945.jpg,none,0.0,,,0.0
aihub_raw/surface/Surface_1/Surface_114/MP_SEL_SUR_008946.jpg,none,0.0,,,0.0
aihub_raw/surface/Surface_1/Surface_114/MP_SEL_SUR_008947.jpg,none,0.0,,,0.2643
aihub_raw/surface/Surface_1/Surface_114/MP_SEL_SUR_008948.jpg,none,0.0,,,0.9694
aihub_raw/surface/Surface_1/Surface_114/MP_SEL_SUR_008949.jpg,none,0.0,,,0.8109
aihub_raw/surface/Surface_1/Surface_114/MP_SEL_SUR_008950.jpg,none,0.0,,,0.7173
aihub_raw/surface/Surface_1/Surface_114/MP_SEL_SUR_008951.jpg,none_far,0.4383,0.0,0.467,0.5618
aihub_raw/surface/Surface_1/Surface_115/MP_SEL_SUR_008954.jpg,none,0.0,,,1.0
aihub_raw/surface/Surface_1/Surface_115/MP_SEL_SUR_008955.jpg,none,0.0,,,0.6321
aihub_raw/surface/Surface_1/Surface_115/MP_SEL_SUR_008956.jpg,none,0.0,,,0.9119
aihub_raw/surface/Surface_1/Surface_115/MP_SEL_SUR_008957.jpg,none,0.0,,,0.0
aihub_raw/surface/Surface_1/Surface_115/MP_SEL_SUR_008958.jpg,none,0.0,,,0.9591
aihub_raw/surface/Surface_1/Surface_115/MP_SEL_SUR_008959.jpg,none,0.0,,,0.9998
aihub_raw/surface/Surface_1/Surface_115/MP_SEL_SUR_008960.jpg,none,0.0,,,0.0
aihub_raw/surface/Surface_1/Surface_115/MP_SEL_SUR_008961.jpg,none,0.0,,,0.7682
aihub_raw/surface/Surface_1/Surface_115/MP_SEL_SUR_008962.jpg,none,0.0,,,0.0
aihub_raw/surface/Surface_1/Surface_115/MP_SEL_SUR_008963.jpg,none_far,0.2962,0.0,0.348,0.6608
aihub_raw/surface/Surface_1/Surface_115/MP_SEL_SUR_008964.jpg,none,0.0,,,0.7445
aihub_raw/surface/Surface_1/Surface_115/MP_SEL_SUR_008965.jpg,none,0.0,,,0.0
aihub_raw/surface/Surface_1/Surface_115/MP_SEL_SUR_008967.jpg,none,0.0,,,0.9955
aihub_raw/surface/Surface_1/Surface_115/MP_SEL_SUR_008968.jpg,none,0.0,,,0.6368
aihub_raw/surface/Surface_1/Surface_115/MP_SEL_SUR_008969.jpg,none,0.0,,,0.9935
aihub_raw/surface/Surface_1/Surface_115/MP_SEL_SUR_008970.jpg,none,0.0,,,0.751
aihub_raw/surface/Surface_1/Surface_115/MP_SEL_SUR_008971.jpg,none,0.0,,,0.9059
aihub_raw/surface/Surface_1/Surface_115/MP_SEL_SUR_008972.jpg,none,0.0,,,0.0
aihub_raw/surface/Surface_1/Surface_115/MP_SEL_SUR_008973.jpg,none_far,0.0076,0.052,0.13,0.8097
aihub_raw/surface/Surface_1/Surface_115/MP_SEL_SUR_008974.jpg,none,0.0,,,0.9687
aihub_raw/surface/Surface_1/Surface_115/MP_SEL_SUR_008975.jpg,none,0.0,,,0.8655
aihub_raw/surface/Surface_1/Surface_115/MP_SEL_SUR_008976.jpg,none,0.0,,,0.7623
aihub_raw/surface/Surface_1/Surface_115/MP_SEL_SUR_008977.jpg,none,0.0,,,0.8327
aihub_raw/surface/Surface_1/Surface_115/MP_SEL_SUR_008978.jpg,none,0.0,,,0.0359
aihub_raw/surface/Surface_1/Surface_115/MP_SEL_SUR_008980.jpg,none,0.0,,,0.2406
aihub_raw/surface/Surface_1/Surface_115/MP_SEL_SUR_008981.jpg,none,0.0,,,0.8717
aihub_raw/surface/Surface_1/Surface_115/MP_SEL_SUR_008982.jpg,none,0.0,,,0.8188
aihub_raw/surface/Surface_1/Surface_115/MP_SEL_SUR_008983.jpg,none,0.0,,,0.8638
aihub_raw/surface/Surface_1/Surface_115/MP_SEL_SUR_008984.jpg,none,0.0,,,0.0
aihub_raw/surface/Surface_1/Surface_115/MP_SEL_SUR_008985.jpg,none,0.0,,,0.0
aihub_raw/surface/Surface_1/Surface_115/MP_SEL_SUR_008986.jpg,none,0.0,,,0.8466
aihub_raw/surface/Surface_1/Surface_115/MP_SEL_SUR_008987.jpg,none,0.0,,,0.9519
aihub_raw/surface/Surface_1/Surface_115/MP_SEL_SUR_008988.jpg,none,0.0,,,0.0
aihub_raw/surface/Surface_1/Surface_115/MP_SEL_SUR_008989.jpg,none,0.0,,,1.0
aihub_raw/surface/Surface_1/Surface_115/MP_SEL_SUR_008990.jpg,none,0.0,,,0.9931
aihub_raw/surface/Surface_1/Surface_115/MP_SEL_SUR_008991.jpg,none_far,0.0186,0.074,0.267,0.965
aihub_raw/surface/Surface_1/Surface_115/MP_SEL_SUR_008992.jpg,none,0.0,,,0.8815
aihub_raw/surface/Surface_1/Surface_115/MP_SEL_SUR_008993.jpg,none,0.0,,,0.0
aihub_raw/surface/Surface_1/Surface_115/MP_SEL_SUR_008994.jpg,none,0.0,,,0.0
aihub_raw/surface/Surface_1/Surface_115/MP_SEL_SUR_008995.jpg,none,0.0,,,0.9618
aihub_raw/surface/Surface_1/Surface_115/MP_SEL_SUR_008997.jpg,on,0.9829,0.0,1.0,0.0
aihub_raw/surface/Surface_1/Surface_115/MP_SEL_SUR_008998.jpg,none,0.0,,,0.8631
aihub_raw/surface/Surface_1/Surface_115/MP_SEL_SUR_008999.jpg,none,0.0,,,0.9288
aihub_raw/surface/Surface_1/Surface_115/MP_SEL_SUR_009000.jpg,approach,0.702,0.0,0.848,0.2976
aihub_raw/surface/Surface_1/Surface_115/MP_SEL_SUR_009001.jpg,none,0.0,,,0.0107
aihub_raw/surface/Surface_1/Surface_115/MP_SEL_SUR_009002.jpg,none,0.0,,,0.9999
aihub_raw/surface/Surface_1/Surface_115/MP_SEL_SUR_009003.jpg,none,0.0,,,0.7136
aihub_raw/surface/Surface_1/Surface_115/MP_SEL_SUR_009004.jpg,none_far,0.3165,0.0,0.326,0.5818
aihub_raw/surface/Surface_1/Surface_115/MP_SEL_SUR_009005.jpg,none,0.0,,,0.9635
aihub_raw/surface/Surface_1/Surface_115/MP_SEL_SUR_009006.jpg,none,0.0,,,0.9112
aihub_raw/surface/Surface_1/Surface_115/MP_SEL_SUR_009007.jpg,none,0.0,,,0.0
aihub_raw/surface/Surface_1/Surface_115/MP_SEL_SUR_009008.jpg,none,0.0,,,0.9135
aihub_raw/surface/Surface_1/Surface_115/MP_SEL_SUR_009009.jpg,none,0.0,,,0.0
aihub_raw/surface/Surface_1/Surface_115/MP_SEL_SUR_009010.jpg,none,0.0,,,0.6171
aihub_raw/surface/Surface_1/Surface_115/MP_SEL_SUR_009011.jpg,none,0.0,,,0.0
aihub_raw/surface/Surface_1/Surface_115/MP_SEL_SUR_009012.jpg,none,0.0,,,0.0
aihub_raw/surface/Surface_1/Surface_115/MP_SEL_SUR_009013.jpg,none,0.0,,,0.8666
aihub_raw/surface/Surface_1/Surface_115/MP_SEL_SUR_009014.jpg,none,0.0,,,0.8623
aihub_raw/surface/Surface_1/Surface_115/MP_SEL_SUR_009015.jpg,none,0.0,,,0.5678
aihub_raw/surface/Surface_1/Surface_115/MP_SEL_SUR_009016.jpg,none,0.0,,,0.0
aihub_raw/surface/Surface_1/Surface_115/MP_SEL_SUR_009017.jpg,none,0.0,,,0.8129
aihub_raw/surface/Surface_1/Surface_115/MP_SEL_SUR_009018.jpg,none,0.0,,,0.0
aihub_raw/surface/Surface_1/Surface_115/MP_SEL_SUR_009019.jpg,none,0.0,,,0.9846
aihub_raw/surface/Surface_1/Surface_115/MP_SEL_SUR_009020.jpg,none,0.0,,,0.7596
aihub_raw/surface/Surface_1/Surface_115/MP_SEL_SUR_009021.jpg,crossed,0.3722,0.511,1.0,0.4081
aihub_raw/surface/Surface_1/Surface_115/MP_SEL_SUR_009022.jpg,none,0.0,,,0.6042
aihub_raw/surface/Surface_1/Surface_115/MP_SEL_SUR_009023.jpg,none,0.0,,,0.999
aihub_raw/surface/Surface_1/Surface_115/MP_SEL_SUR_009024.jpg,none,0.0,,,0.0502
aihub_raw/surface/Surface_1/Surface_115/MP_SEL_SUR_009025.jpg,none,0.0,,,0.0
aihub_raw/surface/Surface_1/Surface_115/MP_SEL_SUR_009026.jpg,none,0.0,,,0.9382
aihub_raw/surface/Surface_1/Surface_115/MP_SEL_SUR_009027.jpg,none,0.0,,,0.9199
aihub_raw/surface/Surface_1/Surface_115/MP_SEL_SUR_009028.jpg,none_far,0.0001,0.056,0.063,0.9954
aihub_raw/surface/Surface_1/Surface_115/MP_SEL_SUR_009029.jpg,none,0.0,,,0.8725
aihub_raw/surface/Surface_1/Surface_115/MP_SEL_SUR_009030.jpg,none,0.0,,,0.0
aihub_raw/surface/Surface_1/Surface_115/MP_SEL_SUR_009031.jpg,none,0.0,,,0.0
aihub_raw/surface/Surface_1/Surface_115/MP_SEL_SUR_009032.jpg,none,0.0,,,0.9049
aihub_raw/surface/Surface_1/Surface_116/MP_SEL_SUR_009033.jpg,none,0.0,,,0.9049
aihub_raw/surface/Surface_1/Surface_116/MP_SEL_SUR_009034.jpg,none,0.0,,,0.0
aihub_raw/surface/Surface_1/Surface_116/MP_SEL_SUR_009035.jpg,none,0.0,,,0.7258
aihub_raw/surface/Surface_1/Surface_116/MP_SEL_SUR_009036.jpg,none,0.0,,,0.9878
aihub_raw/surface/Surface_1/Surface_116/MP_SEL_SUR_009037.jpg,none,0.0,,,0.0
aihub_raw/surface/Surface_1/Surface_116/MP_SEL_SUR_009038.jpg,none,0.0,,,0.5822
aihub_raw/surface/Surface_1/Surface_116/MP_SEL_SUR_009039.jpg,none,0.0,,,0.9354
aihub_raw/surface/Surface_1/Surface_116/MP_SEL_SUR_009040.jpg,none,0.0,,,0.0
aihub_raw/surface/Surface_1/Surface_116/MP_SEL_SUR_009041.jpg,none,0.0,,,0.3605
aihub_raw/surface/Surface_1/Surface_116/MP_SEL_SUR_009042.jpg,none,0.0,,,0.9906
aihub_raw/surface/Surface_1/Surface_116/MP_SEL_SUR_009043.jpg,none,0.0,,,0.0
aihub_raw/surface/Surface_1/Surface_116/MP_SEL_SUR_009044.jpg,none_far,0.3413,0.2,0.578,0.5375
aihub_raw/surface/Surface_1/Surface_116/MP_SEL_SUR_009045.jpg,none,0.0,,,0.0
aihub_raw/surface/Surface_1/Surface_116/MP_SEL_SUR_009046.jpg,none,0.0,,,0.0003
aihub_raw/surface/Surface_1/Surface_116/MP_SEL_SUR_009047.jpg,none,0.0,,,0.9289
aihub_raw/surface/Surface_1/Surface_116/MP_SEL_SUR_009048.jpg,none_far,0.0055,0.026,0.126,0.8196
aihub_raw/surface/Surface_1/Surface_116/MP_SEL_SUR_009049.jpg,none,0.0,,,0.8248
aihub_raw/surface/Surface_1/Surface_116/MP_SEL_SUR_009050.jpg,none,0.0,,,0.0
aihub_raw/surface/Surface_1/Surface_116/MP_SEL_SUR_009052.jpg,none,0.0,,,0.7295
aihub_raw/surface/Surface_1/Surface_116/MP_SEL_SUR_009053.jpg,none,0.0,,,0.1534
aihub_raw/surface/Surface_1/Surface_116/MP_SEL_SUR_009054.jpg,none,0.0,,,0.9794
aihub_raw/surface/Surface_1/Surface_116/MP_SEL_SUR_009055.jpg,none,0.0,,,0.9398
aihub_raw/surface/Surface_1/Surface_116/MP_SEL_SUR_009056.jpg,none,0.0,,,0.9209
aihub_raw/surface/Surface_1/Surface_116/MP_SEL_SUR_009057.jpg,none,0.0,,,0.9988
aihub_raw/surface/Surface_1/Surface_116/MP_SEL_SUR_009058.jpg,none,0.0,,,0.0
aihub_raw/surface/Surface_1/Surface_116/MP_SEL_SUR_009059.jpg,none,0.0,,,0.8308
aihub_raw/surface/Surface_1/Surface_116/MP_SEL_SUR_009060.jpg,none,0.0,,,0.8958
aihub_raw/surface/Surface_1/Surface_116/MP_SEL_SUR_009061.jpg,none,0.0,,,0.0
aihub_raw/surface/Surface_1/Surface_116/MP_SEL_SUR_009062.jpg,none,0.0,,,0.0
aihub_raw/surface/Surface_1/Surface_116/MP_SEL_SUR_009063.jpg,none,0.0,,,0.2077
aihub_raw/surface/Surface_1/Surface_116/MP_SEL_SUR_009064.jpg,none,0.0,,,0.092
aihub_raw/surface/Surface_1/Surface_116/MP_SEL_SUR_009065.jpg,none,0.0,,,0.6985
aihub_raw/surface/Surface_1/Surface_116/MP_SEL_SUR_009066.jpg,none_far,0.0207,0.0,0.185,0.8215
aihub_raw/surface/Surface_1/Surface_116/MP_SEL_SUR_009067.jpg,none,0.0,,,0.0071
aihub_raw/surface/Surface_1/Surface_116/MP_SEL_SUR_009068.jpg,none_far,0.0034,0.426,0.507,0.7425
aihub_raw/surface/Surface_1/Surface_116/MP_SEL_SUR_009069.jpg,none,0.0,,,0.933
aihub_raw/surface/Surface_1/Surface_116/MP_SEL_SUR_009070.jpg,none,0.0,,,0.9532
aihub_raw/surface/Surface_1/Surface_116/MP_SEL_SUR_009071.jpg,none,0.0,,,0.9662
aihub_raw/surface/Surface_1/Surface_116/MP_SEL_SUR_009072.jpg,none,0.0,,,0.9472
aihub_raw/surface/Surface_1/Surface_116/MP_SEL_SUR_009073.jpg,on,0.7632,0.222,1.0,0.1953
aihub_raw/surface/Surface_1/Surface_116/MP_SEL_SUR_009074.jpg,none,0.0,,,0.9319
aihub_raw/surface/Surface_1/Surface_116/MP_SEL_SUR_009075.jpg,none,0.0,,,0.0
aihub_raw/surface/Surface_1/Surface_116/MP_SEL_SUR_009076.jpg,none,0.0,,,0.4354
aihub_raw/surface/Surface_1/Surface_116/MP_SEL_SUR_009077.jpg,on,0.7826,0.078,1.0,0.0258
aihub_raw/surface/Surface_1/Surface_116/MP_SEL_SUR_009079.jpg,none,0.0,,,0.9187
aihub_raw/surface/Surface_1/Surface_116/MP_SEL_SUR_009080.jpg,none,0.0,,,0.9941
aihub_raw/surface/Surface_1/Surface_116/MP_SEL_SUR_009081.jpg,none,0.0,,,0.7532
aihub_raw/surface/Surface_1/Surface_116/MP_SEL_SUR_009082.jpg,none,0.0,,,0.7786
aihub_raw/surface/Surface_1/Surface_116/MP_SEL_SUR_009083.jpg,none,0.0,,,0.7706
aihub_raw/surface/Surface_1/Surface_116/MP_SEL_SUR_009084.jpg,none,0.0,,,0.0
aihub_raw/surface/Surface_1/Surface_116/MP_SEL_SUR_009085.jpg,none,0.0,,,0.0
aihub_raw/surface/Surface_1/Surface_116/MP_SEL_SUR_009086.jpg,none,0.0,,,0.9767
aihub_raw/surface/Surface_1/Surface_116/MP_SEL_SUR_009087.jpg,none,0.0,,,0.8984
aihub_raw/surface/Surface_1/Surface_116/MP_SEL_SUR_009088.jpg,none,0.0,,,0.8829
aihub_raw/surface/Surface_1/Surface_116/MP_SEL_SUR_009089.jpg,none,0.0,,,0.0
aihub_raw/surface/Surface_1/Surface_116/MP_SEL_SUR_009090.jpg,none,0.0,,,0.1752
aihub_raw/surface/Surface_1/Surface_116/MP_SEL_SUR_009091.jpg,none,0.0,,,0.208
aihub_raw/surface/Surface_1/Surface_116/MP_SEL_SUR_009092.jpg,none,0.0,,,0.0
aihub_raw/surface/Surface_1/Surface_116/MP_SEL_SUR_009093.jpg,none,0.0,,,0.8968
aihub_raw/surface/Surface_1/Surface_116/MP_SEL_SUR_009095.jpg,none,0.0,,,0.8913
aihub_raw/surface/Surface_1/Surface_116/MP_SEL_SUR_009097.jpg,none,0.0,,,0.9944
aihub_raw/surface/Surface_1/Surface_116/MP_SEL_SUR_009098.jpg,none,0.0,,,0.0289
aihub_raw/surface/Surface_1/Surface_116/MP_SEL_SUR_009099.jpg,none,0.0,,,0.995
aihub_raw/surface/Surface_1/Surface_116/MP_SEL_SUR_009100.jpg,none,0.0,,,0.0
aihub_raw/surface/Surface_1/Surface_116/MP_SEL_SUR_009101.jpg,on,0.6619,0.267,1.0,0.2361
aihub_raw/surface/Surface_1/Surface_116/MP_SEL_SUR_009102.jpg,none,0.0,,,0.9739
aihub_raw/surface/Surface_1/Surface_116/MP_SEL_SUR_009103.jpg,none,0.0,,,0.0
aihub_raw/surface/Surface_1/Surface_116/MP_SEL_SUR_009104.jpg,none,0.0,,,0.8647
aihub_raw/surface/Surface_1/Surface_116/MP_SEL_SUR_009105.jpg,none,0.0,,,0.9946
aihub_raw/surface/Surface_1/Surface_116/MP_SEL_SUR_009106.jpg,none,0.0,,,0.9579
aihub_raw/surface/Surface_1/Surface_116/MP_SEL_SUR_009107.jpg,none,0.0,,,0.7682
aihub_raw/surface/Surface_1/Surface_116/MP_SEL_SUR_009108.jpg,none,0.0,,,0.9064
aihub_raw/surface/Surface_1/Surface_116/MP_SEL_SUR_009109.jpg,none,0.0,,,0.9702
aihub_raw/surface/Surface_1/Surface_116/MP_SEL_SUR_009110.jpg,none,0.0,,,0.8898
aihub_raw/surface/Surface_1/Surface_116/MP_SEL_SUR_009111.jpg,none,0.0,,,0.9818
aihub_raw/surface/Surface_1/Surface_116/MP_SEL_SUR_009112.jpg,none,0.0,,,0.9493
aihub_raw/surface/Surface_1/Surface_116/MP_SEL_SUR_009113.jpg,on,1.0,0.0,1.0,0.0
aihub_raw/surface/Surface_1/Surface_117/MP_SEL_SUR_009114.jpg,none,0.0,,,0.9462
aihub_raw/surface/Surface_1/Surface_117/MP_SEL_SUR_009115.jpg,none,0.0,,,0.7493
aihub_raw/surface/Surface_1/Surface_117/MP_SEL_SUR_009116.jpg,none,0.0,,,0.3343
aihub_raw/surface/Surface_1/Surface_117/MP_SEL_SUR_009117.jpg,none,0.0,,,0.0
aihub_raw/surface/Surface_1/Surface_117/MP_SEL_SUR_009118.jpg,none,0.0,,,0.0
aihub_raw/surface/Surface_1/Surface_117/MP_SEL_SUR_009119.jpg,none,0.0,,,0.512
aihub_raw/surface/Surface_1/Surface_117/MP_SEL_SUR_009120.jpg,none,0.0,,,0.0319
aihub_raw/surface/Surface_1/Surface_117/MP_SEL_SUR_009121.jpg,none,0.0,,,0.3996
aihub_raw/surface/Surface_1/Surface_117/MP_SEL_SUR_009122.jpg,none_far,0.0137,0.0,0.222,0.9594
aihub_raw/surface/Surface_1/Surface_117/MP_SEL_SUR_009123.jpg,none,0.0,,,0.3032
aihub_raw/surface/Surface_1/Surface_117/MP_SEL_SUR_009124.jpg,none,0.0,,,0.9911
aihub_raw/surface/Surface_1/Surface_117/MP_SEL_SUR_009125.jpg,none,0.0,,,0.906
aihub_raw/surface/Surface_1/Surface_117/MP_SEL_SUR_009126.jpg,none,0.0,,,0.5136
aihub_raw/surface/Surface_1/Surface_117/MP_SEL_SUR_009127.jpg,none,0.0,,,0.0
aihub_raw/surface/Surface_1/Surface_117/MP_SEL_SUR_009128.jpg,none,0.0,,,0.8297
aihub_raw/surface/Surface_1/Surface_117/MP_SEL_SUR_009129.jpg,none,0.0,,,0.0
aihub_raw/surface/Surface_1/Surface_117/MP_SEL_SUR_009130.jpg,none,0.0,,,0.0
aihub_raw/surface/Surface_1/Surface_117/MP_SEL_SUR_009131.jpg,none,0.0,,,0.0
aihub_raw/surface/Surface_1/Surface_117/MP_SEL_SUR_009132.jpg,none,0.0,,,0.995
aihub_raw/surface/Surface_1/Surface_117/MP_SEL_SUR_009133.jpg,none,0.0,,,0.8018
aihub_raw/surface/Surface_1/Surface_117/MP_SEL_SUR_009134.jpg,none,0.0,,,0.3462
aihub_raw/surface/Surface_1/Surface_117/MP_SEL_SUR_009135.jpg,none,0.0,,,0.0
aihub_raw/surface/Surface_1/Surface_117/MP_SEL_SUR_009136.jpg,none,0.0,,,0.9206
aihub_raw/surface/Surface_1/Surface_117/MP_SEL_SUR_009137.jpg,none,0.0,,,0.0
aihub_raw/surface/Surface_1/Surface_117/MP_SEL_SUR_009138.jpg,none,0.0,,,0.9617
aihub_raw/surface/Surface_1/Surface_117/MP_SEL_SUR_009139.jpg,none,0.0,,,0.8189
aihub_raw/surface/Surface_1/Surface_117/MP_SEL_SUR_009140.jpg,none,0.0,,,0.9997
aihub_raw/surface/Surface_1/Surface_117/MP_SEL_SUR_009141.jpg,none,0.0,,,0.7727
aihub_raw/surface/Surface_1/Surface_117/MP_SEL_SUR_009142.jpg,none,0.0,,,0.0
aihub_raw/surface/Surface_1/Surface_117/MP_SEL_SUR_009143.jpg,none,0.0,,,0.8056
aihub_raw/surface/Surface_1/Surface_117/MP_SEL_SUR_009144.jpg,none,0.0,,,0.8279
aihub_raw/surface/Surface_1/Surface_117/MP_SEL_SUR_009145.jpg,none,0.0,,,0.8338
aihub_raw/surface/Surface_1/Surface_117/MP_SEL_SUR_009146.jpg,none,0.0,,,0.0
aihub_raw/surface/Surface_1/Surface_117/MP_SEL_SUR_009147.jpg,none,0.0,,,0.7932
aihub_raw/surface/Surface_1/Surface_117/MP_SEL_SUR_009148.jpg,none,0.0,,,0.8506
aihub_raw/surface/Surface_1/Surface_117/MP_SEL_SUR_009149.jpg,none,0.0,,,0.975
aihub_raw/surface/Surface_1/Surface_117/MP_SEL_SUR_009150.jpg,none,0.0,,,0.0
aihub_raw/surface/Surface_1/Surface_117/MP_SEL_SUR_009151.jpg,none,0.0,,,0.0
aihub_raw/surface/Surface_1/Surface_117/MP_SEL_SUR_009152.jpg,none,0.0,,,0.7869
aihub_raw/surface/Surface_1/Surface_117/MP_SEL_SUR_009153.jpg,none,0.0,,,0.8322
aihub_raw/surface/Surface_1/Surface_117/MP_SEL_SUR_009154.jpg,none,0.0,,,0.0
aihub_raw/surface/Surface_1/Surface_117/MP_SEL_SUR_009155.jpg,none,0.0,,,0.0
aihub_raw/surface/Surface_1/Surface_117/MP_SEL_SUR_009156.jpg,none,0.0,,,0.2829
aihub_raw/surface/Surface_1/Surface_117/MP_SEL_SUR_009157.jpg,none,0.0,,,0.0
aihub_raw/surface/Surface_1/Surface_117/MP_SEL_SUR_009158.jpg,none,0.0,,,0.909
aihub_raw/surface/Surface_1/Surface_117/MP_SEL_SUR_009159.jpg,none,0.0,,,0.0671
aihub_raw/surface/Surface_1/Surface_117/MP_SEL_SUR_009160.jpg,none,0.0,,,0.0231
aihub_raw/surface/Surface_1/Surface_117/MP_SEL_SUR_009161.jpg,none,0.0,,,0.0
aihub_raw/surface/Surface_1/Surface_117/MP_SEL_SUR_009162.jpg,none,0.0,,,0.9913
aihub_raw/surface/Surface_1/Surface_117/MP_SEL_SUR_009163.jpg,none,0.0,,,0.9371
aihub_raw/surface/Surface_1/Surface_117/MP_SEL_SUR_009165.jpg,none,0.0,,,0.7565
aihub_raw/surface/Surface_1/Surface_117/MP_SEL_SUR_009166.jpg,none,0.0,,,0.9969
aihub_raw/surface/Surface_1/Surface_117/MP_SEL_SUR_009167.jpg,none,0.0,,,0.0
aihub_raw/surface/Surface_1/Surface_117/MP_SEL_SUR_009168.jpg,none,0.0,,,0.0
aihub_raw/surface/Surface_1/Surface_117/MP_SEL_SUR_009169.jpg,none,0.0,,,0.0
aihub_raw/surface/Surface_1/Surface_117/MP_SEL_SUR_009170.jpg,none,0.0,,,0.9999
aihub_raw/surface/Surface_1/Surface_117/MP_SEL_SUR_009171.jpg,none,0.0,,,0.0
aihub_raw/surface/Surface_1/Surface_117/MP_SEL_SUR_009172.jpg,none,0.0,,,0.6396
aihub_raw/surface/Surface_1/Surface_117/MP_SEL_SUR_009173.jpg,none,0.0,,,0.0
aihub_raw/surface/Surface_1/Surface_117/MP_SEL_SUR_009174.jpg,none,0.0,,,0.7922
aihub_raw/surface/Surface_1/Surface_117/MP_SEL_SUR_009175.jpg,none,0.0,,,0.0
aihub_raw/surface/Surface_1/Surface_117/MP_SEL_SUR_009176.jpg,none,0.0,,,0.9609
aihub_raw/surface/Surface_1/Surface_117/MP_SEL_SUR_009177.jpg,none,0.0,,,0.9984
aihub_raw/surface/Surface_1/Surface_117/MP_SEL_SUR_009178.jpg,none,0.0,,,0.0
aihub_raw/surface/Surface_1/Surface_117/MP_SEL_SUR_009179.jpg,none,0.0,,,0.7878
aihub_raw/surface/Surface_1/Surface_117/MP_SEL_SUR_009180.jpg,none,0.0,,,0.9174
aihub_raw/surface/Surface_1/Surface_117/MP_SEL_SUR_009181.jpg,none,0.0,,,0.9977
aihub_raw/surface/Surface_1/Surface_117/MP_SEL_SUR_009182.jpg,none,0.0,,,0.0
aihub_raw/surface/Surface_1/Surface_117/MP_SEL_SUR_009183.jpg,none,0.0,,,0.6246
aihub_raw/surface/Surface_1/Surface_117/MP_SEL_SUR_009184.jpg,none,0.0,,,0.8251
aihub_raw/surface/Surface_1/Surface_117/MP_SEL_SUR_009185.jpg,none,0.0,,,0.0
aihub_raw/surface/Surface_1/Surface_117/MP_SEL_SUR_009186.jpg,none,0.0,,,0.9511
aihub_raw/surface/Surface_1/Surface_117/MP_SEL_SUR_009187.jpg,none,0.0,,,0.0
aihub_raw/surface/Surface_1/Surface_117/MP_SEL_SUR_009188.jpg,none,0.0,,,0.9055
aihub_raw/surface/Surface_1/Surface_117/MP_SEL_SUR_009189.jpg,none,0.0,,,0.9892
aihub_raw/surface/Surface_1/Surface_117/MP_SEL_SUR_009190.jpg,none,0.0,,,1.0
aihub_raw/surface/Surface_1/Surface_117/MP_SEL_SUR_009191.jpg,none,0.0,,,1.0
aihub_raw/surface/Surface_1/Surface_117/MP_SEL_SUR_009192.jpg,none,0.0,,,0.9017
aihub_raw/surface/Surface_1/Surface_117/MP_SEL_SUR_009193.jpg,none,0.0,,,0.0
aihub_raw/surface/Surface_1/Surface_118/MP_SEL_SUR_009194.jpg,none,0.0,,,0.9662
aihub_raw/surface/Surface_1/Surface_118/MP_SEL_SUR_009195.jpg,none,0.0,,,0.7063
aihub_raw/surface/Surface_1/Surface_118/MP_SEL_SUR_009196.jpg,none,0.0,,,0.9853
aihub_raw/surface/Surface_1/Surface_118/MP_SEL_SUR_009197.jpg,none,0.0,,,0.8005
aihub_raw/surface/Surface_1/Surface_118/MP_SEL_SUR_009198.jpg,none,0.0,,,0.9222
aihub_raw/surface/Surface_1/Surface_118/MP_SEL_SUR_009199.jpg,none,0.0,,,0.489
aihub_raw/surface/Surface_1/Surface_118/MP_SEL_SUR_009200.jpg,none,0.0,,,0.7936
aihub_raw/surface/Surface_1/Surface_118/MP_SEL_SUR_009201.jpg,none,0.0,,,0.9152
aihub_raw/surface/Surface_1/Surface_118/MP_SEL_SUR_009202.jpg,none,0.0,,,0.9676
aihub_raw/surface/Surface_1/Surface_118/MP_SEL_SUR_009203.jpg,none,0.0,,,0.8964
aihub_raw/surface/Surface_1/Surface_118/MP_SEL_SUR_009204.jpg,none,0.0,,,0.4223
aihub_raw/surface/Surface_1/Surface_118/MP_SEL_SUR_009205.jpg,none,0.0,,,0.9486
aihub_raw/surface/Surface_1/Surface_118/MP_SEL_SUR_009206.jpg,none,0.0,,,0.919
aihub_raw/surface/Surface_1/Surface_118/MP_SEL_SUR_009207.jpg,none,0.0,,,0.9944
aihub_raw/surface/Surface_1/Surface_118/MP_SEL_SUR_009209.jpg,none,0.0,,,0.9418
aihub_raw/surface/Surface_1/Surface_118/MP_SEL_SUR_009210.jpg,none,0.0,,,0.1898
aihub_raw/surface/Surface_1/Surface_118/MP_SEL_SUR_009211.jpg,none,0.0,,,0.9135
aihub_raw/surface/Surface_1/Surface_118/MP_SEL_SUR_009212.jpg,none,0.0,,,0.0042
aihub_raw/surface/Surface_1/Surface_118/MP_SEL_SUR_009213.jpg,none,0.0,,,0.8341
aihub_raw/surface/Surface_1/Surface_118/MP_SEL_SUR_009214.jpg,none,0.0,,,0.0
aihub_raw/surface/Surface_1/Surface_118/MP_SEL_SUR_009215.jpg,none,0.0,,,0.0
aihub_raw/surface/Surface_1/Surface_118/MP_SEL_SUR_009216.jpg,none,0.0,,,0.9626
aihub_raw/surface/Surface_1/Surface_118/MP_SEL_SUR_009217.jpg,none,0.0,,,0.0
aihub_raw/surface/Surface_1/Surface_118/MP_SEL_SUR_009218.jpg,none,0.0,,,0.1634
aihub_raw/surface/Surface_1/Surface_118/MP_SEL_SUR_009219.jpg,none,0.0,,,0.4812
aihub_raw/surface/Surface_1/Surface_118/MP_SEL_SUR_009220.jpg,none,0.0,,,0.0
aihub_raw/surface/Surface_1/Surface_118/MP_SEL_SUR_009221.jpg,on,0.9944,0.0,0.996,0.0
aihub_raw/surface/Surface_1/Surface_118/MP_SEL_SUR_009222.jpg,none,0.0,,,0.0
aihub_raw/surface/Surface_1/Surface_118/MP_SEL_SUR_009223.jpg,none,0.0,,,1.0
aihub_raw/surface/Surface_1/Surface_118/MP_SEL_SUR_009224.jpg,none,0.0,,,0.9389
aihub_raw/surface/Surface_1/Surface_118/MP_SEL_SUR_009225.jpg,none,0.0,,,0.9963
aihub_raw/surface/Surface_1/Surface_118/MP_SEL_SUR_009226.jpg,none,0.0,,,0.5713
aihub_raw/surface/Surface_1/Surface_118/MP_SEL_SUR_009227.jpg,none,0.0,,,0.9956
aihub_raw/surface/Surface_1/Surface_118/MP_SEL_SUR_009228.jpg,none,0.0,,,0.0
aihub_raw/surface/Surface_1/Surface_118/MP_SEL_SUR_009229.jpg,none,0.0,,,0.8649
aihub_raw/surface/Surface_1/Surface_118/MP_SEL_SUR_009230.jpg,none,0.0,,,0.0
aihub_raw/surface/Surface_1/Surface_118/MP_SEL_SUR_009231.jpg,none,0.0,,,0.9883
aihub_raw/surface/Surface_1/Surface_118/MP_SEL_SUR_009232.jpg,none,0.0,,,0.8867
aihub_raw/surface/Surface_1/Surface_118/MP_SEL_SUR_009233.jpg,none,0.0,,,0.0
aihub_raw/surface/Surface_1/Surface_118/MP_SEL_SUR_009234.jpg,none,0.0,,,0.0
aihub_raw/surface/Surface_1/Surface_118/MP_SEL_SUR_009235.jpg,none,0.0,,,0.0
aihub_raw/surface/Surface_1/Surface_118/MP_SEL_SUR_009236.jpg,none_far,0.0188,0.0,0.041,0.2158
aihub_raw/surface/Surface_1/Surface_118/MP_SEL_SUR_009237.jpg,none,0.0,,,0.7047
aihub_raw/surface/Surface_1/Surface_118/MP_SEL_SUR_009238.jpg,none,0.0,,,0.9202
aihub_raw/surface/Surface_1/Surface_118/MP_SEL_SUR_009239.jpg,none,0.0,,,0.4131
aihub_raw/surface/Surface_1/Surface_118/MP_SEL_SUR_009240.jpg,none,0.0,,,0.0
aihub_raw/surface/Surface_1/Surface_118/MP_SEL_SUR_009241.jpg,none,0.0,,,0.9668
aihub_raw/surface/Surface_1/Surface_118/MP_SEL_SUR_009242.jpg,none,0.0,,,0.0661
aihub_raw/surface/Surface_1/Surface_118/MP_SEL_SUR_009243.jpg,none_far,0.0089,0.0,0.03,0.9111
aihub_raw/surface/Surface_1/Surface_118/MP_SEL_SUR_009244.jpg,none,0.0,,,0.981
aihub_raw/surface/Surface_1/Surface_118/MP_SEL_SUR_009245.jpg,none,0.0,,,0.7773
aihub_raw/surface/Surface_1/Surface_118/MP_SEL_SUR_009246.jpg,none,0.0,,,0.0
aihub_raw/surface/Surface_1/Surface_118/MP_SEL_SUR_009247.jpg,none,0.0,,,0.0
aihub_raw/surface/Surface_1/Surface_118/MP_SEL_SUR_009248.jpg,none_far,0.5578,0.026,0.589,0.4174
aihub_raw/surface/Surface_1/Surface_118/MP_SEL_SUR_009249.jpg,none_far,0.0688,0.011,0.259,0.8253
aihub_raw/surface/Surface_1/Surface_118/MP_SEL_SUR_009250.jpg,none,0.0,,,0.8749
aihub_raw/surface/Surface_1/Surface_118/MP_SEL_SUR_009251.jpg,none,0.0,,,0.115
aihub_raw/surface/Surface_1/Surface_118/MP_SEL_SUR_009252.jpg,none,0.0,,,0.0
aihub_raw/surface/Surface_1/Surface_118/MP_SEL_SUR_009253.jpg,none,0.0,,,0.3602
aihub_raw/surface/Surface_1/Surface_118/MP_SEL_SUR_009254.jpg,none,0.0,,,0.0
aihub_raw/surface/Surface_1/Surface_118/MP_SEL_SUR_009255.jpg,none,0.0,,,0.0
aihub_raw/surface/Surface_1/Surface_118/MP_SEL_SUR_009256.jpg,none,0.0,,,0.8477
aihub_raw/surface/Surface_1/Surface_118/MP_SEL_SUR_009257.jpg,none,0.0,,,0.9904
aihub_raw/surface/Surface_1/Surface_118/MP_SEL_SUR_009258.jpg,none,0.0,,,0.8765
aihub_raw/surface/Surface_1/Surface_118/MP_SEL_SUR_009259.jpg,none,0.0,,,0.8337
aihub_raw/surface/Surface_1/Surface_118/MP_SEL_SUR_009260.jpg,none,0.0,,,0.9088
aihub_raw/surface/Surface_1/Surface_118/MP_SEL_SUR_009261.jpg,none,0.0,,,0.0
aihub_raw/surface/Surface_1/Surface_118/MP_SEL_SUR_009262.jpg,none,0.0,,,0.0047
aihub_raw/surface/Surface_1/Surface_118/MP_SEL_SUR_009263.jpg,none,0.0,,,0.8922
aihub_raw/surface/Surface_1/Surface_118/MP_SEL_SUR_009264.jpg,none,0.0,,,0.3527
aihub_raw/surface/Surface_1/Surface_118/MP_SEL_SUR_009265.jpg,none,0.0,,,0.0
aihub_raw/surface/Surface_1/Surface_118/MP_SEL_SUR_009266.jpg,none,0.0,,,0.7312
aihub_raw/surface/Surface_1/Surface_118/MP_SEL_SUR_009267.jpg,none,0.0,,,0.9666
aihub_raw/surface/Surface_1/Surface_118/MP_SEL_SUR_009268.jpg,none,0.0,,,0.8786
aihub_raw/surface/Surface_1/Surface_118/MP_SEL_SUR_009269.jpg,none,0.0,,,0.2943
aihub_raw/surface/Surface_1/Surface_118/MP_SEL_SUR_009270.jpg,none,0.0,,,0.9113
aihub_raw/surface/Surface_1/Surface_118/MP_SEL_SUR_009271.jpg,none,0.0,,,0.0561
aihub_raw/surface/Surface_1/Surface_118/MP_SEL_SUR_009272.jpg,on,0.7302,0.256,0.996,0.1999
aihub_raw/surface/Surface_1/Surface_118/MP_SEL_SUR_009273.jpg,none,0.0,,,0.8896
aihub_raw/surface/Surface_1/Surface_119/MP_SEL_SUR_009274.jpg,none,0.0,,,0.0
aihub_raw/surface/Surface_1/Surface_119/MP_SEL_SUR_009275.jpg,none,0.0,,,0.0161
aihub_raw/surface/Surface_1/Surface_119/MP_SEL_SUR_009276.jpg,none,0.0,,,0.0
aihub_raw/surface/Surface_1/Surface_119/MP_SEL_SUR_009277.jpg,none,0.0,,,0.884
aihub_raw/surface/Surface_1/Surface_119/MP_SEL_SUR_009278.jpg,none,0.0,,,0.0
aihub_raw/surface/Surface_1/Surface_119/MP_SEL_SUR_009279.jpg,none,0.0,,,0.3682
aihub_raw/surface/Surface_1/Surface_119/MP_SEL_SUR_009280.jpg,none,0.0,,,0.8207
aihub_raw/surface/Surface_1/Surface_119/MP_SEL_SUR_009281.jpg,none,0.0,,,0.9626
aihub_raw/surface/Surface_1/Surface_119/MP_SEL_SUR_009282.jpg,none,0.0,,,0.0
aihub_raw/surface/Surface_1/Surface_119/MP_SEL_SUR_009283.jpg,none,0.0,,,0.9278
aihub_raw/surface/Surface_1/Surface_119/MP_SEL_SUR_009284.jpg,none,0.0,,,0.0
aihub_raw/surface/Surface_1/Surface_119/MP_SEL_SUR_009285.jpg,none,0.0,,,0.9659
aihub_raw/surface/Surface_1/Surface_119/MP_SEL_SUR_009286.jpg,none,0.0,,,0.0
aihub_raw/surface/Surface_1/Surface_119/MP_SEL_SUR_009288.jpg,none,0.0,,,0.8103
aihub_raw/surface/Surface_1/Surface_119/MP_SEL_SUR_009289.jpg,none,0.0,,,0.9892
aihub_raw/surface/Surface_1/Surface_119/MP_SEL_SUR_009290.jpg,none,0.0,,,0.9754
aihub_raw/surface/Surface_1/Surface_119/MP_SEL_SUR_009291.jpg,none,0.0,,,0.9055
aihub_raw/surface/Surface_1/Surface_119/MP_SEL_SUR_009292.jpg,none,0.0,,,0.938
aihub_raw/surface/Surface_1/Surface_119/MP_SEL_SUR_009293.jpg,none,0.0,,,0.8946
aihub_raw/surface/Surface_1/Surface_119/MP_SEL_SUR_009294.jpg,none,0.0,,,0.9309
aihub_raw/surface/Surface_1/Surface_119/MP_SEL_SUR_009295.jpg,none,0.0,,,0.9937
aihub_raw/surface/Surface_1/Surface_119/MP_SEL_SUR_009296.jpg,on,0.6869,0.296,1.0,0.2355
aihub_raw/surface/Surface_1/Surface_119/MP_SEL_SUR_009297.jpg,none,0.0,,,0.8049
aihub_raw/surface/Surface_1/Surface_119/MP_SEL_SUR_009298.jpg,none,0.0,,,0.7716
aihub_raw/surface/Surface_1/Surface_119/MP_SEL_SUR_009299.jpg,none,0.0,,,0.0
aihub_raw/surface/Surface_1/Surface_119/MP_SEL_SUR_009300.jpg,none,0.0,,,0.9387
aihub_raw/surface/Surface_1/Surface_119/MP_SEL_SUR_009301.jpg,none,0.0,,,0.7787
aihub_raw/surface/Surface_1/Surface_119/MP_SEL_SUR_009302.jpg,none,0.0,,,0.9611
aihub_raw/surface/Surface_1/Surface_119/MP_SEL_SUR_009303.jpg,none,0.0,,,0.4866
aihub_raw/surface/Surface_1/Surface_119/MP_SEL_SUR_009304.jpg,none_far,0.0037,0.0,0.019,0.0185
aihub_raw/surface/Surface_1/Surface_119/MP_SEL_SUR_009305.jpg,none,0.0,,,0.747
aihub_raw/surface/Surface_1/Surface_119/MP_SEL_SUR_009306.jpg,none,0.0,,,1.0
aihub_raw/surface/Surface_1/Surface_119/MP_SEL_SUR_009307.jpg,none,0.0,,,0.9229
aihub_raw/surface/Surface_1/Surface_119/MP_SEL_SUR_009308.jpg,none,0.0,,,0.5672
aihub_raw/surface/Surface_1/Surface_119/MP_SEL_SUR_009309.jpg,none,0.0,,,0.0
aihub_raw/surface/Surface_1/Surface_119/MP_SEL_SUR_009310.jpg,none,0.0,,,0.9982
aihub_raw/surface/Surface_1/Surface_119/MP_SEL_SUR_009311.jpg,none,0.0,,,0.603
aihub_raw/surface/Surface_1/Surface_119/MP_SEL_SUR_009313.jpg,none,0.0,,,0.8573
aihub_raw/surface/Surface_1/Surface_119/MP_SEL_SUR_009314.jpg,none,0.0,,,0.0083
aihub_raw/surface/Surface_1/Surface_119/MP_SEL_SUR_009315.jpg,none,0.0,,,0.0
aihub_raw/surface/Surface_1/Surface_119/MP_SEL_SUR_009316.jpg,none,0.0,,,0.7946
aihub_raw/surface/Surface_1/Surface_119/MP_SEL_SUR_009317.jpg,none,0.0,,,1.0
aihub_raw/surface/Surface_1/Surface_119/MP_SEL_SUR_009318.jpg,none,0.0,,,0.9415
aihub_raw/surface/Surface_1/Surface_119/MP_SEL_SUR_009320.jpg,none,0.0,,,0.0064
aihub_raw/surface/Surface_1/Surface_119/MP_SEL_SUR_009321.jpg,none,0.0,,,0.0
aihub_raw/surface/Surface_1/Surface_119/MP_SEL_SUR_009322.jpg,none_far,0.0727,0.0,0.215,0.7638
aihub_raw/surface/Surface_1/Surface_119/MP_SEL_SUR_009323.jpg,none,0.0,,,0.2576
aihub_raw/surface/Surface_1/Surface_120/MP_SEL_SUR_009324.jpg,none,0.0,,,0.7504
aihub_raw/surface/Surface_1/Surface_120/MP_SEL_SUR_009325.jpg,none,0.0,,,0.9334
aihub_raw/surface/Surface_1/Surface_120/MP_SEL_SUR_009326.jpg,none,0.0,,,0.6903
aihub_raw/surface/Surface_1/Surface_120/MP_SEL_SUR_009327.jpg,none,0.0,,,0.0
aihub_raw/surface/Surface_1/Surface_120/MP_SEL_SUR_009328.jpg,none,0.0,,,0.0
aihub_raw/surface/Surface_1/Surface_120/MP_SEL_SUR_009329.jpg,none,0.0,,,0.9414
aihub_raw/surface/Surface_1/Surface_120/MP_SEL_SUR_009330.jpg,none_far,0.3773,0.0,0.381,0.6236
aihub_raw/surface/Surface_1/Surface_120/MP_SEL_SUR_009331.jpg,none,0.0,,,0.0017
aihub_raw/surface/Surface_1/Surface_120/MP_SEL_SUR_009332.jpg,none,0.0,,,0.7201
aihub_raw/surface/Surface_1/Surface_120/MP_SEL_SUR_009333.jpg,none,0.0,,,0.0
aihub_raw/surface/Surface_1/Surface_120/MP_SEL_SUR_009334.jpg,none,0.0,,,0.9064
aihub_raw/surface/Surface_1/Surface_120/MP_SEL_SUR_009335.jpg,none_far,0.397,0.0,0.444,0.6019
aihub_raw/surface/Surface_1/Surface_120/MP_SEL_SUR_009336.jpg,none,0.0,,,0.0
aihub_raw/surface/Surface_1/Surface_120/MP_SEL_SUR_009337.jpg,none,0.0,,,0.0
aihub_raw/surface/Surface_1/Surface_120/MP_SEL_SUR_009338.jpg,none,0.0,,,0.9495
aihub_raw/surface/Surface_1/Surface_120/MP_SEL_SUR_009339.jpg,none,0.0,,,0.0
aihub_raw/surface/Surface_1/Surface_120/MP_SEL_SUR_009340.jpg,none,0.0,,,0.9619
aihub_raw/surface/Surface_1/Surface_120/MP_SEL_SUR_009341.jpg,none,0.0,,,0.9409
aihub_raw/surface/Surface_1/Surface_120/MP_SEL_SUR_009342.jpg,none,0.0,,,1.0
aihub_raw/surface/Surface_1/Surface_120/MP_SEL_SUR_009343.jpg,none,0.0,,,0.9555
aihub_raw/surface/Surface_1/Surface_120/MP_SEL_SUR_009344.jpg,none,0.0,,,0.9396
aihub_raw/surface/Surface_1/Surface_120/MP_SEL_SUR_009345.jpg,none,0.0,,,0.9561
aihub_raw/surface/Surface_1/Surface_120/MP_SEL_SUR_009346.jpg,none,0.0,,,0.0
aihub_raw/surface/Surface_1/Surface_120/MP_SEL_SUR_009347.jpg,none,0.0,,,0.9411
aihub_raw/surface/Surface_1/Surface_120/MP_SEL_SUR_009348.jpg,none,0.0,,,0.0
aihub_raw/surface/Surface_1/Surface_120/MP_SEL_SUR_009349.jpg,none,0.0,,,0.0169
aihub_raw/surface/Surface_1/Surface_120/MP_SEL_SUR_009350.jpg,none,0.0,,,0.9429
aihub_raw/surface/Surface_1/Surface_120/MP_SEL_SUR_009351.jpg,none,0.0,,,0.0181
aihub_raw/surface/Surface_1/Surface_120/MP_SEL_SUR_009352.jpg,none,0.0,,,0.0013
aihub_raw/surface/Surface_1/Surface_120/MP_SEL_SUR_009353.jpg,none,0.0,,,0.3871
aihub_raw/surface/Surface_1/Surface_120/MP_SEL_SUR_009354.jpg,none,0.0,,,0.7442
aihub_raw/surface/Surface_1/Surface_120/MP_SEL_SUR_009355.jpg,none,0.0,,,0.0898
aihub_raw/surface/Surface_1/Surface_120/MP_SEL_SUR_009356.jpg,none,0.0,,,0.0
aihub_raw/surface/Surface_1/Surface_120/MP_SEL_SUR_009358.jpg,none,0.0,,,0.0
aihub_raw/surface/Surface_1/Surface_120/MP_SEL_SUR_009359.jpg,none,0.0,,,0.8011
aihub_raw/surface/Surface_1/Surface_120/MP_SEL_SUR_009360.jpg,none,0.0,,,0.8429
aihub_raw/surface/Surface_1/Surface_120/MP_SEL_SUR_009361.jpg,none,0.0,,,0.283
aihub_raw/surface/Surface_1/Surface_120/MP_SEL_SUR_009362.jpg,none,0.0,,,0.0
aihub_raw/surface/Surface_1/Surface_120/MP_SEL_SUR_009363.jpg,none,0.0,,,0.0
aihub_raw/surface/Surface_1/Surface_120/MP_SEL_SUR_009364.jpg,none_far,0.0,0.281,0.285,0.8756
aihub_raw/surface/Surface_1/Surface_120/MP_SEL_SUR_009365.jpg,none,0.0,,,0.9999
aihub_raw/surface/Surface_1/Surface_120/MP_SEL_SUR_009366.jpg,none,0.0,,,0.8303
aihub_raw/surface/Surface_1/Surface_120/MP_SEL_SUR_009367.jpg,none,0.0,,,0.0
aihub_raw/surface/Surface_1/Surface_120/MP_SEL_SUR_009368.jpg,none,0.0,,,0.9544
aihub_raw/surface/Surface_1/Surface_120/MP_SEL_SUR_009369.jpg,none,0.0,,,0.7643
aihub_raw/surface/Surface_1/Surface_120/MP_SEL_SUR_009370.jpg,none,0.0,,,0.0
aihub_raw/surface/Surface_1/Surface_120/MP_SEL_SUR_009371.jpg,none,0.0,,,0.8892
aihub_raw/surface/Surface_1/Surface_120/MP_SEL_SUR_009372.jpg,none,0.0,,,0.808
aihub_raw/surface/Surface_1/Surface_120/MP_SEL_SUR_009373.jpg,none,0.0,,,0.0
aihub_raw/surface/Surface_1/Surface_120/MP_SEL_SUR_009374.jpg,none,0.0,,,0.0
aihub_raw/surface/Surface_1/Surface_121/MP_SEL_SUR_009376.jpg,none,0.0,,,0.0
aihub_raw/surface/Surface_1/Surface_121/MP_SEL_SUR_009377.jpg,none,0.0,,,0.9833
aihub_raw/surface/Surface_1/Surface_121/MP_SEL_SUR_009378.jpg,none,0.0,,,0.0
aihub_raw/surface/Surface_1/Surface_121/MP_SEL_SUR_009379.jpg,none,0.0,,,0.7285
aihub_raw/surface/Surface_1/Surface_121/MP_SEL_SUR_009380.jpg,none,0.0,,,0.8837
aihub_raw/surface/Surface_1/Surface_121/MP_SEL_SUR_009381.jpg,none,0.0,,,0.0
aihub_raw/surface/Surface_1/Surface_121/MP_SEL_SUR_009382.jpg,none,0.0,,,1.0
aihub_raw/surface/Surface_1/Surface_121/MP_SEL_SUR_009383.jpg,none,0.0,,,0.982
aihub_raw/surface/Surface_1/Surface_121/MP_SEL_SUR_009384.jpg,none,0.0,,,0.0
aihub_raw/surface/Surface_1/Surface_121/MP_SEL_SUR_009385.jpg,none,0.0,,,0.0
aihub_raw/surface/Surface_1/Surface_121/MP_SEL_SUR_009386.jpg,none,0.0,,,0.9589
aihub_raw/surface/Surface_1/Surface_121/MP_SEL_SUR_009387.jpg,none,0.0,,,0.7499
aihub_raw/surface/Surface_1/Surface_121/MP_SEL_SUR_009388.jpg,none,0.0,,,0.862
aihub_raw/surface/Surface_1/Surface_121/MP_SEL_SUR_009389.jpg,none,0.0,,,0.8253
aihub_raw/surface/Surface_1/Surface_121/MP_SEL_SUR_009390.jpg,none,0.0,,,0.0
aihub_raw/surface/Surface_1/Surface_121/MP_SEL_SUR_009391.jpg,none,0.0,,,0.943
aihub_raw/surface/Surface_1/Surface_121/MP_SEL_SUR_009392.jpg,none,0.0,,,0.9767
aihub_raw/surface/Surface_1/Surface_121/MP_SEL_SUR_009393.jpg,none,0.0,,,0.0
aihub_raw/surface/Surface_1/Surface_121/MP_SEL_SUR_009394.jpg,none,0.0,,,0.7143
aihub_raw/surface/Surface_1/Surface_121/MP_SEL_SUR_009395.jpg,none,0.0,,,0.7856
aihub_raw/surface/Surface_1/Surface_121/MP_SEL_SUR_009396.jpg,none,0.0,,,0.9997
aihub_raw/surface/Surface_1/Surface_121/MP_SEL_SUR_009397.jpg,none,0.0,,,0.0115
aihub_raw/surface/Surface_1/Surface_121/MP_SEL_SUR_009398.jpg,none,0.0,,,0.9443
aihub_raw/surface/Surface_1/Surface_121/MP_SEL_SUR_009399.jpg,none,0.0,,,0.8314
aihub_raw/surface/Surface_1/Surface_121/MP_SEL_SUR_009400.jpg,none,0.0,,,0.9217
aihub_raw/surface/Surface_1/Surface_121/MP_SEL_SUR_009401.jpg,none,0.0,,,0.8348
aihub_raw/surface/Surface_1/Surface_121/MP_SEL_SUR_009402.jpg,none,0.0,,,0.8032
aihub_raw/surface/Surface_1/Surface_121/MP_SEL_SUR_009403.jpg,none,0.0,,,0.0
aihub_raw/surface/Surface_1/Surface_121/MP_SEL_SUR_009404.jpg,none,0.0,,,0.0
aihub_raw/surface/Surface_1/Surface_121/MP_SEL_SUR_009405.jpg,none,0.0,,,0.8933
aihub_raw/surface/Surface_1/Surface_121/MP_SEL_SUR_009406.jpg,none,0.0,,,0.9844
aihub_raw/surface/Surface_1/Surface_121/MP_SEL_SUR_009407.jpg,none,0.0,,,0.9859
aihub_raw/surface/Surface_1/Surface_121/MP_SEL_SUR_009408.jpg,none,0.0,,,0.0625
aihub_raw/surface/Surface_1/Surface_121/MP_SEL_SUR_009409.jpg,none,0.0,,,0.6876
aihub_raw/surface/Surface_1/Surface_121/MP_SEL_SUR_009410.jpg,none,0.0,,,0.0
aihub_raw/surface/Surface_1/Surface_121/MP_SEL_SUR_009411.jpg,on,0.9981,0.0,1.0,0.0
aihub_raw/surface/Surface_1/Surface_121/MP_SEL_SUR_009412.jpg,none,0.0,,,0.95
aihub_raw/surface/Surface_1/Surface_121/MP_SEL_SUR_009413.jpg,none_far,0.0158,0.0,0.148,0.9231
aihub_raw/surface/Surface_1/Surface_121/MP_SEL_SUR_009414.jpg,none,0.0,,,0.0
aihub_raw/surface/Surface_1/Surface_121/MP_SEL_SUR_009415.jpg,none,0.0,,,0.9687
aihub_raw/surface/Surface_1/Surface_121/MP_SEL_SUR_009416.jpg,none,0.0,,,0.8506
aihub_raw/surface/Surface_1/Surface_121/MP_SEL_SUR_009417.jpg,none,0.0,,,0.0
aihub_raw/surface/Surface_1/Surface_121/MP_SEL_SUR_009418.jpg,none,0.0,,,0.0
aihub_raw/surface/Surface_1/Surface_121/MP_SEL_SUR_009419.jpg,none,0.0,,,0.8636
aihub_raw/surface/Surface_1/Surface_121/MP_SEL_SUR_009420.jpg,none,0.0,,,0.9904
aihub_raw/surface/Surface_1/Surface_121/MP_SEL_SUR_009421.jpg,none,0.0,,,0.0
aihub_raw/surface/Surface_1/Surface_121/MP_SEL_SUR_009422.jpg,none,0.0,,,0.8594
aihub_raw/surface/Surface_1/Surface_121/MP_SEL_SUR_009423.jpg,none,0.0,,,1.0
aihub_raw/surface/Surface_1/Surface_121/MP_SEL_SUR_009424.jpg,none,0.0,,,0.0
aihub_raw/surface/Surface_1/Surface_122/MP_SEL_SUR_009425.jpg,none,0.0,,,0.9191
aihub_raw/surface/Surface_1/Surface_122/MP_SEL_SUR_009426.jpg,none,0.0,,,0.8849
aihub_raw/surface/Surface_1/Surface_122/MP_SEL_SUR_009427.jpg,none,0.0,,,0.0
aihub_raw/surface/Surface_1/Surface_122/MP_SEL_SUR_009428.jpg,none,0.0,,,0.811
aihub_raw/surface/Surface_1/Surface_122/MP_SEL_SUR_009429.jpg,none,0.0,,,0.9806
aihub_raw/surface/Surface_1/Surface_122/MP_SEL_SUR_009430.jpg,none,0.0,,,0.6545
aihub_raw/surface/Surface_1/Surface_122/MP_SEL_SUR_009431.jpg,none,0.0,,,0.0
aihub_raw/surface/Surface_1/Surface_122/MP_SEL_SUR_009432.jpg,none,0.0,,,0.9313
aihub_raw/surface/Surface_1/Surface_122/MP_SEL_SUR_009433.jpg,none,0.0,,,0.8711
aihub_raw/surface/Surface_1/Surface_122/MP_SEL_SUR_009434.jpg,none,0.0,,,0.0
aihub_raw/surface/Surface_1/Surface_122/MP_SEL_SUR_009435.jpg,none,0.0,,,0.0
aihub_raw/surface/Surface_1/Surface_122/MP_SEL_SUR_009436.jpg,none,0.0,,,0.9578
aihub_raw/surface/Surface_1/Surface_122/MP_SEL_SUR_009437.jpg,none,0.0,,,0.9946
aihub_raw/surface/Surface_1/Surface_122/MP_SEL_SUR_009438.jpg,none,0.0,,,0.8941
aihub_raw/surface/Surface_1/Surface_122/MP_SEL_SUR_009439.jpg,none,0.0,,,0.7584
aihub_raw/surface/Surface_1/Surface_122/MP_SEL_SUR_009440.jpg,none,0.0,,,0.9141
aihub_raw/surface/Surface_1/Surface_122/MP_SEL_SUR_009441.jpg,none,0.0,,,0.0
aihub_raw/surface/Surface_1/Surface_122/MP_SEL_SUR_009442.jpg,none,0.0,,,0.5937
aihub_raw/surface/Surface_1/Surface_122/MP_SEL_SUR_009443.jpg,none,0.0,,,0.9203
aihub_raw/surface/Surface_1/Surface_122/MP_SEL_SUR_009444.jpg,none,0.0,,,0.9696
aihub_raw/surface/Surface_1/Surface_122/MP_SEL_SUR_009445.jpg,none,0.0,,,0.5145
aihub_raw/surface/Surface_1/Surface_122/MP_SEL_SUR_009446.jpg,none,0.0,,,0.0
aihub_raw/surface/Surface_1/Surface_122/MP_SEL_SUR_009447.jpg,none,0.0,,,0.8595
aihub_raw/surface/Surface_1/Surface_122/MP_SEL_SUR_009448.jpg,none,0.0,,,0.0
aihub_raw/surface/Surface_1/Surface_122/MP_SEL_SUR_009449.jpg,none,0.0,,,0.9756
aihub_raw/surface/Surface_1/Surface_122/MP_SEL_SUR_009450.jpg,none,0.0,,,0.0628
aihub_raw/surface/Surface_1/Surface_122/MP_SEL_SUR_009451.jpg,none,0.0,,,0.9914
aihub_raw/surface/Surface_1/Surface_122/MP_SEL_SUR_009452.jpg,none,0.0,,,0.9898
aihub_raw/surface/Surface_1/Surface_122/MP_SEL_SUR_009453.jpg,none,0.0,,,0.9233
aihub_raw/surface/Surface_1/Surface_122/MP_SEL_SUR_009454.jpg,none,0.0,,,0.0
aihub_raw/surface/Surface_1/Surface_122/MP_SEL_SUR_009455.jpg,none,0.0,,,0.0
aihub_raw/surface/Surface_1/Surface_122/MP_SEL_SUR_009456.jpg,none,0.0,,,0.9085
aihub_raw/surface/Surface_1/Surface_122/MP_SEL_SUR_009457.jpg,none,0.0,,,1.0
aihub_raw/surface/Surface_1/Surface_122/MP_SEL_SUR_009458.jpg,none,0.0,,,0.5283
aihub_raw/surface/Surface_1/Surface_122/MP_SEL_SUR_009459.jpg,on,0.7594,0.074,1.0,0.1319
aihub_raw/surface/Surface_1/Surface_122/MP_SEL_SUR_009460.jpg,none,0.0,,,0.0
aihub_raw/surface/Surface_1/Surface_122/MP_SEL_SUR_009461.jpg,none_far,0.0003,0.122,0.133,0.9673
aihub_raw/surface/Surface_1/Surface_122/MP_SEL_SUR_009463.jpg,none,0.0,,,0.0
aihub_raw/surface/Surface_1/Surface_122/MP_SEL_SUR_009464.jpg,none,0.0,,,0.7371
aihub_raw/surface/Surface_1/Surface_122/MP_SEL_SUR_009465.jpg,none,0.0,,,1.0
aihub_raw/surface/Surface_1/Surface_122/MP_SEL_SUR_009466.jpg,none,0.0,,,0.8776
aihub_raw/surface/Surface_1/Surface_122/MP_SEL_SUR_009467.jpg,none,0.0,,,0.9167
aihub_raw/surface/Surface_1/Surface_122/MP_SEL_SUR_009468.jpg,none,0.0,,,0.9425
aihub_raw/surface/Surface_1/Surface_122/MP_SEL_SUR_009469.jpg,none_far,0.0033,0.163,0.222,0.9499
aihub_raw/surface/Surface_1/Surface_122/MP_SEL_SUR_009470.jpg,none,0.0,,,0.3843
aihub_raw/surface/Surface_1/Surface_122/MP_SEL_SUR_009471.jpg,none,0.0,,,0.4085
aihub_raw/surface/Surface_1/Surface_122/MP_SEL_SUR_009472.jpg,none,0.0,,,0.9938
aihub_raw/surface/Surface_1/Surface_122/MP_SEL_SUR_009473.jpg,none,0.0,,,0.774
aihub_raw/surface/Surface_1/Surface_122/MP_SEL_SUR_009474.jpg,none,0.0,,,0.8789
aihub_raw/surface/Surface_1/Surface_123/MP_SEL_SUR_009475.jpg,none,0.0,,,0.8674
aihub_raw/surface/Surface_1/Surface_123/MP_SEL_SUR_009476.jpg,none,0.0,,,0.8709
aihub_raw/surface/Surface_1/Surface_123/MP_SEL_SUR_009477.jpg,none,0.0,,,0.3623
aihub_raw/surface/Surface_1/Surface_123/MP_SEL_SUR_009478.jpg,none,0.0,,,0.9398
aihub_raw/surface/Surface_1/Surface_123/MP_SEL_SUR_009479.jpg,none,0.0,,,0.5614
aihub_raw/surface/Surface_1/Surface_123/MP_SEL_SUR_009480.jpg,none,0.0,,,0.0
aihub_raw/surface/Surface_1/Surface_123/MP_SEL_SUR_009481.jpg,none,0.0,,,0.0
aihub_raw/surface/Surface_1/Surface_123/MP_SEL_SUR_009482.jpg,none,0.0,,,0.0
aihub_raw/surface/Surface_1/Surface_123/MP_SEL_SUR_009483.jpg,none,0.0,,,0.9205
aihub_raw/surface/Surface_1/Surface_123/MP_SEL_SUR_009484.jpg,none,0.0,,,0.0
aihub_raw/surface/Surface_1/Surface_123/MP_SEL_SUR_009485.jpg,none,0.0,,,0.7663
aihub_raw/surface/Surface_1/Surface_123/MP_SEL_SUR_009486.jpg,none,0.0,,,0.7334
aihub_raw/surface/Surface_1/Surface_123/MP_SEL_SUR_009487.jpg,none_far,0.0031,0.067,0.096,0.7803
aihub_raw/surface/Surface_1/Surface_123/MP_SEL_SUR_009489.jpg,none,0.0,,,0.0
aihub_raw/surface/Surface_1/Surface_123/MP_SEL_SUR_009490.jpg,none,0.0,,,0.713
aihub_raw/surface/Surface_1/Surface_123/MP_SEL_SUR_009491.jpg,none,0.0,,,0.3991
aihub_raw/surface/Surface_1/Surface_123/MP_SEL_SUR_009492.jpg,none,0.0,,,0.8851
aihub_raw/surface/Surface_1/Surface_123/MP_SEL_SUR_009493.jpg,none,0.0,,,0.1803
aihub_raw/surface/Surface_1/Surface_123/MP_SEL_SUR_009494.jpg,none,0.0,,,0.9776
aihub_raw/surface/Surface_1/Surface_123/MP_SEL_SUR_009495.jpg,none,0.0,,,0.0079
aihub_raw/surface/Surface_1/Surface_123/MP_SEL_SUR_009496.jpg,none,0.0,,,0.2718
aihub_raw/surface/Surface_1/Surface_123/MP_SEL_SUR_009497.jpg,none,0.0,,,0.9972
aihub_raw/surface/Surface_1/Surface_123/MP_SEL_SUR_009498.jpg,none,0.0,,,0.8373
aihub_raw/surface/Surface_1/Surface_123/MP_SEL_SUR_009499.jpg,none,0.0,,,0.0
aihub_raw/surface/Surface_1/Surface_123/MP_SEL_SUR_009500.jpg,none,0.0,,,0.9946
aihub_raw/surface/Surface_1/Surface_123/MP_SEL_SUR_009501.jpg,none,0.0,,,1.0
aihub_raw/surface/Surface_1/Surface_123/MP_SEL_SUR_009502.jpg,none,0.0,,,0.8818
aihub_raw/surface/Surface_1/Surface_123/MP_SEL_SUR_009503.jpg,none,0.0,,,0.7024
aihub_raw/surface/Surface_1/Surface_123/MP_SEL_SUR_009504.jpg,none,0.0,,,0.5612
aihub_raw/surface/Surface_1/Surface_123/MP_SEL_SUR_009505.jpg,none,0.0,,,0.9853
aihub_raw/surface/Surface_1/Surface_123/MP_SEL_SUR_009506.jpg,none,0.0,,,0.726
aihub_raw/surface/Surface_1/Surface_123/MP_SEL_SUR_009507.jpg,none,0.0,,,0.7021
aihub_raw/surface/Surface_1/Surface_123/MP_SEL_SUR_009508.jpg,none,0.0,,,0.7101
aihub_raw/surface/Surface_1/Surface_123/MP_SEL_SUR_009509.jpg,none,0.0,,,0.0671
aihub_raw/surface/Surface_1/Surface_123/MP_SEL_SUR_009510.jpg,none,0.0,,,0.0
aihub_raw/surface/Surface_1/Surface_123/MP_SEL_SUR_009511.jpg,none,0.0,,,0.0
aihub_raw/surface/Surface_1/Surface_123/MP_SEL_SUR_009512.jpg,none,0.0,,,0.7636
aihub_raw/surface/Surface_1/Surface_123/MP_SEL_SUR_009513.jpg,none,0.0,,,0.1125
aihub_raw/surface/Surface_1/Surface_123/MP_SEL_SUR_009514.jpg,none,0.0,,,0.9734
aihub_raw/surface/Surface_1/Surface_123/MP_SEL_SUR_009515.jpg,none,0.0,,,0.0
aihub_raw/surface/Surface_1/Surface_123/MP_SEL_SUR_009516.jpg,none,0.0,,,0.7084
aihub_raw/surface/Surface_1/Surface_123/MP_SEL_SUR_009517.jpg,none,0.0,,,0.9412
aihub_raw/surface/Surface_1/Surface_123/MP_SEL_SUR_009518.jpg,none,0.0,,,0.0
aihub_raw/surface/Surface_1/Surface_123/MP_SEL_SUR_009519.jpg,none,0.0,,,0.289
aihub_raw/surface/Surface_1/Surface_123/MP_SEL_SUR_009520.jpg,crossed,0.5558,0.426,1.0,0.401
aihub_raw/surface/Surface_1/Surface_123/MP_SEL_SUR_009521.jpg,none,0.0,,,0.9595
aihub_raw/surface/Surface_1/Surface_123/MP_SEL_SUR_009522.jpg,none,0.0,,,0.0
aihub_raw/surface/Surface_1/Surface_123/MP_SEL_SUR_009523.jpg,none,0.0,,,0.8849
aihub_raw/surface/Surface_1/Surface_123/MP_SEL_SUR_009524.jpg,none,0.0,,,0.0
aihub_raw/surface/Surface_1/Surface_124/MP_SEL_SUR_009525.jpg,none,0.0,,,0.9071
aihub_raw/surface/Surface_1/Surface_124/MP_SEL_SUR_009526.jpg,none,0.0,,,0.9794
aihub_raw/surface/Surface_1/Surface_124/MP_SEL_SUR_009527.jpg,none,0.0,,,0.9255
aihub_raw/surface/Surface_1/Surface_124/MP_SEL_SUR_009528.jpg,none,0.0,,,0.9458
aihub_raw/surface/Surface_1/Surface_124/MP_SEL_SUR_009529.jpg,none,0.0,,,1.0
aihub_raw/surface/Surface_1/Surface_124/MP_SEL_SUR_009530.jpg,none,0.0,,,0.9976
aihub_raw/surface/Surface_1/Surface_124/MP_SEL_SUR_009531.jpg,none,0.0,,,0.9639
aihub_raw/surface/Surface_1/Surface_124/MP_SEL_SUR_009532.jpg,none,0.0,,,0.0
aihub_raw/surface/Surface_1/Surface_124/MP_SEL_SUR_009533.jpg,none,0.0,,,0.9494
aihub_raw/surface/Surface_1/Surface_124/MP_SEL_SUR_009534.jpg,none,0.0,,,1.0
aihub_raw/surface/Surface_1/Surface_124/MP_SEL_SUR_009535.jpg,none,0.0,,,0.997
aihub_raw/surface/Surface_1/Surface_124/MP_SEL_SUR_009536.jpg,none,0.0,,,0.0021
aihub_raw/surface/Surface_1/Surface_124/MP_SEL_SUR_009537.jpg,none,0.0,,,0.0
aihub_raw/surface/Surface_1/Surface_124/MP_SEL_SUR_009538.jpg,none,0.0,,,1.0
aihub_raw/surface/Surface_1/Surface_124/MP_SEL_SUR_009539.jpg,none,0.0,,,0.6354
aihub_raw/surface/Surface_1/Surface_124/MP_SEL_SUR_009540.jpg,none,0.0,,,0.0
aihub_raw/surface/Surface_1/Surface_124/MP_SEL_SUR_009541.jpg,none,0.0,,,0.973
aihub_raw/surface/Surface_1/Surface_124/MP_SEL_SUR_009542.jpg,none,0.0,,,0.0
aihub_raw/surface/Surface_1/Surface_124/MP_SEL_SUR_009543.jpg,none,0.0,,,0.0463
aihub_raw/surface/Surface_1/Surface_124/MP_SEL_SUR_009544.jpg,none,0.0,,,0.9477
aihub_raw/surface/Surface_1/Surface_124/MP_SEL_SUR_009545.jpg,none,0.0,,,0.8418
aihub_raw/surface/Surface_1/Surface_124/MP_SEL_SUR_009546.jpg,none,0.0,,,0.8192
aihub_raw/surface/Surface_1/Surface_124/MP_SEL_SUR_009547.jpg,none,0.0,,,0.0951
aihub_raw/surface/Surface_1/Surface_124/MP_SEL_SUR_009548.jpg,none,0.0,,,0.5504
aihub_raw/surface/Surface_1/Surface_124/MP_SEL_SUR_009549.jpg,none,0.0,,,1.0
aihub_raw/surface/Surface_1/Surface_124/MP_SEL_SUR_009550.jpg,none,0.0,,,0.4186
aihub_raw/surface/Surface_1/Surface_124/MP_SEL_SUR_009551.jpg,none,0.0,,,0.0
aihub_raw/surface/Surface_1/Surface_124/MP_SEL_SUR_009552.jpg,none,0.0,,,0.9336
aihub_raw/surface/Surface_1/Surface_124/MP_SEL_SUR_009553.jpg,none,0.0,,,1.0
aihub_raw/surface/Surface_1/Surface_124/MP_SEL_SUR_009554.jpg,none,0.0,,,0.9934
aihub_raw/surface/Surface_1/Surface_124/MP_SEL_SUR_009555.jpg,none,0.0,,,0.6022
aihub_raw/surface/Surface_1/Surface_124/MP_SEL_SUR_009556.jpg,none,0.0,,,0.0
aihub_raw/surface/Surface_1/Surface_124/MP_SEL_SUR_009557.jpg,none,0.0,,,0.9514
aihub_raw/surface/Surface_1/Surface_124/MP_SEL_SUR_009558.jpg,none,0.0,,,0.0
aihub_raw/surface/Surface_1/Surface_124/MP_SEL_SUR_009559.jpg,none,0.0,,,0.9749
aihub_raw/surface/Surface_1/Surface_124/MP_SEL_SUR_009560.jpg,none,0.0,,,0.0
aihub_raw/surface/Surface_1/Surface_124/MP_SEL_SUR_009561.jpg,none_far,0.0308,0.081,0.252,0.7658
aihub_raw/surface/Surface_1/Surface_124/MP_SEL_SUR_009562.jpg,none,0.0,,,0.6385
aihub_raw/surface/Surface_1/Surface_124/MP_SEL_SUR_009563.jpg,none,0.0,,,0.9243
aihub_raw/surface/Surface_1/Surface_124/MP_SEL_SUR_009564.jpg,none,0.0,,,0.9988
aihub_raw/surface/Surface_1/Surface_124/MP_SEL_SUR_009565.jpg,none,0.0,,,0.9622
aihub_raw/surface/Surface_1/Surface_124/MP_SEL_SUR_009566.jpg,none,0.0,,,0.3744
aihub_raw/surface/Surface_1/Surface_124/MP_SEL_SUR_009567.jpg,none,0.0,,,0.9875
aihub_raw/surface/Surface_1/Surface_124/MP_SEL_SUR_009568.jpg,none,0.0,,,0.0
aihub_raw/surface/Surface_1/Surface_124/MP_SEL_SUR_009569.jpg,none,0.0,,,0.95
aihub_raw/surface/Surface_1/Surface_124/MP_SEL_SUR_009570.jpg,none,0.0,,,0.9701
aihub_raw/surface/Surface_1/Surface_124/MP_SEL_SUR_009571.jpg,none_far,0.0363,0.0,0.148,0.8448
aihub_raw/surface/Surface_1/Surface_124/MP_SEL_SUR_009572.jpg,none,0.0,,,1.0
aihub_raw/surface/Surface_1/Surface_124/MP_SEL_SUR_009573.jpg,none,0.0,,,1.0
aihub_raw/surface/Surface_1/Surface_124/MP_SEL_SUR_009574.jpg,none_far,0.173,0.078,0.367,0.6569
aihub_raw/surface/Surface_1/Surface_125/MP_SEL_SUR_009575.jpg,none,0.0,,,0.991
aihub_raw/surface/Surface_1/Surface_125/MP_SEL_SUR_009576.jpg,none,0.0,,,0.9989
aihub_raw/surface/Surface_1/Surface_125/MP_SEL_SUR_009577.jpg,none,0.0,,,0.846
aihub_raw/surface/Surface_1/Surface_125/MP_SEL_SUR_009578.jpg,none,0.0,,,0.7044
aihub_raw/surface/Surface_1/Surface_125/MP_SEL_SUR_009579.jpg,none,0.0,,,0.0001
aihub_raw/surface/Surface_1/Surface_125/MP_SEL_SUR_009580.jpg,none,0.0,,,0.4361
aihub_raw/surface/Surface_1/Surface_125/MP_SEL_SUR_009581.jpg,none,0.0,,,0.7904
aihub_raw/surface/Surface_1/Surface_125/MP_SEL_SUR_009582.jpg,approach,0.8448,0.0,0.941,0.1424
aihub_raw/surface/Surface_1/Surface_125/MP_SEL_SUR_009583.jpg,none,0.0,,,0.9968
aihub_raw/surface/Surface_1/Surface_125/MP_SEL_SUR_009584.jpg,none,0.0,,,0.0
aihub_raw/surface/Surface_1/Surface_125/MP_SEL_SUR_009585.jpg,none,0.0,,,0.0
aihub_raw/surface/Surface_1/Surface_125/MP_SEL_SUR_009586.jpg,none,0.0,,,0.9766
aihub_raw/surface/Surface_1/Surface_125/MP_SEL_SUR_009587.jpg,on,0.988,0.0,1.0,0.003
aihub_raw/surface/Surface_1/Surface_125/MP_SEL_SUR_009588.jpg,none,0.0,,,0.0
aihub_raw/surface/Surface_1/Surface_125/MP_SEL_SUR_009589.jpg,none,0.0,,,0.8539
aihub_raw/surface/Surface_1/Surface_125/MP_SEL_SUR_009590.jpg,none,0.0,,,0.8857
aihub_raw/surface/Surface_1/Surface_125/MP_SEL_SUR_009591.jpg,none,0.0,,,0.9876
aihub_raw/surface/Surface_1/Surface_125/MP_SEL_SUR_009592.jpg,none,0.0,,,0.0
aihub_raw/surface/Surface_1/Surface_125/MP_SEL_SUR_009593.jpg,none,0.0,,,0.8251
aihub_raw/surface/Surface_1/Surface_125/MP_SEL_SUR_009594.jpg,none,0.0,,,0.8061
aihub_raw/surface/Surface_1/Surface_125/MP_SEL_SUR_009595.jpg,none,0.0,,,0.9468
aihub_raw/surface/Surface_1/Surface_125/MP_SEL_SUR_009596.jpg,none,0.0,,,0.7567
aihub_raw/surface/Surface_1/Surface_125/MP_SEL_SUR_009597.jpg,none,0.0,,,0.9883
aihub_raw/surface/Surface_1/Surface_125/MP_SEL_SUR_009598.jpg,none,0.0,,,0.01
aihub_raw/surface/Surface_1/Surface_125/MP_SEL_SUR_009599.jpg,none,0.0,,,0.8778
aihub_raw/surface/Surface_1/Surface_125/MP_SEL_SUR_009600.jpg,none,0.0,,,0.0
aihub_raw/surface/Surface_1/Surface_125/MP_SEL_SUR_009601.jpg,none,0.0,,,0.322
aihub_raw/surface/Surface_1/Surface_125/MP_SEL_SUR_009602.jpg,none,0.0,,,0.8306
aihub_raw/surface/Surface_1/Surface_125/MP_SEL_SUR_009603.jpg,none,0.0,,,0.0
aihub_raw/surface/Surface_1/Surface_125/MP_SEL_SUR_009604.jpg,none,0.0,,,0.0
aihub_raw/surface/Surface_1/Surface_125/MP_SEL_SUR_009605.jpg,none,0.0,,,0.0
aihub_raw/surface/Surface_1/Surface_125/MP_SEL_SUR_009606.jpg,none,0.0,,,1.0
aihub_raw/surface/Surface_1/Surface_125/MP_SEL_SUR_009607.jpg,none,0.0,,,0.8968
aihub_raw/surface/Surface_1/Surface_125/MP_SEL_SUR_009608.jpg,none,0.0,,,0.4457
aihub_raw/surface/Surface_1/Surface_125/MP_SEL_SUR_009609.jpg,none,0.0,,,0.9702
aihub_raw/surface/Surface_1/Surface_125/MP_SEL_SUR_009610.jpg,none,0.0,,,0.9799
aihub_raw/surface/Surface_1/Surface_125/MP_SEL_SUR_009611.jpg,none,0.0,,,0.0
aihub_raw/surface/Surface_1/Surface_125/MP_SEL_SUR_009612.jpg,none,0.0,,,0.9868
aihub_raw/surface/Surface_1/Surface_125/MP_SEL_SUR_009613.jpg,none,0.0,,,0.7406
aihub_raw/surface/Surface_1/Surface_125/MP_SEL_SUR_009614.jpg,none,0.0,,,0.4327
aihub_raw/surface/Surface_1/Surface_125/MP_SEL_SUR_009615.jpg,none,0.0,,,1.0
aihub_raw/surface/Surface_1/Surface_125/MP_SEL_SUR_009616.jpg,none,0.0,,,0.7505
aihub_raw/surface/Surface_1/Surface_125/MP_SEL_SUR_009617.jpg,none,0.0,,,0.8264
aihub_raw/surface/Surface_1/Surface_125/MP_SEL_SUR_009618.jpg,none,0.0,,,0.9486
aihub_raw/surface/Surface_1/Surface_125/MP_SEL_SUR_009619.jpg,none,0.0,,,0.9354
aihub_raw/surface/Surface_1/Surface_125/MP_SEL_SUR_009620.jpg,none,0.0,,,0.7512
aihub_raw/surface/Surface_1/Surface_125/MP_SEL_SUR_009621.jpg,none,0.0,,,0.9739
aihub_raw/surface/Surface_1/Surface_125/MP_SEL_SUR_009622.jpg,none,0.0,,,0.9142
aihub_raw/surface/Surface_1/Surface_125/MP_SEL_SUR_009623.jpg,none,0.0,,,0.7404
aihub_raw/surface/Surface_1/Surface_125/MP_SEL_SUR_009624.jpg,none,0.0,,,0.9877
aihub_raw/surface/Surface_1/Surface_126/MP_SEL_SUR_009625.jpg,none,0.0,,,1.0
aihub_raw/surface/Surface_1/Surface_126/MP_SEL_SUR_009626.jpg,none,0.0,,,0.8849
aihub_raw/surface/Surface_1/Surface_126/MP_SEL_SUR_009627.jpg,none,0.0,,,0.0
aihub_raw/surface/Surface_1/Surface_126/MP_SEL_SUR_009628.jpg,none,0.0,,,0.9165
aihub_raw/surface/Surface_1/Surface_126/MP_SEL_SUR_009629.jpg,none,0.0,,,0.612
aihub_raw/surface/Surface_1/Surface_126/MP_SEL_SUR_009630.jpg,none,0.0,,,0.9589
aihub_raw/surface/Surface_1/Surface_126/MP_SEL_SUR_009631.jpg,none,0.0,,,0.0
aihub_raw/surface/Surface_1/Surface_126/MP_SEL_SUR_009632.jpg,none,0.0,,,0.8111
aihub_raw/surface/Surface_1/Surface_126/MP_SEL_SUR_009633.jpg,none,0.0,,,0.0
aihub_raw/surface/Surface_1/Surface_126/MP_SEL_SUR_009634.jpg,none,0.0,,,0.8723
aihub_raw/surface/Surface_1/Surface_126/MP_SEL_SUR_009635.jpg,none,0.0,,,0.6618
aihub_raw/surface/Surface_1/Surface_126/MP_SEL_SUR_009636.jpg,none,0.0,,,0.8781
aihub_raw/surface/Surface_1/Surface_126/MP_SEL_SUR_009637.jpg,none,0.0,,,0.7951
aihub_raw/surface/Surface_1/Surface_126/MP_SEL_SUR_009638.jpg,none_far,0.301,0.0,0.385,0.635
aihub_raw/surface/Surface_1/Surface_126/MP_SEL_SUR_009639.jpg,none,0.0,,,0.9627
aihub_raw/surface/Surface_1/Surface_126/MP_SEL_SUR_009641.jpg,none_far,0.0084,0.0,0.056,0.9183
aihub_raw/surface/Surface_1/Surface_126/MP_SEL_SUR_009642.jpg,none,0.0,,,1.0
aihub_raw/surface/Surface_1/Surface_126/MP_SEL_SUR_009643.jpg,none,0.0,,,0.0
aihub_raw/surface/Surface_1/Surface_126/MP_SEL_SUR_009644.jpg,none,0.0,,,0.8416
aihub_raw/surface/Surface_1/Surface_126/MP_SEL_SUR_009645.jpg,none,0.0,,,0.8327
aihub_raw/surface/Surface_1/Surface_126/MP_SEL_SUR_009646.jpg,none,0.0,,,0.7075
aihub_raw/surface/Surface_1/Surface_126/MP_SEL_SUR_009647.jpg,none,0.0,,,0.997
aihub_raw/surface/Surface_1/Surface_126/MP_SEL_SUR_009648.jpg,none,0.0,,,0.6659
aihub_raw/surface/Surface_1/Surface_126/MP_SEL_SUR_009649.jpg,none,0.0,,,0.0
aihub_raw/surface/Surface_1/Surface_126/MP_SEL_SUR_009650.jpg,none,0.0,,,0.0
aihub_raw/surface/Surface_1/Surface_126/MP_SEL_SUR_009651.jpg,none,0.0,,,1.0
aihub_raw/surface/Surface_1/Surface_126/MP_SEL_SUR_009652.jpg,none,0.0,,,0.9232
aihub_raw/surface/Surface_1/Surface_126/MP_SEL_SUR_009654.jpg,none,0.0,,,0.9925
aihub_raw/surface/Surface_1/Surface_126/MP_SEL_SUR_009655.jpg,none,0.0,,,0.6311
aihub_raw/surface/Surface_1/Surface_126/MP_SEL_SUR_009656.jpg,none,0.0,,,1.0
aihub_raw/surface/Surface_1/Surface_126/MP_SEL_SUR_009657.jpg,none,0.0,,,0.6753
aihub_raw/surface/Surface_1/Surface_126/MP_SEL_SUR_009658.jpg,none,0.0,,,0.4676
aihub_raw/surface/Surface_1/Surface_126/MP_SEL_SUR_009659.jpg,none,0.0,,,0.0
aihub_raw/surface/Surface_1/Surface_126/MP_SEL_SUR_009660.jpg,none,0.0,,,0.9445
aihub_raw/surface/Surface_1/Surface_126/MP_SEL_SUR_009661.jpg,none,0.0,,,0.6342
aihub_raw/surface/Surface_1/Surface_126/MP_SEL_SUR_009662.jpg,none,0.0,,,0.8894
aihub_raw/surface/Surface_1/Surface_126/MP_SEL_SUR_009663.jpg,none,0.0,,,0.3564
aihub_raw/surface/Surface_1/Surface_126/MP_SEL_SUR_009664.jpg,none_far,0.0036,0.044,0.059,0.7368
aihub_raw/surface/Surface_1/Surface_126/MP_SEL_SUR_009665.jpg,none,0.0,,,0.9034
aihub_raw/surface/Surface_1/Surface_126/MP_SEL_SUR_009666.jpg,none,0.0,,,1.0
aihub_raw/surface/Surface_1/Surface_126/MP_SEL_SUR_009667.jpg,none,0.0,,,0.7496
aihub_raw/surface/Surface_1/Surface_126/MP_SEL_SUR_009668.jpg,none,0.0,,,0.9941
aihub_raw/surface/Surface_1/Surface_126/MP_SEL_SUR_009669.jpg,none,0.0,,,0.9463
aihub_raw/surface/Surface_1/Surface_126/MP_SEL_SUR_009670.jpg,none,0.0,,,0.9989
aihub_raw/surface/Surface_1/Surface_126/MP_SEL_SUR_009671.jpg,none,0.0,,,0.9532
aihub_raw/surface/Surface_1/Surface_126/MP_SEL_SUR_009672.jpg,none,0.0,,,1.0
aihub_raw/surface/Surface_1/Surface_126/MP_SEL_SUR_009673.jpg,none,0.0,,,0.9261
aihub_raw/surface/Surface_1/Surface_126/MP_SEL_SUR_009674.jpg,none,0.0,,,0.0
aihub_raw/surface/Surface_1/Surface_126/MP_SEL_SUR_009675.jpg,none,0.0,,,0.0
aihub_raw/surface/Surface_1/Surface_127/MP_SEL_SUR_009676.jpg,none,0.0,,,0.8918
aihub_raw/surface/Surface_1/Surface_127/MP_SEL_SUR_009677.jpg,none,0.0,,,0.8426
aihub_raw/surface/Surface_1/Surface_127/MP_SEL_SUR_009678.jpg,none,0.0,,,1.0
aihub_raw/surface/Surface_1/Surface_127/MP_SEL_SUR_009679.jpg,none,0.0,,,0.6877
aihub_raw/surface/Surface_1/Surface_127/MP_SEL_SUR_009680.jpg,none,0.0,,,0.9195
aihub_raw/surface/Surface_1/Surface_127/MP_SEL_SUR_009681.jpg,none,0.0,,,0.1529
aihub_raw/surface/Surface_1/Surface_127/MP_SEL_SUR_009682.jpg,none,0.0,,,0.9352
aihub_raw/surface/Surface_1/Surface_127/MP_SEL_SUR_009683.jpg,none,0.0,,,0.8972
aihub_raw/surface/Surface_1/Surface_127/MP_SEL_SUR_009684.jpg,none,0.0,,,0.0
aihub_raw/surface/Surface_1/Surface_127/MP_SEL_SUR_009685.jpg,none,0.0,,,0.5084
aihub_raw/surface/Surface_1/Surface_127/MP_SEL_SUR_009686.jpg,none,0.0,,,0.7796
aihub_raw/surface/Surface_1/Surface_127/MP_SEL_SUR_009687.jpg,none,0.0,,,0.9822
aihub_raw/surface/Surface_1/Surface_127/MP_SEL_SUR_009688.jpg,none,0.0,,,0.0
aihub_raw/surface/Surface_1/Surface_127/MP_SEL_SUR_009689.jpg,none,0.0,,,0.1925
aihub_raw/surface/Surface_1/Surface_127/MP_SEL_SUR_009690.jpg,none,0.0,,,0.0
aihub_raw/surface/Surface_1/Surface_127/MP_SEL_SUR_009691.jpg,approach,0.6262,0.0,0.648,0.3733
aihub_raw/surface/Surface_1/Surface_127/MP_SEL_SUR_009692.jpg,none,0.0,,,0.8634
aihub_raw/surface/Surface_1/Surface_127/MP_SEL_SUR_009693.jpg,none,0.0,,,0.7798
aihub_raw/surface/Surface_1/Surface_127/MP_SEL_SUR_009694.jpg,none,0.0,,,0.9793
aihub_raw/surface/Surface_1/Surface_127/MP_SEL_SUR_009695.jpg,none,0.0,,,0.6602
aihub_raw/surface/Surface_1/Surface_127/MP_SEL_SUR_009697.jpg,none,0.0,,,0.7865
aihub_raw/surface/Surface_1/Surface_127/MP_SEL_SUR_009698.jpg,none,0.0,,,1.0
aihub_raw/surface/Surface_1/Surface_127/MP_SEL_SUR_009699.jpg,none,0.0,,,0.9882
aihub_raw/surface/Surface_1/Surface_127/MP_SEL_SUR_009700.jpg,none,0.0,,,0.9464
aihub_raw/surface/Surface_1/Surface_127/MP_SEL_SUR_009701.jpg,none,0.0,,,0.0
aihub_raw/surface/Surface_1/Surface_127/MP_SEL_SUR_009703.jpg,none,0.0,,,0.9904
aihub_raw/surface/Surface_1/Surface_127/MP_SEL_SUR_009704.jpg,none,0.0,,,0.9877
aihub_raw/surface/Surface_1/Surface_127/MP_SEL_SUR_009705.jpg,none,0.0,,,0.8779
aihub_raw/surface/Surface_1/Surface_127/MP_SEL_SUR_009706.jpg,none,0.0,,,0.0
aihub_raw/surface/Surface_1/Surface_127/MP_SEL_SUR_009707.jpg,none,0.0,,,0.8092
aihub_raw/surface/Surface_1/Surface_127/MP_SEL_SUR_009708.jpg,none,0.0,,,0.7184
aihub_raw/surface/Surface_1/Surface_127/MP_SEL_SUR_009709.jpg,none,0.0,,,0.0
aihub_raw/surface/Surface_1/Surface_127/MP_SEL_SUR_009710.jpg,none,0.0,,,0.8758
aihub_raw/surface/Surface_1/Surface_127/MP_SEL_SUR_009711.jpg,none_far,0.001,0.004,0.026,0.7965
aihub_raw/surface/Surface_1/Surface_127/MP_SEL_SUR_009712.jpg,none,0.0,,,0.9031
aihub_raw/surface/Surface_1/Surface_127/MP_SEL_SUR_009713.jpg,none,0.0,,,0.0
aihub_raw/surface/Surface_1/Surface_127/MP_SEL_SUR_009714.jpg,none,0.0,,,0.8466
aihub_raw/surface/Surface_1/Surface_127/MP_SEL_SUR_009715.jpg,none,0.0,,,0.0178
aihub_raw/surface/Surface_1/Surface_127/MP_SEL_SUR_009716.jpg,none,0.0,,,0.9171
aihub_raw/surface/Surface_1/Surface_127/MP_SEL_SUR_009717.jpg,none,0.0,,,1.0
aihub_raw/surface/Surface_1/Surface_127/MP_SEL_SUR_009718.jpg,none,0.0,,,0.98
aihub_raw/surface/Surface_1/Surface_127/MP_SEL_SUR_009719.jpg,none,0.0,,,0.4137
aihub_raw/surface/Surface_1/Surface_127/MP_SEL_SUR_009720.jpg,none,0.0,,,0.7422
aihub_raw/surface/Surface_1/Surface_127/MP_SEL_SUR_009722.jpg,none,0.0,,,0.8383
aihub_raw/surface/Surface_1/Surface_127/MP_SEL_SUR_009723.jpg,none,0.0,,,0.998
aihub_raw/surface/Surface_1/Surface_127/MP_SEL_SUR_009724.jpg,none,0.0,,,0.9809
aihub_raw/surface/Surface_1/Surface_127/MP_SEL_SUR_009725.jpg,none,0.0,,,0.9833
aihub_raw/surface/Surface_1/Surface_127/MP_SEL_SUR_009726.jpg,none_far,0.0092,0.0,0.03,0.8333
aihub_raw/surface/Surface_1/Surface_128/MP_SEL_SUR_009727.jpg,none,0.0,,,0.949
aihub_raw/surface/Surface_1/Surface_128/MP_SEL_SUR_009728.jpg,none,0.0,,,0.0
aihub_raw/surface/Surface_1/Surface_128/MP_SEL_SUR_009729.jpg,none,0.0,,,0.9506
aihub_raw/surface/Surface_1/Surface_128/MP_SEL_SUR_009730.jpg,none,0.0,,,1.0
aihub_raw/surface/Surface_1/Surface_128/MP_SEL_SUR_009731.jpg,none,0.0,,,0.0
aihub_raw/surface/Surface_1/Surface_128/MP_SEL_SUR_009732.jpg,none,0.0,,,0.9909
aihub_raw/surface/Surface_1/Surface_128/MP_SEL_SUR_009733.jpg,none,0.0,,,0.0
aihub_raw/surface/Surface_1/Surface_128/MP_SEL_SUR_009734.jpg,none,0.0,,,0.9581
aihub_raw/surface/Surface_1/Surface_128/MP_SEL_SUR_009735.jpg,none,0.0,,,0.0
aihub_raw/surface/Surface_1/Surface_128/MP_SEL_SUR_009736.jpg,none,0.0,,,0.8331
aihub_raw/surface/Surface_1/Surface_128/MP_SEL_SUR_009737.jpg,none,0.0,,,0.8213
aihub_raw/surface/Surface_1/Surface_128/MP_SEL_SUR_009738.jpg,none,0.0,,,0.0
aihub_raw/surface/Surface_1/Surface_128/MP_SEL_SUR_009739.jpg,none,0.0,,,0.3037
aihub_raw/surface/Surface_1/Surface_128/MP_SEL_SUR_009740.jpg,none,0.0,,,0.8448
aihub_raw/surface/Surface_1/Surface_128/MP_SEL_SUR_009741.jpg,none,0.0,,,0.9443
aihub_raw/surface/Surface_1/Surface_128/MP_SEL_SUR_009742.jpg,none,0.0,,,0.0
aihub_raw/surface/Surface_1/Surface_128/MP_SEL_SUR_009743.jpg,none,0.0,,,1.0
aihub_raw/surface/Surface_1/Surface_128/MP_SEL_SUR_009744.jpg,none,0.0,,,0.0098
aihub_raw/surface/Surface_1/Surface_128/MP_SEL_SUR_009745.jpg,none,0.0,,,0.7606
aihub_raw/surface/Surface_1/Surface_128/MP_SEL_SUR_009746.jpg,none,0.0,,,0.5866
aihub_raw/surface/Surface_1/Surface_128/MP_SEL_SUR_009748.jpg,none,0.0,,,0.8695
aihub_raw/surface/Surface_1/Surface_128/MP_SEL_SUR_009749.jpg,none,0.0,,,0.9344
aihub_raw/surface/Surface_1/Surface_128/MP_SEL_SUR_009750.jpg,none,0.0,,,0.0
aihub_raw/surface/Surface_1/Surface_128/MP_SEL_SUR_009751.jpg,none,0.0,,,0.1337
aihub_raw/surface/Surface_1/Surface_128/MP_SEL_SUR_009752.jpg,none,0.0,,,0.9855
aihub_raw/surface/Surface_1/Surface_128/MP_SEL_SUR_009753.jpg,none,0.0,,,0.0
aihub_raw/surface/Surface_1/Surface_128/MP_SEL_SUR_009754.jpg,none,0.0,,,0.9367
aihub_raw/surface/Surface_1/Surface_128/MP_SEL_SUR_009755.jpg,none,0.0,,,0.9994
aihub_raw/surface/Surface_1/Surface_128/MP_SEL_SUR_009756.jpg,none,0.0,,,0.8975
aihub_raw/surface/Surface_1/Surface_128/MP_SEL_SUR_009757.jpg,none,0.0,,,0.9451
aihub_raw/surface/Surface_1/Surface_128/MP_SEL_SUR_009758.jpg,none,0.0,,,0.8837
aihub_raw/surface/Surface_1/Surface_128/MP_SEL_SUR_009759.jpg,none,0.0,,,0.8032
aihub_raw/surface/Surface_1/Surface_128/MP_SEL_SUR_009760.jpg,none,0.0,,,0.0
aihub_raw/surface/Surface_1/Surface_128/MP_SEL_SUR_009762.jpg,none,0.0,,,0.5077
aihub_raw/surface/Surface_1/Surface_128/MP_SEL_SUR_009763.jpg,none,0.0,,,0.0
aihub_raw/surface/Surface_1/Surface_128/MP_SEL_SUR_009764.jpg,none,0.0,,,0.9122
aihub_raw/surface/Surface_1/Surface_128/MP_SEL_SUR_009765.jpg,none,0.0,,,0.8613
aihub_raw/surface/Surface_1/Surface_128/MP_SEL_SUR_009766.jpg,none,0.0,,,0.9863
aihub_raw/surface/Surface_1/Surface_128/MP_SEL_SUR_009768.jpg,none,0.0,,,0.9589
aihub_raw/surface/Surface_1/Surface_128/MP_SEL_SUR_009769.jpg,approach,0.6813,0.0,0.759,0.2622
aihub_raw/surface/Surface_1/Surface_128/MP_SEL_SUR_009770.jpg,none,0.0,,,0.7297
aihub_raw/surface/Surface_1/Surface_128/MP_SEL_SUR_009771.jpg,none,0.0,,,1.0
aihub_raw/surface/Surface_1/Surface_128/MP_SEL_SUR_009772.jpg,none,0.0,,,0.0
aihub_raw/surface/Surface_1/Surface_128/MP_SEL_SUR_009773.jpg,none,0.0,,,0.9611
aihub_raw/surface/Surface_1/Surface_128/MP_SEL_SUR_009774.jpg,none,0.0,,,0.8725
aihub_raw/surface/Surface_1/Surface_128/MP_SEL_SUR_009775.jpg,none,0.0,,,0.9898
aihub_raw/surface/Surface_1/Surface_128/MP_SEL_SUR_009776.jpg,none,0.0,,,0.0
aihub_raw/surface/Surface_1/Surface_129/MP_SEL_SUR_009777.jpg,none,0.0,,,0.0
aihub_raw/surface/Surface_1/Surface_129/MP_SEL_SUR_009779.jpg,none,0.0,,,0.0372
aihub_raw/surface/Surface_1/Surface_129/MP_SEL_SUR_009780.jpg,none,0.0,,,0.0018
aihub_raw/surface/Surface_1/Surface_129/MP_SEL_SUR_009781.jpg,none,0.0,,,0.0
aihub_raw/surface/Surface_1/Surface_129/MP_SEL_SUR_009782.jpg,none,0.0,,,0.0
aihub_raw/surface/Surface_1/Surface_129/MP_SEL_SUR_009783.jpg,none,0.0,,,0.0085
aihub_raw/surface/Surface_1/Surface_129/MP_SEL_SUR_009784.jpg,none,0.0,,,0.0006
aihub_raw/surface/Surface_1/Surface_129/MP_SEL_SUR_009785.jpg,none,0.0,,,0.9189
aihub_raw/surface/Surface_1/Surface_129/MP_SEL_SUR_009786.jpg,on,0.9999,0.0,1.0,0.0
aihub_raw/surface/Surface_1/Surface_129/MP_SEL_SUR_009787.jpg,none,0.0,,,0.9334
aihub_raw/surface/Surface_1/Surface_129/MP_SEL_SUR_009788.jpg,none,0.0,,,0.9996
aihub_raw/surface/Surface_1/Surface_129/MP_SEL_SUR_009789.jpg,none,0.0,,,0.9434
aihub_raw/surface/Surface_1/Surface_129/MP_SEL_SUR_009790.jpg,none,0.0,,,0.8404
aihub_raw/surface/Surface_1/Surface_129/MP_SEL_SUR_009791.jpg,none,0.0,,,0.0
aihub_raw/surface/Surface_1/Surface_129/MP_SEL_SUR_009792.jpg,none,0.0,,,0.8678
aihub_raw/surface/Surface_1/Surface_129/MP_SEL_SUR_009793.jpg,none,0.0,,,0.8226
aihub_raw/surface/Surface_1/Surface_129/MP_SEL_SUR_009794.jpg,none,0.0,,,0.0
aihub_raw/surface/Surface_1/Surface_129/MP_SEL_SUR_009795.jpg,none,0.0,,,0.7003
aihub_raw/surface/Surface_1/Surface_129/MP_SEL_SUR_009796.jpg,none,0.0,,,0.9711
aihub_raw/surface/Surface_1/Surface_129/MP_SEL_SUR_009797.jpg,none,0.0,,,0.5773
aihub_raw/surface/Surface_1/Surface_129/MP_SEL_SUR_009798.jpg,none,0.0,,,0.9272
aihub_raw/surface/Surface_1/Surface_129/MP_SEL_SUR_009799.jpg,none,0.0,,,0.9651
aihub_raw/surface/Surface_1/Surface_129/MP_SEL_SUR_009800.jpg,none,0.0,,,0.8893
aihub_raw/surface/Surface_1/Surface_129/MP_SEL_SUR_009801.jpg,none,0.0,,,0.8423
aihub_raw/surface/Surface_1/Surface_129/MP_SEL_SUR_009802.jpg,none,0.0,,,0.17
aihub_raw/surface/Surface_1/Surface_129/MP_SEL_SUR_009803.jpg,none,0.0,,,0.9978
aihub_raw/surface/Surface_1/Surface_129/MP_SEL_SUR_009804.jpg,none,0.0,,,0.5285
aihub_raw/surface/Surface_1/Surface_129/MP_SEL_SUR_009805.jpg,none,0.0,,,0.9138
aihub_raw/surface/Surface_1/Surface_129/MP_SEL_SUR_009806.jpg,none,0.0,,,0.0
aihub_raw/surface/Surface_1/Surface_129/MP_SEL_SUR_009807.jpg,none,0.0,,,0.9941
aihub_raw/surface/Surface_1/Surface_129/MP_SEL_SUR_009808.jpg,none,0.0,,,0.0489
aihub_raw/surface/Surface_1/Surface_129/MP_SEL_SUR_009809.jpg,none,0.0,,,0.0
aihub_raw/surface/Surface_1/Surface_129/MP_SEL_SUR_009811.jpg,none,0.0,,,0.9837
aihub_raw/surface/Surface_1/Surface_129/MP_SEL_SUR_009812.jpg,none,0.0,,,0.7693
aihub_raw/surface/Surface_1/Surface_129/MP_SEL_SUR_009813.jpg,none,0.0,,,0.0015
aihub_raw/surface/Surface_1/Surface_129/MP_SEL_SUR_009814.jpg,none,0.0,,,0.9503
aihub_raw/surface/Surface_1/Surface_129/MP_SEL_SUR_009815.jpg,none,0.0,,,0.7815
aihub_raw/surface/Surface_1/Surface_129/MP_SEL_SUR_009816.jpg,none,0.0,,,1.0
aihub_raw/surface/Surface_1/Surface_129/MP_SEL_SUR_009817.jpg,none,0.0,,,0.0
aihub_raw/surface/Surface_1/Surface_129/MP_SEL_SUR_009818.jpg,none,0.0,,,0.9785
aihub_raw/surface/Surface_1/Surface_129/MP_SEL_SUR_009819.jpg,none,0.0,,,1.0
aihub_raw/surface/Surface_1/Surface_129/MP_SEL_SUR_009820.jpg,none,0.0,,,0.9376
aihub_raw/surface/Surface_1/Surface_129/MP_SEL_SUR_009821.jpg,none,0.0,,,0.0
aihub_raw/surface/Surface_1/Surface_129/MP_SEL_SUR_009822.jpg,none_far,0.0403,0.078,0.385,0.9161
aihub_raw/surface/Surface_1/Surface_129/MP_SEL_SUR_009823.jpg,none,0.0,,,0.0
aihub_raw/surface/Surface_1/Surface_129/MP_SEL_SUR_009824.jpg,none,0.0,,,0.9806
aihub_raw/surface/Surface_1/Surface_129/MP_SEL_SUR_009825.jpg,none,0.0,,,0.0565
aihub_raw/surface/Surface_1/Surface_129/MP_SEL_SUR_009826.jpg,none,0.0,,,0.0
aihub_raw/surface/Surface_1/Surface_129/MP_SEL_SUR_009827.jpg,none,0.0,,,0.8906
aihub_raw/surface/Surface_1/Surface_129/MP_SEL_SUR_009828.jpg,none,0.0,,,0.7852
aihub_raw/surface/Surface_1/Surface_130/MP_SEL_SUR_009829.jpg,none,0.0,,,0.0
aihub_raw/surface/Surface_1/Surface_130/MP_SEL_SUR_009830.jpg,none,0.0,,,0.9816
aihub_raw/surface/Surface_1/Surface_130/MP_SEL_SUR_009831.jpg,none,0.0,,,0.9955
aihub_raw/surface/Surface_1/Surface_130/MP_SEL_SUR_009832.jpg,none,0.0,,,0.7941
aihub_raw/surface/Surface_1/Surface_130/MP_SEL_SUR_009833.jpg,none,0.0,,,0.9851
aihub_raw/surface/Surface_1/Surface_130/MP_SEL_SUR_009834.jpg,none,0.0,,,0.7627
aihub_raw/surface/Surface_1/Surface_130/MP_SEL_SUR_009835.jpg,none,0.0,,,0.0718
aihub_raw/surface/Surface_1/Surface_130/MP_SEL_SUR_009836.jpg,none,0.0,,,0.0
aihub_raw/surface/Surface_1/Surface_130/MP_SEL_SUR_009837.jpg,none,0.0,,,0.4379
aihub_raw/surface/Surface_1/Surface_130/MP_SEL_SUR_009838.jpg,none,0.0,,,0.8581
aihub_raw/surface/Surface_1/Surface_130/MP_SEL_SUR_009839.jpg,none,0.0,,,0.8933
aihub_raw/surface/Surface_1/Surface_130/MP_SEL_SUR_009840.jpg,none,0.0,,,0.9559
aihub_raw/surface/Surface_1/Surface_130/MP_SEL_SUR_009841.jpg,none,0.0,,,0.95
aihub_raw/surface/Surface_1/Surface_130/MP_SEL_SUR_009842.jpg,none,0.0,,,0.6114
aihub_raw/surface/Surface_1/Surface_130/MP_SEL_SUR_009843.jpg,none,0.0,,,0.9182
aihub_raw/surface/Surface_1/Surface_130/MP_SEL_SUR_009844.jpg,none,0.0,,,1.0
aihub_raw/surface/Surface_1/Surface_130/MP_SEL_SUR_009845.jpg,none,0.0,,,0.8289
aihub_raw/surface/Surface_1/Surface_130/MP_SEL_SUR_009846.jpg,none,0.0,,,0.9747
aihub_raw/surface/Surface_1/Surface_130/MP_SEL_SUR_009847.jpg,none,0.0,,,0.842
aihub_raw/surface/Surface_1/Surface_130/MP_SEL_SUR_009848.jpg,none,0.0,,,0.4636
aihub_raw/surface/Surface_1/Surface_130/MP_SEL_SUR_009849.jpg,none,0.0,,,0.0
aihub_raw/surface/Surface_1/Surface_130/MP_SEL_SUR_009850.jpg,none,0.0,,,0.0
aihub_raw/surface/Surface_1/Surface_130/MP_SEL_SUR_009851.jpg,none,0.0,,,0.8516
aihub_raw/surface/Surface_1/Surface_130/MP_SEL_SUR_009852.jpg,none,0.0,,,0.8448
aihub_raw/surface/Surface_1/Surface_130/MP_SEL_SUR_009853.jpg,none_far,0.0637,0.0,0.148,0.7909
aihub_raw/surface/Surface_1/Surface_130/MP_SEL_SUR_009854.jpg,none,0.0,,,0.8891
aihub_raw/surface/Surface_1/Surface_130/MP_SEL_SUR_009855.jpg,none,0.0,,,0.9547
aihub_raw/surface/Surface_1/Surface_130/MP_SEL_SUR_009856.jpg,none,0.0,,,0.0
aihub_raw/surface/Surface_1/Surface_130/MP_SEL_SUR_009857.jpg,none,0.0,,,0.0006
aihub_raw/surface/Surface_1/Surface_130/MP_SEL_SUR_009858.jpg,none,0.0,,,0.8877
aihub_raw/surface/Surface_1/Surface_130/MP_SEL_SUR_009860.jpg,none,0.0,,,0.0886
aihub_raw/surface/Surface_1/Surface_130/MP_SEL_SUR_009861.jpg,none,0.0,,,0.9016
aihub_raw/surface/Surface_1/Surface_130/MP_SEL_SUR_009862.jpg,none_far,0.1017,0.0,0.252,0.722
aihub_raw/surface/Surface_1/Surface_130/MP_SEL_SUR_009863.jpg,none,0.0,,,0.8996
aihub_raw/surface/Surface_1/Surface_130/MP_SEL_SUR_009864.jpg,none,0.0,,,0.8166
aihub_raw/surface/Surface_1/Surface_130/MP_SEL_SUR_009865.jpg,none,0.0,,,0.3426
aihub_raw/surface/Surface_1/Surface_130/MP_SEL_SUR_009866.jpg,none,0.0,,,0.0666
aihub_raw/surface/Surface_1/Surface_130/MP_SEL_SUR_009867.jpg,none,0.0,,,0.8296
aihub_raw/surface/Surface_1/Surface_130/MP_SEL_SUR_009868.jpg,none,0.0,,,0.477
aihub_raw/surface/Surface_1/Surface_130/MP_SEL_SUR_009870.jpg,none,0.0,,,0.0441
aihub_raw/surface/Surface_1/Surface_130/MP_SEL_SUR_009871.jpg,none,0.0,,,0.7792
aihub_raw/surface/Surface_1/Surface_130/MP_SEL_SUR_009873.jpg,none,0.0,,,0.0
aihub_raw/surface/Surface_1/Surface_130/MP_SEL_SUR_009874.jpg,none,0.0,,,0.7639
aihub_raw/surface/Surface_1/Surface_130/MP_SEL_SUR_009875.jpg,none,0.0,,,0.9701
aihub_raw/surface/Surface_1/Surface_130/MP_SEL_SUR_009876.jpg,none,0.0,,,0.8595
aihub_raw/surface/Surface_1/Surface_130/MP_SEL_SUR_009877.jpg,none,0.0,,,0.824
aihub_raw/surface/Surface_1/Surface_130/MP_SEL_SUR_009878.jpg,none,0.0,,,0.9605
aihub_raw/surface/Surface_1/Surface_130/MP_SEL_SUR_009879.jpg,none,0.0,,,0.9089
aihub_raw/surface/Surface_1/Surface_130/MP_SEL_SUR_009880.jpg,none,0.0,,,0.9402
